group	term	x	n	K	N	fold	p	q	representative	group_fallback
A-LTMR.TAC3	RISC Complex Assembly (GO:0070922)	6	468	6	3592	7.675	4.757e-06	4.068e-03	1	0
A-LTMR.TAC3	Regulation of Response to External Stimulus (GO:0032101)	16	468	37	3592	3.319	4.992e-06	4.068e-03	1	0
A-LTMR.TAC3	miRNA Processing (GO:0035196)	8	468	12	3592	5.117	2.405e-05	1.207e-02	0	0
A-LTMR.TAC3	pre-miRNA Processing (GO:0031054)	6	468	7	3592	6.579	2.962e-05	1.207e-02	0	0
A-LTMR.TAC3	Canonical NF-kappaB Signal Transduction (GO:0007249)	11	468	24	3592	3.518	8.268e-05	2.695e-02	1	0
A-LTMR.TAC3	Regulation of p38MAPK Cascade (GO:1900744)	8	468	14	3592	4.386	1.147e-04	2.903e-02	1	0
A-LTMR.TAC3	MyD88-independent Toll-Like Receptor Signaling Pathway (GO:0002756)	5	468	6	3592	6.396	1.973e-04	2.903e-02	1	0
A-LTMR.TAC3	TRIF-dependent Toll-Like Receptor Signaling Pathway (GO:0035666)	5	468	6	3592	6.396	1.973e-04	2.903e-02	0	0
A-LTMR.TAC3	Regulation of Defense Response (GO:0031347)	11	468	26	3592	3.247	2.001e-04	2.903e-02	0	0
A-LTMR.TAC3	Peptidyl-Serine Modification (GO:0018209)	14	468	39	3592	2.755	2.248e-04	2.903e-02	0	0
A-LTMR.TAC3	Regulation of DNA-templated Transcription (GO:0006355)	87	468	475	3592	1.406	2.625e-04	2.903e-02	0	0
A-LTMR.TAC3	Regulatory ncRNA-mediated Gene Silencing (GO:0031047)	7	468	12	3592	4.477	2.678e-04	2.903e-02	0	0
A-LTMR.TAC3	Protein Phosphorylation (GO:0006468)	37	468	161	3592	1.764	2.715e-04	2.903e-02	0	0
A-LTMR.TAC3	Intracellular Receptor Signaling Pathway (GO:0030522)	9	468	19	3592	3.636	2.763e-04	2.903e-02	0	0
A-LTMR.TAC3	Protein Deacetylation (GO:0006476)	6	468	9	3592	5.117	2.815e-04	2.903e-02	0	0
A-LTMR.TAC3	Positive Regulation of T-helper 17 Cell Differentiation (GO:2000321)	4	468	4	3592	7.675	2.850e-04	2.903e-02	0	0
A-LTMR.TAC3	Peptidyl-Serine Phosphorylation (GO:0018105)	14	468	40	3592	2.686	3.054e-04	2.928e-02	0	0
A-LTMR.TAC3	DNA Damage Response (GO:0006974)	30	468	123	3592	1.872	3.534e-04	2.973e-02	0	0
A-LTMR.TAC3	Cellular Response to Type I Interferon (GO:0071357)	8	468	16	3592	3.838	3.868e-04	2.973e-02	0	0
A-LTMR.TAC3	Positive Regulation of Protein Import Into Nucleus (GO:0042307)	8	468	16	3592	3.838	3.868e-04	2.973e-02	0	0
A-LTMR.TAC3	Type I Interferon-Mediated Signaling Pathway (GO:0060337)	8	468	16	3592	3.838	3.868e-04	2.973e-02	0	0
A-LTMR.TAC3	Inflammatory Response (GO:0006954)	19	468	65	3592	2.244	4.012e-04	2.973e-02	0	0
A-LTMR.TAC3	Interferon-Mediated Signaling Pathway (GO:0140888)	9	468	20	3592	3.454	4.451e-04	3.023e-02	0	0
A-LTMR.TAC3	Negative Regulation of NF-kappaB Transcription Factor Activity (GO:0032088)	9	468	20	3592	3.454	4.451e-04	3.023e-02	0	0
A-LTMR.TAC3	RNA Metabolic Process (GO:0016070)	7	468	13	3592	4.133	5.156e-04	3.362e-02	0	0
A-LTMR.TAC3	Negative Regulation of DNA-binding Transcription Factor Activity (GO:0043433)	14	468	42	3592	2.558	5.425e-04	3.401e-02	0	0
A-LTMR.TAC3	Regulation of Integrin-Mediated Signaling Pathway (GO:2001044)	5	468	7	3592	5.482	6.166e-04	3.610e-02	0	0
A-LTMR.TAC3	Negative Regulation of Gene Expression. Epigenetic (GO:0045814)	11	468	29	3592	2.911	6.202e-04	3.610e-02	0	0
A-LTMR.TAC3	Cellular Response to Virus (GO:0098586)	8	468	17	3592	3.612	6.483e-04	3.644e-02	0	0
A-LTMR.TAC3	Cellular Response to Radiation (GO:0071478)	7	468	14	3592	3.838	9.165e-04	4.980e-02	0	0
A-LTMR.TAC3	Regulation of Gene Expression (GO:0010468)	64	468	341	3592	1.441	9.922e-04	5.115e-02	0	0
A-LTMR.TAC3	Toll-Like Receptor 4 Signaling Pathway (GO:0034142)	8	468	18	3592	3.411	1.036e-03	5.115e-02	0	0
A-LTMR.TAC3	Pattern Recognition Receptor Signaling Pathway (GO:0002221)	9	468	22	3592	3.140	1.036e-03	5.115e-02	0	0
A-LTMR.TAC3	Cellular Response to Lectin (GO:1990858)	6	468	11	3592	4.186	1.228e-03	5.479e-02	0	0
A-LTMR.TAC3	Stimulatory C-type Lectin Receptor Signaling Pathway (GO:0002223)	6	468	11	3592	4.186	1.228e-03	5.479e-02	0	0
A-LTMR.TAC3	Peroxisome Proliferator Activated Receptor Signaling Pathway (GO:0035357)	4	468	5	3592	6.140	1.277e-03	5.479e-02	0	0
A-LTMR.TAC3	Positive Regulation of Ion Transmembrane Transporter Activity (GO:0032414)	4	468	5	3592	6.140	1.277e-03	5.479e-02	0	0
A-LTMR.TAC3	Positive Regulation of T-helper 17 Type Immune Response (GO:2000318)	4	468	5	3592	6.140	1.277e-03	5.479e-02	0	0
A-LTMR.TAC3	Negative Regulation of Lipid Biosynthetic Process (GO:0051055)	5	468	8	3592	4.797	1.469e-03	5.929e-02	0	0
A-LTMR.TAC3	snRNA Metabolic Process (GO:0016073)	5	468	8	3592	4.797	1.469e-03	5.929e-02	0	0
A-LTMR.TAC3	Regulation of Protein Import Into Nucleus (GO:0042306)	9	468	23	3592	3.003	1.508e-03	5.929e-02	0	0
A-LTMR.TAC3	Fc-epsilon Receptor Signaling Pathway (GO:0038095)	7	468	15	3592	3.582	1.528e-03	5.929e-02	0	0
A-LTMR.TAC3	Regulation of Cell-Matrix Adhesion (GO:0001952)	11	468	32	3592	2.638	1.603e-03	6.075e-02	0	0
A-LTMR.TAC3	Protein Autoubiquitination (GO:0051865)	10	468	28	3592	2.741	1.875e-03	6.518e-02	0	0
A-LTMR.TAC3	Signal Transduction in Response to DNA Damage (GO:0042770)	10	468	28	3592	2.741	1.875e-03	6.518e-02	0	0
A-LTMR.TAC3	MAPK Cascade (GO:0000165)	15	468	52	3592	2.214	1.876e-03	6.518e-02	0	0
A-LTMR.TAC3	Innate Immune Response Activating Cell Surface Receptor Signaling Pathway (GO:0002220)	6	468	12	3592	3.838	2.188e-03	6.518e-02	0	0
A-LTMR.TAC3	Negative Regulation of miRNA Metabolic Process (GO:2000629)	6	468	12	3592	3.838	2.188e-03	6.518e-02	0	0
A-LTMR.TAC3	Negative Regulation of miRNA Transcription (GO:1902894)	6	468	12	3592	3.838	2.188e-03	6.518e-02	0	0
A-LTMR.TAC3	Stress-Activated Protein Kinase Signaling Cascade (GO:0031098)	6	468	12	3592	3.838	2.188e-03	6.518e-02	0	0
A-LTMR.TAC3	DNA Conformation Change (GO:0071103)	3	468	3	3592	7.675	2.199e-03	6.518e-02	0	0
A-LTMR.TAC3	Positive Regulation of Integrin-Mediated Signaling Pathway (GO:2001046)	3	468	3	3592	7.675	2.199e-03	6.518e-02	0	0
A-LTMR.TAC3	Regulation of Striated Muscle Cell Differentiation (GO:0051153)	3	468	3	3592	7.675	2.199e-03	6.518e-02	0	0
A-LTMR.TAC3	Regulation of T-helper 17 Cell Differentiation (GO:2000319)	3	468	3	3592	7.675	2.199e-03	6.518e-02	0	0
A-LTMR.TAC3	miRNA-mediated Gene Silencing by mRNA Destabilization (GO:0035279)	3	468	3	3592	7.675	2.199e-03	6.518e-02	0	0
A-LTMR.TAC3	Regulation of Glycolytic Process (GO:0006110)	8	468	20	3592	3.070	2.349e-03	6.672e-02	0	0
A-LTMR.TAC3	Response to Ionizing Radiation (GO:0010212)	8	468	20	3592	3.070	2.349e-03	6.672e-02	0	0
A-LTMR.TAC3	Fc Receptor Signaling Pathway (GO:0038093)	7	468	16	3592	3.358	2.415e-03	6.672e-02	0	0
A-LTMR.TAC3	Negative Regulation of Intracellular Steroid Hormone Receptor Signaling Pathway (GO:0033144)	7	468	16	3592	3.358	2.415e-03	6.672e-02	0	0
A-LTMR.TAC3	Regulation of Tumor Necrosis Factor Production (GO:0032680)	13	468	44	3592	2.268	2.947e-03	7.437e-02	0	0
A-LTMR.TAC3	Mitotic G2/M Transition Checkpoint (GO:0044818)	5	468	9	3592	4.264	2.952e-03	7.437e-02	0	0
A-LTMR.TAC3	Post-Transcriptional Gene Silencing (GO:0016441)	5	468	9	3592	4.264	2.952e-03	7.437e-02	0	0
A-LTMR.TAC3	Regulation of Myotube Differentiation (GO:0010830)	5	468	9	3592	4.264	2.952e-03	7.437e-02	0	0
A-LTMR.TAC3	Epigenetic Regulation of Gene Expression (GO:0040029)	9	468	25	3592	2.763	2.966e-03	7.437e-02	0	0
A-LTMR.TAC3	Positive Regulation of Nucleocytoplasmic Transport (GO:0046824)	9	468	25	3592	2.763	2.966e-03	7.437e-02	0	0
A-LTMR.TAC3	Positive Regulation of DNA-templated Transcription (GO:0045893)	67	468	377	3592	1.364	3.286e-03	7.572e-02	0	0
A-LTMR.TAC3	Regulation of Type I Interferon Production (GO:0032479)	10	468	30	3592	2.558	3.370e-03	7.572e-02	0	0
A-LTMR.TAC3	Regulation of Cytokine Production Involved in Inflammatory Response (GO:1900015)	8	468	21	3592	2.924	3.370e-03	7.572e-02	0	0
A-LTMR.TAC3	Negative Regulation of Fatty Acid Metabolic Process (GO:0045922)	4	468	6	3592	5.117	3.438e-03	7.572e-02	0	0
A-LTMR.TAC3	Negative Regulation of Sodium Ion Transmembrane Transport (GO:1902306)	4	468	6	3592	5.117	3.438e-03	7.572e-02	0	0
A-LTMR.TAC3	Positive Regulation of Cation Transmembrane Transport (GO:1904064)	4	468	6	3592	5.117	3.438e-03	7.572e-02	0	0
A-LTMR.TAC3	Positive Regulation of p38MAPK Cascade (GO:1900745)	4	468	6	3592	5.117	3.438e-03	7.572e-02	0	0
A-LTMR.TAC3	Regulation of DNA Damage Checkpoint (GO:2000001)	4	468	6	3592	5.117	3.438e-03	7.572e-02	0	0
A-LTMR.TAC3	snRNA Processing (GO:0016180)	4	468	6	3592	5.117	3.438e-03	7.572e-02	0	0
A-LTMR.TAC3	Cytoplasmic Pattern Recognition Receptor Signaling Pathway (GO:0002753)	7	468	17	3592	3.160	3.652e-03	7.801e-02	0	0
A-LTMR.TAC3	Toll-Like Receptor Signaling Pathway (GO:0002224)	7	468	17	3592	3.160	3.652e-03	7.801e-02	0	0
A-LTMR.TAC3	Negative Regulation of Gene Expression (GO:0010629)	29	468	135	3592	1.649	3.685e-03	7.801e-02	0	0
A-LTMR.TAC3	Cellular Response to Ionizing Radiation (GO:0071479)	8	468	22	3592	2.791	4.705e-03	9.832e-02	0	0
A-LTMR.TAC3	Regulation of Gluconeogenesis (GO:0006111)	5	468	10	3592	3.838	5.278e-03	1.057e-01	0	0
A-LTMR.TAC3	Regulatory ncRNA Processing (GO:0070918)	5	468	10	3592	3.838	5.278e-03	1.057e-01	0	0
A-LTMR.TAC3	Stress-Activated MAPK Cascade (GO:0051403)	5	468	10	3592	3.838	5.278e-03	1.057e-01	0	0
A-LTMR.TAC3	Cell Surface Toll-Like Receptor Signaling Pathway (GO:0140895)	7	468	18	3592	2.985	5.316e-03	1.057e-01	0	0
A-LTMR.TAC3	Negative Regulation of Cytokine Production (GO:0001818)	16	468	63	3592	1.949	5.499e-03	1.080e-01	0	0
A-LTMR.TAC3	Positive Regulation of Cytokine Production (GO:0001819)	23	468	103	3592	1.714	5.675e-03	1.101e-01	0	0
A-LTMR.TAC3	Positive Regulation of Transcription by RNA Polymerase II (GO:0045944)	50	468	273	3592	1.406	6.032e-03	1.157e-01	0	0
A-LTMR.TAC3	Regulation of Immune Response (GO:0050776)	8	468	23	3592	2.670	6.409e-03	1.215e-01	0	0
A-LTMR.TAC3	Calcium Ion Transmembrane Import Into Cytosol (GO:0097553)	9	468	28	3592	2.467	7.003e-03	1.275e-01	0	0
A-LTMR.TAC3	Early Endosome to Golgi Transport (GO:0034498)	4	468	7	3592	4.386	7.199e-03	1.275e-01	0	0
A-LTMR.TAC3	Negative Regulation of Fatty Acid Biosynthetic Process (GO:0045717)	4	468	7	3592	4.386	7.199e-03	1.275e-01	0	0
A-LTMR.TAC3	Regulation of Oxidative Stress-Induced Neuron Intrinsic Apoptotic Signaling Pathway (GO:1903376)	4	468	7	3592	4.386	7.199e-03	1.275e-01	0	0
A-LTMR.TAC3	miRNA-mediated Post-Transcriptional Gene Silencing (GO:0035195)	4	468	7	3592	4.386	7.199e-03	1.275e-01	0	0
A-LTMR.TAC3	p38MAPK Cascade (GO:0038066)	4	468	7	3592	4.386	7.199e-03	1.275e-01	0	0
A-LTMR.TAC3	mRNA Transcription (GO:0009299)	7	468	19	3592	2.828	7.492e-03	1.282e-01	0	0
A-LTMR.TAC3	Interleukin-12-Mediated Signaling Pathway (GO:0035722)	3	468	4	3592	5.756	7.943e-03	1.282e-01	0	0
A-LTMR.TAC3	Ketone Biosynthetic Process (GO:0042181)	3	468	4	3592	5.756	7.943e-03	1.282e-01	0	0
A-LTMR.TAC3	Negative Regulation of Myotube Differentiation (GO:0010832)	3	468	4	3592	5.756	7.943e-03	1.282e-01	0	0
A-LTMR.TAC3	Positive Regulation of Embryonic Development (GO:0040019)	3	468	4	3592	5.756	7.943e-03	1.282e-01	0	0
A-LTMR.TAC3	Positive Regulation of Striated Muscle Cell Differentiation (GO:0051155)	3	468	4	3592	5.756	7.943e-03	1.282e-01	0	0
A-LTMR.TAC3	Positive Regulation of T-helper Cell Differentiation (GO:0045624)	3	468	4	3592	5.756	7.943e-03	1.282e-01	0	0
A-LTMR.TAC3	Regulation of Cell Cycle Checkpoint (GO:1901976)	3	468	4	3592	5.756	7.943e-03	1.282e-01	0	0
A-LTMR.TAC3	Regulation of Retrograde Transport. Endosome to Golgi (GO:1905279)	3	468	4	3592	5.756	7.943e-03	1.282e-01	0	0
A-LTMR.TAC3	Positive Regulation of Ubiquitin-Dependent Protein Catabolic Process (GO:2000060)	13	468	49	3592	2.036	8.069e-03	1.289e-01	0	0
A-LTMR.TAC3	Negative Regulation of Carbohydrate Metabolic Process (GO:0045912)	6	468	15	3592	3.070	8.398e-03	1.294e-01	0	0
A-LTMR.TAC3	Negative Regulation of Sequestering of Calcium Ion (GO:0051283)	6	468	15	3592	3.070	8.398e-03	1.294e-01	0	0
A-LTMR.TAC3	Regulation of Lipid Storage (GO:0010883)	6	468	15	3592	3.070	8.398e-03	1.294e-01	0	0
A-LTMR.TAC3	Non-Motile Cilium Assembly (GO:1905515)	5	468	11	3592	3.489	8.653e-03	1.294e-01	0	0
A-LTMR.TAC3	Protein Deacylation (GO:0035601)	5	468	11	3592	3.489	8.653e-03	1.294e-01	0	0
A-LTMR.TAC3	Protein Localization to Cell Surface (GO:0034394)	5	468	11	3592	3.489	8.653e-03	1.294e-01	0	0
A-LTMR.TAC3	Regulation of Response to Biotic Stimulus (GO:0002831)	5	468	11	3592	3.489	8.653e-03	1.294e-01	0	0
A-LTMR.TAC3	Negative Regulation of MAPK Cascade (GO:0043409)	16	468	66	3592	1.861	8.853e-03	1.306e-01	0	0
A-LTMR.TAC3	Positive Regulation of Proteasomal Ubiquitin-Dependent Protein Catabolic Process (GO:0032436)	11	468	39	3592	2.165	8.891e-03	1.306e-01	0	0
A-LTMR.TAC3	Regulation of Protein Binding (GO:0043393)	10	468	34	3592	2.257	9.084e-03	1.322e-01	0	0
A-LTMR.TAC3	Intracellular Signaling Cassette (GO:0141124)	28	468	138	3592	1.557	9.716e-03	1.402e-01	0	0
A-LTMR.TAC3	Positive Regulation of Intracellular Protein Transport (GO:0090316)	10	468	35	3592	2.193	1.128e-02	1.613e-01	0	0
A-LTMR.TAC3	Positive Regulation of Canonical NF-kappaB Signal Transduction (GO:0043123)	22	468	103	3592	1.639	1.154e-02	1.626e-01	0	0
A-LTMR.TAC3	Cell-Substrate Junction Assembly (GO:0007044)	6	468	16	3592	2.878	1.199e-02	1.626e-01	0	0
A-LTMR.TAC3	Negative Regulation of Oxidative Stress-Induced Intrinsic Apoptotic Signaling Pathway (GO:1902176)	6	468	16	3592	2.878	1.199e-02	1.626e-01	0	0
A-LTMR.TAC3	Nuclear Receptor-Mediated Signaling Pathway (GO:0141193)	6	468	16	3592	2.878	1.199e-02	1.626e-01	0	0
A-LTMR.TAC3	Release of Sequestered Calcium Ion Into Cytosol (GO:0051209)	6	468	16	3592	2.878	1.199e-02	1.626e-01	0	0
A-LTMR.TAC3	Mitotic G2 DNA Damage Checkpoint Signaling (GO:0007095)	4	468	8	3592	3.838	1.293e-02	1.626e-01	0	0
A-LTMR.TAC3	Negative Regulation of Cellular Senescence (GO:2000773)	4	468	8	3592	3.838	1.293e-02	1.626e-01	0	0
A-LTMR.TAC3	Negative Regulation of Defense Response to Virus (GO:0050687)	4	468	8	3592	3.838	1.293e-02	1.626e-01	0	0
A-LTMR.TAC3	Negative Regulation of Glycolytic Process (GO:0045820)	4	468	8	3592	3.838	1.293e-02	1.626e-01	0	0
A-LTMR.TAC3	Negative Regulation of Purine Nucleotide Catabolic Process (GO:0033122)	4	468	8	3592	3.838	1.293e-02	1.626e-01	0	0
A-LTMR.TAC3	Positive Regulation of Muscle Cell Differentiation (GO:0051149)	4	468	8	3592	3.838	1.293e-02	1.626e-01	0	0
A-LTMR.TAC3	Regulation of Muscle Cell Differentiation (GO:0051147)	4	468	8	3592	3.838	1.293e-02	1.626e-01	0	0
A-LTMR.TAC3	Regulation of Natural Killer Cell Mediated Cytotoxicity (GO:0042269)	4	468	8	3592	3.838	1.293e-02	1.626e-01	0	0
A-LTMR.TAC3	Retinoic Acid Receptor Signaling Pathway (GO:0048384)	4	468	8	3592	3.838	1.293e-02	1.626e-01	0	0
A-LTMR.TAC3	Calcium Ion Import (GO:0070509)	5	468	12	3592	3.198	1.327e-02	1.626e-01	0	0
A-LTMR.TAC3	Focal Adhesion Assembly (GO:0048041)	5	468	12	3592	3.198	1.327e-02	1.626e-01	0	0
A-LTMR.TAC3	Regulation of Calcium Ion Transmembrane Transport (GO:1903169)	5	468	12	3592	3.198	1.327e-02	1.626e-01	0	0
A-LTMR.TAC3	Vascular Endothelial Growth Factor Receptor Signaling Pathway (GO:0048010)	5	468	12	3592	3.198	1.327e-02	1.626e-01	0	0
A-LTMR.TAC3	mRNA Destabilization (GO:0061157)	5	468	12	3592	3.198	1.327e-02	1.626e-01	0	0
A-LTMR.TAC3	Regulation of Canonical NF-kappaB Signal Transduction (GO:0043122)	26	468	129	3592	1.547	1.358e-02	1.652e-01	0	0
A-LTMR.TAC3	Negative Regulation of DNA-templated Transcription (GO:0045892)	53	468	305	3592	1.334	1.376e-02	1.661e-01	0	0
A-LTMR.TAC3	Positive Regulation of Telomere Maintenance (GO:0032206)	8	468	26	3592	2.362	1.434e-02	1.707e-01	0	0
A-LTMR.TAC3	Regulation of Innate Immune Response (GO:0045088)	8	468	26	3592	2.362	1.434e-02	1.707e-01	0	0
A-LTMR.TAC3	Chromatin Remodeling (GO:0006338)	19	468	88	3592	1.657	1.630e-02	1.751e-01	0	0
A-LTMR.TAC3	Negative Regulation of Innate Immune Response (GO:0045824)	6	468	17	3592	2.709	1.653e-02	1.751e-01	0	0
A-LTMR.TAC3	Negative Regulation of Protein Binding (GO:0032091)	6	468	17	3592	2.709	1.653e-02	1.751e-01	0	0
A-LTMR.TAC3	Protein Polymerization (GO:0051258)	6	468	17	3592	2.709	1.653e-02	1.751e-01	0	0
A-LTMR.TAC3	mRNA Transcription by RNA Polymerase II (GO:0042789)	6	468	17	3592	2.709	1.653e-02	1.751e-01	0	0
A-LTMR.TAC3	Response to UV (GO:0009411)	10	468	37	3592	2.074	1.685e-02	1.751e-01	0	0
A-LTMR.TAC3	Phosphorylation (GO:0016310)	25	468	125	3592	1.535	1.685e-02	1.751e-01	0	0
A-LTMR.TAC3	Regulation of Cell Adhesion (GO:0030155)	12	468	48	3592	1.919	1.734e-02	1.751e-01	0	0
A-LTMR.TAC3	Inorganic Cation Import Across Plasma Membrane (GO:0098659)	9	468	32	3592	2.159	1.768e-02	1.751e-01	0	0
A-LTMR.TAC3	Positive Regulation of Tumor Necrosis Factor Production (GO:0032760)	9	468	32	3592	2.159	1.768e-02	1.751e-01	0	0
A-LTMR.TAC3	Positive Regulation of Tumor Necrosis Factor Superfamily Cytokine Production (GO:1903557)	9	468	32	3592	2.159	1.768e-02	1.751e-01	0	0
A-LTMR.TAC3	Regulation of G Protein-Coupled Receptor Signaling Pathway (GO:0008277)	9	468	32	3592	2.159	1.768e-02	1.751e-01	0	0
A-LTMR.TAC3	Cellular Response to Interleukin-12 (GO:0071349)	3	468	5	3592	4.605	1.794e-02	1.751e-01	0	0
A-LTMR.TAC3	Negative Regulation of G2/M Transition of Mitotic Cell Cycle (GO:0010972)	3	468	5	3592	4.605	1.794e-02	1.751e-01	0	0
A-LTMR.TAC3	Negative Regulation of Gluconeogenesis (GO:0045721)	3	468	5	3592	4.605	1.794e-02	1.751e-01	0	0
A-LTMR.TAC3	Negative Regulation of Nuclear Receptor-Mediated Glucocorticoid Signaling Pathway (GO:2000323)	3	468	5	3592	4.605	1.794e-02	1.751e-01	0	0
A-LTMR.TAC3	Negative Regulation of Sodium Ion Transport (GO:0010766)	3	468	5	3592	4.605	1.794e-02	1.751e-01	0	0
A-LTMR.TAC3	Positive Regulation of Adipose Tissue Development (GO:1904179)	3	468	5	3592	4.605	1.794e-02	1.751e-01	0	0
A-LTMR.TAC3	Positive Regulation of Leukocyte Apoptotic Process (GO:2000108)	3	468	5	3592	4.605	1.794e-02	1.751e-01	0	0
A-LTMR.TAC3	Positive Regulation of MHC Class II Biosynthetic Process (GO:0045348)	3	468	5	3592	4.605	1.794e-02	1.751e-01	0	0
A-LTMR.TAC3	Regulation of ER to Golgi Vesicle-Mediated Transport (GO:0060628)	3	468	5	3592	4.605	1.794e-02	1.751e-01	0	0
A-LTMR.TAC3	Regulation of Nitric Oxide Metabolic Process (GO:0080164)	3	468	5	3592	4.605	1.794e-02	1.751e-01	0	0
A-LTMR.TAC3	Regulation of Nuclear Receptor-Mediated Glucocorticoid Signaling Pathway (GO:2000322)	3	468	5	3592	4.605	1.794e-02	1.751e-01	0	0
A-LTMR.TAC3	Regulation of Pattern Recognition Receptor Signaling Pathway (GO:0062207)	3	468	5	3592	4.605	1.794e-02	1.751e-01	0	0
A-LTMR.TAC3	Regulation of Synaptic Vesicle Recycling (GO:1903421)	3	468	5	3592	4.605	1.794e-02	1.751e-01	0	0
A-LTMR.TAC3	Regulation of Transforming Growth Factor Beta Production (GO:0071634)	3	468	5	3592	4.605	1.794e-02	1.751e-01	0	0
A-LTMR.TAC3	Regulation of miRNA Metabolic Process (GO:2000628)	3	468	5	3592	4.605	1.794e-02	1.751e-01	0	0
A-LTMR.TAC3	Toll-Like Receptor 3 Signaling Pathway (GO:0034138)	3	468	5	3592	4.605	1.794e-02	1.751e-01	0	0
A-LTMR.TAC3	White Fat Cell Differentiation (GO:0050872)	3	468	5	3592	4.605	1.794e-02	1.751e-01	0	0
A-LTMR.TAC3	miRNA-mediated Gene Silencing by Inhibition of Translation (GO:0035278)	3	468	5	3592	4.605	1.794e-02	1.751e-01	0	0
A-LTMR.TAC3	Positive Regulation of Carbohydrate Metabolic Process (GO:0045913)	5	468	13	3592	2.952	1.930e-02	1.851e-01	0	0
A-LTMR.TAC3	Post-Transcriptional Regulation of Gene Expression (GO:0010608)	5	468	13	3592	2.952	1.930e-02	1.851e-01	0	0
A-LTMR.TAC3	Regulation of Sodium Ion Transmembrane Transport (GO:1902305)	5	468	13	3592	2.952	1.930e-02	1.851e-01	0	0
A-LTMR.TAC3	Regulation of Intracellular Signal Transduction (GO:1902531)	21	468	102	3592	1.580	2.007e-02	1.883e-01	0	0
A-LTMR.TAC3	Negative Regulation of Transcription by RNA Polymerase II (GO:0000122)	40	468	224	3592	1.371	2.022e-02	1.883e-01	0	0
A-LTMR.TAC3	Negative Regulation of Intracellular Signal Transduction (GO:1902532)	25	468	127	3592	1.511	2.036e-02	1.883e-01	0	0
A-LTMR.TAC3	Positive Regulation of RNA Biosynthetic Process (GO:1902680)	34	468	185	3592	1.411	2.088e-02	1.883e-01	0	0
A-LTMR.TAC3	Calcium Ion Import Across Plasma Membrane (GO:0098703)	4	468	9	3592	3.411	2.091e-02	1.883e-01	0	0
A-LTMR.TAC3	Calcium Ion Import Into Cytosol (GO:1902656)	4	468	9	3592	3.411	2.091e-02	1.883e-01	0	0
A-LTMR.TAC3	Negative Regulation of ATP Metabolic Process (GO:1903579)	4	468	9	3592	3.411	2.091e-02	1.883e-01	0	0
A-LTMR.TAC3	Negative Regulation of Small Molecule Metabolic Process (GO:0062014)	4	468	9	3592	3.411	2.091e-02	1.883e-01	0	0
A-LTMR.TAC3	Positive Regulation of Cholesterol Efflux (GO:0010875)	4	468	9	3592	3.411	2.091e-02	1.883e-01	0	0
A-LTMR.TAC3	Positive Regulation of Interleukin-12 Production (GO:0032735)	4	468	9	3592	3.411	2.091e-02	1.883e-01	0	0
A-LTMR.TAC3	Regulation of Defense Response to Virus (GO:0050688)	4	468	9	3592	3.411	2.091e-02	1.883e-01	0	0
A-LTMR.TAC3	Positive Regulation of Intracellular Signal Transduction (GO:1902533)	46	468	265	3592	1.332	2.151e-02	1.926e-01	0	0
A-LTMR.TAC3	Negative Regulation of Type I Interferon Production (GO:0032480)	6	468	18	3592	2.558	2.214e-02	1.972e-01	0	0
A-LTMR.TAC3	Fat Cell Differentiation (GO:0045444)	7	468	23	3592	2.336	2.294e-02	2.021e-01	0	0
A-LTMR.TAC3	Peptidyl-Threonine Phosphorylation (GO:0018107)	7	468	23	3592	2.336	2.294e-02	2.021e-01	0	0
A-LTMR.TAC3	Positive Regulation of Macromolecule Biosynthetic Process (GO:0010557)	26	468	135	3592	1.478	2.368e-02	2.076e-01	0	0
A-LTMR.TAC3	Retrograde Transport. Endosome to Golgi (GO:0042147)	10	468	39	3592	1.968	2.422e-02	2.111e-01	0	0
A-LTMR.TAC3	Positive Regulation of Proteasomal Protein Catabolic Process (GO:1901800)	13	468	56	3592	1.782	2.474e-02	2.145e-01	0	0
A-LTMR.TAC3	Negative Regulation of RNA Biosynthetic Process (GO:1902679)	29	468	155	3592	1.436	2.527e-02	2.180e-01	0	0
A-LTMR.TAC3	Positive Regulation of DNA-binding Transcription Factor Activity (GO:0051091)	16	468	74	3592	1.660	2.595e-02	2.213e-01	0	0
A-LTMR.TAC3	Peptidyl-Lysine Modification (GO:0018205)	9	468	34	3592	2.032	2.610e-02	2.213e-01	0	0
A-LTMR.TAC3	Regulation of Macromolecule Biosynthetic Process (GO:0010556)	11	468	45	3592	1.876	2.614e-02	2.213e-01	0	0
A-LTMR.TAC3	Intrinsic Apoptotic Signaling Pathway by P53 Class Mediator (GO:0072332)	5	468	14	3592	2.741	2.689e-02	2.213e-01	0	0
A-LTMR.TAC3	Negative Regulation of Tumor Necrosis Factor Production (GO:0032720)	5	468	14	3592	2.741	2.689e-02	2.213e-01	0	0
A-LTMR.TAC3	Non-Canonical NF-kappaB Signal Transduction (GO:0038061)	5	468	14	3592	2.741	2.689e-02	2.213e-01	0	0
A-LTMR.TAC3	Response to Light Stimulus (GO:0009416)	5	468	14	3592	2.741	2.689e-02	2.213e-01	0	0
A-LTMR.TAC3	Negative Regulation of Response to External Stimulus (GO:0032102)	12	468	51	3592	1.806	2.749e-02	2.213e-01	0	0
A-LTMR.TAC3	Positive Regulation of Gene Expression (GO:0010628)	30	468	163	3592	1.413	2.846e-02	2.213e-01	0	0
A-LTMR.TAC3	Cellular Response to Metal Ion (GO:0071248)	10	468	40	3592	1.919	2.867e-02	2.213e-01	0	0
A-LTMR.TAC3	Peptidyl-Threonine Modification (GO:0018210)	7	468	24	3592	2.239	2.886e-02	2.213e-01	0	0
A-LTMR.TAC3	Regulation of Hydrolase Activity (GO:0051336)	7	468	24	3592	2.239	2.886e-02	2.213e-01	0	0
A-LTMR.TAC3	Negative Regulation of Binding (GO:0051100)	6	468	19	3592	2.424	2.891e-02	2.213e-01	0	0
A-LTMR.TAC3	Positive Regulation of B Cell Activation (GO:0050871)	6	468	19	3592	2.424	2.891e-02	2.213e-01	0	0
A-LTMR.TAC3	Protein Destabilization (GO:0031648)	6	468	19	3592	2.424	2.891e-02	2.213e-01	0	0
A-LTMR.TAC3	Regulation of Interferon-Beta Production (GO:0032648)	6	468	19	3592	2.424	2.891e-02	2.213e-01	0	0
A-LTMR.TAC3	Regulation of Wound Healing (GO:0061041)	6	468	19	3592	2.424	2.891e-02	2.213e-01	0	0
A-LTMR.TAC3	Signal Transduction by P53 Class Mediator (GO:0072331)	6	468	19	3592	2.424	2.891e-02	2.213e-01	0	0
A-LTMR.TAC3	Actin Filament Polymerization (GO:0030041)	4	468	10	3592	3.070	3.133e-02	2.213e-01	0	0
A-LTMR.TAC3	Astrocyte Development (GO:0014002)	4	468	10	3592	3.070	3.133e-02	2.213e-01	0	0
A-LTMR.TAC3	DNA Damage Checkpoint Signaling (GO:0000077)	4	468	10	3592	3.070	3.133e-02	2.213e-01	0	0
A-LTMR.TAC3	DNA Integrity Checkpoint Signaling (GO:0031570)	4	468	10	3592	3.070	3.133e-02	2.213e-01	0	0
A-LTMR.TAC3	MyD88-dependent Toll-Like Receptor Signaling Pathway (GO:0002755)	4	468	10	3592	3.070	3.133e-02	2.213e-01	0	0
A-LTMR.TAC3	Negative Regulation of Cation Transmembrane Transport (GO:1904063)	4	468	10	3592	3.070	3.133e-02	2.213e-01	0	0
A-LTMR.TAC3	Positive Regulation of Catalytic Activity (GO:0043085)	4	468	10	3592	3.070	3.133e-02	2.213e-01	0	0
A-LTMR.TAC3	Positive Regulation of Cholesterol Transport (GO:0032376)	4	468	10	3592	3.070	3.133e-02	2.213e-01	0	0
A-LTMR.TAC3	Regulation of Cellular Response to Heat (GO:1900034)	4	468	10	3592	3.070	3.133e-02	2.213e-01	0	0
A-LTMR.TAC3	Regulation of Cytoplasmic Pattern Recognition Receptor Signaling Pathway (GO:0039531)	4	468	10	3592	3.070	3.133e-02	2.213e-01	0	0
A-LTMR.TAC3	Regulation of Establishment or Maintenance of Cell Polarity (GO:0032878)	4	468	10	3592	3.070	3.133e-02	2.213e-01	0	0
A-LTMR.TAC3	Regulation of Necroptotic Process (GO:0060544)	4	468	10	3592	3.070	3.133e-02	2.213e-01	0	0
A-LTMR.TAC3	Regulation of Sodium Ion Transmembrane Transporter Activity (GO:2000649)	4	468	10	3592	3.070	3.133e-02	2.213e-01	0	0
A-LTMR.TAC3	Regulation of Telomere Maintenance via Telomere Lengthening (GO:1904356)	4	468	10	3592	3.070	3.133e-02	2.213e-01	0	0
A-LTMR.TAC3	Negative Regulation of Macromolecule Biosynthetic Process (GO:0010558)	18	468	88	3592	1.570	3.189e-02	2.213e-01	0	0
A-LTMR.TAC3	- Reg of Oxidative Stress-Induced Neuron Intrinsic Apoptotic Sgnlng Pway (GO:1903377)	3	468	6	3592	3.838	3.244e-02	2.213e-01	0	0
A-LTMR.TAC3	Anterograde Synaptic Vesicle Transport (GO:0048490)	3	468	6	3592	3.838	3.244e-02	2.213e-01	0	0
A-LTMR.TAC3	Estrogen Receptor Signaling Pathway (GO:0030520)	3	468	6	3592	3.838	3.244e-02	2.213e-01	0	0
A-LTMR.TAC3	Negative Regulation of Ras Protein Signal Transduction (GO:0046580)	3	468	6	3592	3.838	3.244e-02	2.213e-01	0	0
A-LTMR.TAC3	Negative Regulation of Striated Muscle Cell Differentiation (GO:0051154)	3	468	6	3592	3.838	3.244e-02	2.213e-01	0	0
A-LTMR.TAC3	Positive Regulation of Type I Interferon-Mediated Signaling Pathway (GO:0060340)	3	468	6	3592	3.838	3.244e-02	2.213e-01	0	0
A-LTMR.TAC3	Protein K27-linked Ubiquitination (GO:0044314)	3	468	6	3592	3.838	3.244e-02	2.213e-01	0	0
A-LTMR.TAC3	Reelin-Mediated Signaling Pathway (GO:0038026)	3	468	6	3592	3.838	3.244e-02	2.213e-01	0	0
A-LTMR.TAC3	Reg of Calcium Ion Transmembrane Transport via High Voltage-Gated Calcium Channel (GO:1902514)	3	468	6	3592	3.838	3.244e-02	2.213e-01	0	0
A-LTMR.TAC3	Regulation of Fatty Acid Metabolic Process (GO:0019217)	3	468	6	3592	3.838	3.244e-02	2.213e-01	0	0
A-LTMR.TAC3	Regulation of Intrinsic Apoptotic Signaling Pathway by P53 Class Mediator (GO:1902253)	3	468	6	3592	3.838	3.244e-02	2.213e-01	0	0
A-LTMR.TAC3	Regulation of MHC Class II Biosynthetic Process (GO:0045346)	3	468	6	3592	3.838	3.244e-02	2.213e-01	0	0
A-LTMR.TAC3	Regulatory ncRNA-mediated Post-Transcriptional Gene Silencing (GO:0035194)	3	468	6	3592	3.838	3.244e-02	2.213e-01	0	0
A-LTMR.TAC3	Response to Angiotensin (GO:1990776)	3	468	6	3592	3.838	3.244e-02	2.213e-01	0	0
A-LTMR.TAC3	Synaptic Signaling (GO:0099536)	3	468	6	3592	3.838	3.244e-02	2.213e-01	0	0
A-LTMR.TAC3	Synaptic Vesicle Transport Along Microtubule (GO:0099517)	3	468	6	3592	3.838	3.244e-02	2.213e-01	0	0
A-LTMR.TAC3	snRNA 3'-End Processing (GO:0034472)	3	468	6	3592	3.838	3.244e-02	2.213e-01	0	0
A-LTMR.TAC3	Negative Regulation of Defense Response (GO:0031348)	10	468	41	3592	1.872	3.367e-02	2.277e-01	0	0
A-LTMR.TAC3	Positive Regulation of Protein Localization to Nucleus (GO:1900182)	10	468	41	3592	1.872	3.367e-02	2.277e-01	0	0
A-LTMR.TAC3	Regulation of Trans-Synaptic Signaling (GO:0099177)	7	468	25	3592	2.149	3.574e-02	2.345e-01	0	0
A-LTMR.TAC3	Interleukin-1-Mediated Signaling Pathway (GO:0070498)	5	468	15	3592	2.558	3.613e-02	2.345e-01	0	0
A-LTMR.TAC3	Mitotic DNA Damage Checkpoint Signaling (GO:0044773)	5	468	15	3592	2.558	3.613e-02	2.345e-01	0	0
A-LTMR.TAC3	Negative Regulation of JNK Cascade (GO:0046329)	5	468	15	3592	2.558	3.613e-02	2.345e-01	0	0
A-LTMR.TAC3	Negative Regulation of Tumor Necrosis Factor Superfamily Cytokine Production (GO:1903556)	5	468	15	3592	2.558	3.613e-02	2.345e-01	0	0
A-LTMR.TAC3	Potassium Ion Import Across Plasma Membrane (GO:1990573)	5	468	15	3592	2.558	3.613e-02	2.345e-01	0	0
A-LTMR.TAC3	RNA Export From Nucleus (GO:0006405)	5	468	15	3592	2.558	3.613e-02	2.345e-01	0	0
A-LTMR.TAC3	RNA Transport (GO:0050658)	5	468	15	3592	2.558	3.613e-02	2.345e-01	0	0
A-LTMR.TAC3	Regulation of Cellular Senescence (GO:2000772)	5	468	15	3592	2.558	3.613e-02	2.345e-01	0	0
A-LTMR.TAC3	Regulation of Chemotaxis (GO:0050920)	5	468	15	3592	2.558	3.613e-02	2.345e-01	0	0
A-LTMR.TAC3	Intrinsic Apoptotic Signaling Pathway in Response to DNA Damage (GO:0008630)	6	468	20	3592	2.303	3.690e-02	2.345e-01	0	0
A-LTMR.TAC3	Regulation of Cell-Substrate Adhesion (GO:0010810)	6	468	20	3592	2.303	3.690e-02	2.345e-01	0	0
A-LTMR.TAC3	Regulation of Protein Targeting to Mitochondrion (GO:1903214)	6	468	20	3592	2.303	3.690e-02	2.345e-01	0	0
A-LTMR.TAC3	Regulation of Tumor Necrosis Factor-Mediated Signaling Pathway (GO:0010803)	6	468	20	3592	2.303	3.690e-02	2.345e-01	0	0
A-LTMR.TAC3	Glucose Homeostasis (GO:0042593)	9	468	36	3592	1.919	3.703e-02	2.345e-01	0	0
A-LTMR.TAC3	Positive Regulation of Protein Modification by Small Protein Conjugation or Removal (GO:1903322)	9	468	36	3592	1.919	3.703e-02	2.345e-01	0	0
A-LTMR.TAC3	Protein Ubiquitination (GO:0016567)	29	468	160	3592	1.391	3.712e-02	2.345e-01	0	0
A-LTMR.TAC3	Protein Modification Process (GO:0036211)	37	468	214	3592	1.327	3.915e-02	2.414e-01	0	0
A-LTMR.TAC3	Regulation of Cellular Localization (GO:0060341)	8	468	31	3592	1.981	4.042e-02	2.414e-01	0	0
A-LTMR.TAC3	Regulation of Programmed Cell Death (GO:0043067)	16	468	78	3592	1.574	4.064e-02	2.414e-01	0	0
A-LTMR.TAC3	Cilium Assembly (GO:0060271)	12	468	54	3592	1.706	4.140e-02	2.414e-01	0	0
A-LTMR.TAC3	Positive Regulation of Autophagy (GO:0010508)	12	468	54	3592	1.706	4.140e-02	2.414e-01	0	0
A-LTMR.TAC3	Regulation of Inflammatory Response (GO:0050727)	14	468	66	3592	1.628	4.158e-02	2.414e-01	0	0
A-LTMR.TAC3	Modulation of Chemical Synaptic Transmission (GO:0050804)	13	468	60	3592	1.663	4.167e-02	2.414e-01	0	0
A-LTMR.TAC3	Nervous System Development (GO:0007399)	31	468	175	3592	1.360	4.214e-02	2.414e-01	0	0
A-LTMR.TAC3	Positive Regulation of Protein Ubiquitination (GO:0031398)	9	468	37	3592	1.867	4.351e-02	2.414e-01	0	0
A-LTMR.TAC3	Regulation of JNK Cascade (GO:0046328)	9	468	37	3592	1.867	4.351e-02	2.414e-01	0	0
A-LTMR.TAC3	Transforming Growth Factor Beta Receptor Superfamily Signaling Pathway (GO:0141091)	9	468	37	3592	1.867	4.351e-02	2.414e-01	0	0
A-LTMR.TAC3	Natural Killer Cell Mediated Immunity (GO:0002228)	4	468	11	3592	2.791	4.429e-02	2.414e-01	0	0
A-LTMR.TAC3	Negative Regulation of Hippo Signaling (GO:0035331)	4	468	11	3592	2.791	4.429e-02	2.414e-01	0	0
A-LTMR.TAC3	Negative Regulation of Myeloid Leukocyte Differentiation (GO:0002762)	4	468	11	3592	2.791	4.429e-02	2.414e-01	0	0
A-LTMR.TAC3	Negative Regulation of Receptor Signaling Pathway via STAT (GO:1904893)	4	468	11	3592	2.791	4.429e-02	2.414e-01	0	0
A-LTMR.TAC3	Negative Regulation of Wound Healing (GO:0061045)	4	468	11	3592	2.791	4.429e-02	2.414e-01	0	0
A-LTMR.TAC3	Positive Regulation of B Cell Proliferation (GO:0030890)	4	468	11	3592	2.791	4.429e-02	2.414e-01	0	0
A-LTMR.TAC3	Protein Acetylation (GO:0006473)	4	468	11	3592	2.791	4.429e-02	2.414e-01	0	0
A-LTMR.TAC3	Regulation of Interferon-Alpha Production (GO:0032647)	4	468	11	3592	2.791	4.429e-02	2.414e-01	0	0
A-LTMR.TAC3	Regulation of Synaptic Vesicle Exocytosis (GO:2000300)	4	468	11	3592	2.791	4.429e-02	2.414e-01	0	0
A-LTMR.TAC3	mRNA Export From Nucleus (GO:0006406)	4	468	11	3592	2.791	4.429e-02	2.414e-01	0	0
A-LTMR.TAC3	protein-RNA Complex Assembly (GO:0022618)	10	468	43	3592	1.785	4.544e-02	2.414e-01	0	0
A-LTMR.TAC3	Intracellular Glucose Homeostasis (GO:0001678)	6	468	21	3592	2.193	4.617e-02	2.414e-01	0	0
A-LTMR.TAC3	mRNA Metabolic Process (GO:0016071)	6	468	21	3592	2.193	4.617e-02	2.414e-01	0	0
A-LTMR.TAC3	Cellular Hypotonic Response (GO:0071476)	2	468	3	3592	5.117	4.643e-02	2.414e-01	0	0
A-LTMR.TAC3	Determination of Left/Right Symmetry (GO:0007368)	2	468	3	3592	5.117	4.643e-02	2.414e-01	0	0
A-LTMR.TAC3	Ear Morphogenesis (GO:0042471)	2	468	3	3592	5.117	4.643e-02	2.414e-01	0	0
A-LTMR.TAC3	Endothelin Receptor Signaling Pathway (GO:0086100)	2	468	3	3592	5.117	4.643e-02	2.414e-01	0	0
A-LTMR.TAC3	Homologous Recombination (GO:0035825)	2	468	3	3592	5.117	4.643e-02	2.414e-01	0	0
A-LTMR.TAC3	Hypotonic Response (GO:0006971)	2	468	3	3592	5.117	4.643e-02	2.414e-01	0	0
A-LTMR.TAC3	Left/Right Pattern Formation (GO:0060972)	2	468	3	3592	5.117	4.643e-02	2.414e-01	0	0
A-LTMR.TAC3	Maintenance of Lens Transparency (GO:0036438)	2	468	3	3592	5.117	4.643e-02	2.414e-01	0	0
A-LTMR.TAC3	Myoblast Migration (GO:0051451)	2	468	3	3592	5.117	4.643e-02	2.414e-01	0	0
A-LTMR.TAC3	Negative Regulation of Keratinocyte Proliferation (GO:0010839)	2	468	3	3592	5.117	4.643e-02	2.414e-01	0	0
A-LTMR.TAC3	Negative Regulation of Triglyceride Metabolic Process (GO:0090209)	2	468	3	3592	5.117	4.643e-02	2.414e-01	0	0
A-LTMR.TAC3	Positive Regulation of Chromosome Separation (GO:1905820)	2	468	3	3592	5.117	4.643e-02	2.414e-01	0	0
A-LTMR.TAC3	Positive Regulation of Fatty Acid Oxidation (GO:0046321)	2	468	3	3592	5.117	4.643e-02	2.414e-01	0	0
A-LTMR.TAC3	Positive Regulation of Natural Killer Cell Proliferation (GO:0032819)	2	468	3	3592	5.117	4.643e-02	2.414e-01	0	0
A-LTMR.TAC3	Positive Regulation of Neurotransmitter Transport (GO:0051590)	2	468	3	3592	5.117	4.643e-02	2.414e-01	0	0
A-LTMR.TAC3	Positive Regulation of Transporter Activity (GO:0032411)	2	468	3	3592	5.117	4.643e-02	2.414e-01	0	0
A-LTMR.TAC3	Protein auto-ADP-ribosylation (GO:0070213)	2	468	3	3592	5.117	4.643e-02	2.414e-01	0	0
A-LTMR.TAC3	Regulation of Carbohydrate Catabolic Process (GO:0043470)	2	468	3	3592	5.117	4.643e-02	2.414e-01	0	0
A-LTMR.TAC3	Regulation of Chromosome Separation (GO:1905818)	2	468	3	3592	5.117	4.643e-02	2.414e-01	0	0
A-LTMR.TAC3	Regulation of Fatty Acid Beta-Oxidation (GO:0031998)	2	468	3	3592	5.117	4.643e-02	2.414e-01	0	0
A-LTMR.TAC3	Regulation of Natural Killer Cell Proliferation (GO:0032817)	2	468	3	3592	5.117	4.643e-02	2.414e-01	0	0
A-LTMR.TAC3	Regulation of Nuclear Division (GO:0051783)	2	468	3	3592	5.117	4.643e-02	2.414e-01	0	0
A-LTMR.TAC3	Regulation of Purine Nucleotide Catabolic Process (GO:0033121)	2	468	3	3592	5.117	4.643e-02	2.414e-01	0	0
A-LTMR.TAC3	Regulation of RNA Metabolic Process (GO:0051252)	2	468	3	3592	5.117	4.643e-02	2.414e-01	0	0
A-LTMR.TAC3	Regulation of T-helper 17 Type Immune Response (GO:2000316)	2	468	3	3592	5.117	4.643e-02	2.414e-01	0	0
A-LTMR.TAC3	Regulation of Transforming Growth Factor Beta2 Production (GO:0032909)	2	468	3	3592	5.117	4.643e-02	2.414e-01	0	0
A-LTMR.TAC3	Response to Leptin (GO:0044321)	2	468	3	3592	5.117	4.643e-02	2.414e-01	0	0
A-LTMR.TAC3	Response to Manganese Ion (GO:0010042)	2	468	3	3592	5.117	4.643e-02	2.414e-01	0	0
A-LTMR.TAC3	Serine Transport (GO:0032329)	2	468	3	3592	5.117	4.643e-02	2.414e-01	0	0
A-LTMR.TAC3	T-helper Cell Differentiation (GO:0042093)	2	468	3	3592	5.117	4.643e-02	2.414e-01	0	0
A-LTMR.TAC3	cAMP-mediated Signaling (GO:0019933)	2	468	3	3592	5.117	4.643e-02	2.414e-01	0	0
A-LTMR.TAC3	B Cell Differentiation (GO:0030183)	5	468	16	3592	2.399	4.710e-02	2.414e-01	0	0
A-LTMR.TAC3	Negative Regulation of Response to Biotic Stimulus (GO:0002832)	5	468	16	3592	2.399	4.710e-02	2.414e-01	0	0
A-LTMR.TAC3	Positive Regulation of Type II Interferon Production (GO:0032729)	5	468	16	3592	2.399	4.710e-02	2.414e-01	0	0
A-LTMR.TAC3	Regulation of Cardiac Muscle Cell Action Potential (GO:0098901)	5	468	16	3592	2.399	4.710e-02	2.414e-01	0	0
A-LTMR.TAC3	Regulation of Cation Channel Activity (GO:2001257)	5	468	16	3592	2.399	4.710e-02	2.414e-01	0	0
A-LTMR.TAC3	Regulation of Wnt Signaling Pathway (GO:0030111)	8	468	32	3592	1.919	4.800e-02	2.445e-01	0	0
A-LTMR.TAC3	post-Golgi Vesicle-Mediated Transport (GO:0006892)	8	468	32	3592	1.919	4.800e-02	2.445e-01	0	0
A-LTMR.TAC3	Positive Regulation of Catabolic Process (GO:0009896)	17	468	86	3592	1.517	4.863e-02	2.470e-01	0	0
A-LTMR.TAC3	3'-UTR-mediated mRNA Stabilization (GO:0070935)	3	468	7	3592	3.289	5.138e-02	2.470e-01	0	0
A-LTMR.TAC3	Cellular Response to Dopamine (GO:1903351)	3	468	7	3592	3.289	5.138e-02	2.470e-01	0	0
A-LTMR.TAC3	Cellular Response to Growth Hormone Stimulus (GO:0071378)	3	468	7	3592	3.289	5.138e-02	2.470e-01	0	0
A-LTMR.TAC3	DNA Repair-Dependent Chromatin Remodeling (GO:0140861)	3	468	7	3592	3.289	5.138e-02	2.470e-01	0	0
A-LTMR.TAC3	Lipopolysaccharide-Mediated Signaling Pathway (GO:0031663)	3	468	7	3592	3.289	5.138e-02	2.470e-01	0	0
A-LTMR.TAC3	Negative Regulation of Androgen Receptor Signaling Pathway (GO:0060766)	3	468	7	3592	3.289	5.138e-02	2.470e-01	0	0
A-LTMR.TAC3	Positive Regulation of Alpha-Beta T Cell Proliferation (GO:0046641)	3	468	7	3592	3.289	5.138e-02	2.470e-01	0	0
A-LTMR.TAC3	Positive Regulation of Glucose Metabolic Process (GO:0010907)	3	468	7	3592	3.289	5.138e-02	2.470e-01	0	0
A-LTMR.TAC3	Positive Regulation of T Cell Cytokine Production (GO:0002726)	3	468	7	3592	3.289	5.138e-02	2.470e-01	0	0
A-LTMR.TAC3	RNA 3'-End Processing (GO:0031123)	3	468	7	3592	3.289	5.138e-02	2.470e-01	0	0
A-LTMR.TAC3	Regulation of Cardiac Muscle Cell Membrane Repolarization (GO:0099623)	3	468	7	3592	3.289	5.138e-02	2.470e-01	0	0
A-LTMR.TAC3	Regulation of Centriole Replication (GO:0046599)	3	468	7	3592	3.289	5.138e-02	2.470e-01	0	0
A-LTMR.TAC3	Regulation of Extent of Cell Growth (GO:0061387)	3	468	7	3592	3.289	5.138e-02	2.470e-01	0	0
A-LTMR.TAC3	Regulation of Glucose Metabolic Process (GO:0010906)	3	468	7	3592	3.289	5.138e-02	2.470e-01	0	0
A-LTMR.TAC3	Regulation of Programmed Necrotic Cell Death (GO:0062098)	3	468	7	3592	3.289	5.138e-02	2.470e-01	0	0
A-LTMR.TAC3	Regulation of Voltage-Gated Calcium Channel Activity (GO:1901385)	3	468	7	3592	3.289	5.138e-02	2.470e-01	0	0
A-LTMR.TAC3	Skeletal Muscle Tissue Development (GO:0007519)	3	468	7	3592	3.289	5.138e-02	2.470e-01	0	0
A-LTMR.TAC3	Smooth Muscle Contraction (GO:0006939)	3	468	7	3592	3.289	5.138e-02	2.470e-01	0	0
A-LTMR.TAC3	Cellular Response to Interleukin-1 (GO:0071347)	7	468	27	3592	1.990	5.255e-02	2.497e-01	0	0
A-LTMR.TAC3	Negative Regulation of Protein Localization (GO:1903828)	7	468	27	3592	1.990	5.255e-02	2.497e-01	0	0
A-LTMR.TAC3	Positive Regulation of Cell Adhesion (GO:0045785)	7	468	27	3592	1.990	5.255e-02	2.497e-01	0	0
A-LTMR.TAC3	Positive Regulation of Type I Interferon Production (GO:0032481)	7	468	27	3592	1.990	5.255e-02	2.497e-01	0	0
A-PEP.CHRNA7_SLC18A3	Cytoplasmic Translation (GO:0002181)	30	362	68	3592	4.378	2.017e-13	2.454e-10	1	0
A-PEP.CHRNA7_SLC18A3	Translation (GO:0006412)	34	362	109	3592	3.095	5.074e-10	3.088e-07	0	0
A-PEP.CHRNA7_SLC18A3	Macromolecule Biosynthetic Process (GO:0009059)	31	362	96	3592	3.204	1.185e-09	4.806e-07	0	0
A-PEP.CHRNA7_SLC18A3	Gene Expression (GO:0010467)	34	362	141	3592	2.393	6.393e-07	1.344e-04	1	0
A-PEP.CHRNA7_SLC18A3	Protein Metabolic Process (GO:0019538)	47	362	228	3592	2.045	6.625e-07	1.344e-04	1	0
A-PEP.CHRNA7_SLC18A3	Ribosome Biogenesis (GO:0042254)	18	362	50	3592	3.572	6.628e-07	1.344e-04	1	0
A-PEP.CHRNA7_SLC18A3	Ribonucleoprotein Complex Biogenesis (GO:0022613)	16	362	43	3592	3.692	1.691e-06	2.940e-04	0	0
A-PEP.CHRNA7_SLC18A3	Ribosomal Large Subunit Biogenesis (GO:0042273)	8	362	13	3592	6.106	8.072e-06	1.228e-03	1	0
A-PEP.CHRNA7_SLC18A3	Ribosomal Small Subunit Biogenesis (GO:0042274)	11	362	29	3592	3.764	6.073e-05	7.391e-03	0	0
A-PEP.CHRNA7_SLC18A3	rRNA Processing (GO:0006364)	11	362	29	3592	3.764	6.073e-05	7.391e-03	0	0
A-PEP.CHRNA7_SLC18A3	rRNA Metabolic Process (GO:0016072)	11	362	31	3592	3.521	1.234e-04	1.365e-02	0	0
A-PEP.CHRNA7_SLC18A3	Negative Regulation of Ubiquitin-Dependent Protein Catabolic Process (GO:2000059)	8	362	18	3592	4.410	1.739e-04	1.764e-02	0	0
A-PEP.CHRNA7_SLC18A3	Protein Neddylation (GO:0045116)	6	362	11	3592	5.412	2.994e-04	2.602e-02	0	0
A-PEP.CHRNA7_SLC18A3	Regulation of Microtubule Polymerization or Depolymerization (GO:0031110)	6	362	11	3592	5.412	2.994e-04	2.602e-02	0	0
A-PEP.CHRNA7_SLC18A3	Negative Regulation of Establishment of Protein Localization (GO:1904950)	5	362	8	3592	6.202	4.382e-04	3.555e-02	0	0
A-PEP.CHRNA7_SLC18A3	Regulation of Protein Modification by Small Protein Conjugation or Removal (GO:1903320)	8	362	21	3592	3.780	6.161e-04	4.686e-02	0	0
A-PEP.CHRNA7_SLC18A3	Regulation of Early Endosome to Late Endosome Transport (GO:2000641)	5	362	9	3592	5.513	9.048e-04	5.674e-02	0	0
A-PEP.CHRNA7_SLC18A3	Regulation of Ubiquitin Protein Ligase Activity (GO:1904666)	5	362	9	3592	5.513	9.048e-04	5.674e-02	0	0
A-PEP.CHRNA7_SLC18A3	Protein Localization to Plasma Membrane (GO:0072659)	15	362	62	3592	2.401	9.289e-04	5.674e-02	0	0
A-PEP.CHRNA7_SLC18A3	Positive Regulation of Signal Transduction by P53 Class Mediator (GO:1901798)	6	362	13	3592	4.580	9.324e-04	5.674e-02	0	0
A-PEP.CHRNA7_SLC18A3	Negative Regulation of Ubiquitin Protein Ligase Activity (GO:1904667)	4	362	6	3592	6.615	1.291e-03	6.547e-02	0	0
A-PEP.CHRNA7_SLC18A3	RNA-templated DNA Biosynthetic Process (GO:0006278)	4	362	6	3592	6.615	1.291e-03	6.547e-02	0	0
A-PEP.CHRNA7_SLC18A3	Telomere Maintenance via Telomerase (GO:0007004)	4	362	6	3592	6.615	1.291e-03	6.547e-02	0	0
A-PEP.CHRNA7_SLC18A3	Telomere Maintenance via Telomere Lengthening (GO:0010833)	4	362	6	3592	6.615	1.291e-03	6.547e-02	0	0
A-PEP.CHRNA7_SLC18A3	Negative Regulation of Proteolysis Involved in Protein Catabolic Process (GO:1903051)	6	362	14	3592	4.253	1.495e-03	7.276e-02	0	0
A-PEP.CHRNA7_SLC18A3	Telomere Maintenance (GO:0000723)	7	362	19	3592	3.656	1.716e-03	7.636e-02	0	0
A-PEP.CHRNA7_SLC18A3	Proteasomal Protein Catabolic Process (GO:0010498)	28	362	158	3592	1.758	1.805e-03	7.636e-02	0	0
A-PEP.CHRNA7_SLC18A3	Positive Regulation of Protein Catabolic Process (GO:0045732)	12	362	47	3592	2.533	1.819e-03	7.636e-02	0	0
A-PEP.CHRNA7_SLC18A3	Regulation of Organelle Organization (GO:0033043)	12	362	47	3592	2.533	1.819e-03	7.636e-02	0	0
A-PEP.CHRNA7_SLC18A3	Regulation of Supramolecular Fiber Organization (GO:1902903)	6	362	15	3592	3.969	2.282e-03	9.258e-02	0	0
A-PEP.CHRNA7_SLC18A3	Modification-Dependent Macromolecule Catabolic Process (GO:0043632)	4	362	7	3592	5.670	2.774e-03	1.055e-01	0	0
A-PEP.CHRNA7_SLC18A3	Negative Regulation of Ubiquitin-Protein Transferase Activity (GO:0051444)	4	362	7	3592	5.670	2.774e-03	1.055e-01	0	0
A-PEP.CHRNA7_SLC18A3	Intracellular Protein Transport (GO:0006886)	22	362	118	3592	1.850	2.878e-03	1.061e-01	0	0
A-PEP.CHRNA7_SLC18A3	Maturation of LSU-rRNA (GO:0000470)	3	362	4	3592	7.442	3.759e-03	1.204e-01	0	0
A-PEP.CHRNA7_SLC18A3	Mitochondrial Fragmentation Involved in Apoptotic Process (GO:0043653)	3	362	4	3592	7.442	3.759e-03	1.204e-01	0	0
A-PEP.CHRNA7_SLC18A3	Negative Regulation of NLRP3 Inflammasome Complex Assembly (GO:1900226)	3	362	4	3592	7.442	3.759e-03	1.204e-01	0	0
A-PEP.CHRNA7_SLC18A3	Positive Regulation of Intrinsic Apoptotic Signaling Pathway by P53 Class Mediator (GO:1902255)	3	362	4	3592	7.442	3.759e-03	1.204e-01	0	0
A-PEP.CHRNA7_SLC18A3	Regulation of Establishment of Protein Localization to Telomere (GO:0070203)	3	362	4	3592	7.442	3.759e-03	1.204e-01	0	0
A-PEP.CHRNA7_SLC18A3	Regulation of Intracellular Transport (GO:0032386)	8	362	27	3592	2.940	3.911e-03	1.221e-01	0	0
A-PEP.CHRNA7_SLC18A3	Protein Localization to Cell Periphery (GO:1990778)	14	362	65	3592	2.137	4.378e-03	1.306e-01	0	0
A-PEP.CHRNA7_SLC18A3	Antimicrobial Humoral Response (GO:0019730)	5	362	12	3592	4.134	4.401e-03	1.306e-01	0	0
A-PEP.CHRNA7_SLC18A3	Positive Regulation of Telomere Maintenance via Telomerase (GO:0032212)	6	362	17	3592	3.502	4.739e-03	1.373e-01	0	0
A-PEP.CHRNA7_SLC18A3	Autophagosome Organization (GO:1905037)	8	362	28	3592	2.835	5.006e-03	1.413e-01	0	0
A-PEP.CHRNA7_SLC18A3	Antimicrobial Humoral Immune Response Mediated by Antimicrobial Peptide (GO:0061844)	4	362	8	3592	4.961	5.109e-03	1.413e-01	0	0
A-PEP.CHRNA7_SLC18A3	Regulation of TORC1 Signaling (GO:1903432)	11	362	47	3592	2.322	5.772e-03	1.548e-01	0	0
A-PEP.CHRNA7_SLC18A3	Wnt Signaling Pathway (GO:0016055)	7	362	23	3592	3.020	5.852e-03	1.548e-01	0	0
A-PEP.CHRNA7_SLC18A3	Regulation of Protein Ubiquitination (GO:0031396)	12	362	54	3592	2.205	6.244e-03	1.599e-01	0	0
A-PEP.CHRNA7_SLC18A3	Cellular Response to Starvation (GO:0009267)	13	362	61	3592	2.115	6.538e-03	1.599e-01	0	0
A-PEP.CHRNA7_SLC18A3	Regulation of Oxidative Stress-Induced Intrinsic Apoptotic Signaling Pathway (GO:1902175)	5	362	13	3592	3.816	6.569e-03	1.599e-01	0	0
A-PEP.CHRNA7_SLC18A3	Ribosome Assembly (GO:0042255)	5	362	13	3592	3.816	6.569e-03	1.599e-01	0	0
A-PEP.CHRNA7_SLC18A3	Protein Localization (GO:0008104)	22	362	127	3592	1.719	7.217e-03	1.714e-01	0	0
A-PEP.CHRNA7_SLC18A3	Protein Localization to Membrane (GO:0072657)	17	362	90	3592	1.874	7.342e-03	1.714e-01	0	0
A-PEP.CHRNA7_SLC18A3	Substantia Nigra Development (GO:0021762)	7	362	24	3592	2.894	7.563e-03	1.714e-01	0	0
A-PEP.CHRNA7_SLC18A3	Cytoskeleton-Dependent Intracellular Transport (GO:0030705)	4	362	9	3592	4.410	8.473e-03	1.714e-01	0	0
A-PEP.CHRNA7_SLC18A3	Regulation of Cardiac Conduction (GO:1903779)	4	362	9	3592	4.410	8.473e-03	1.714e-01	0	0
A-PEP.CHRNA7_SLC18A3	Cellular Response to Nitrogen Levels (GO:0043562)	3	362	5	3592	5.954	8.696e-03	1.714e-01	0	0
A-PEP.CHRNA7_SLC18A3	Cellular Response to Nitrogen Starvation (GO:0006995)	3	362	5	3592	5.954	8.696e-03	1.714e-01	0	0
A-PEP.CHRNA7_SLC18A3	Desmosome Assembly (GO:0002159)	3	362	5	3592	5.954	8.696e-03	1.714e-01	0	0
A-PEP.CHRNA7_SLC18A3	Desmosome Organization (GO:0002934)	3	362	5	3592	5.954	8.696e-03	1.714e-01	0	0
A-PEP.CHRNA7_SLC18A3	Negative Regulation of Inflammasome-Mediated Signaling Pathway (GO:0141086)	3	362	5	3592	5.954	8.696e-03	1.714e-01	0	0
A-PEP.CHRNA7_SLC18A3	Autophagosome Maturation (GO:0097352)	6	362	19	3592	3.133	8.732e-03	1.714e-01	0	0
A-PEP.CHRNA7_SLC18A3	Positive Regulation of Telomere Maintenance via Telomere Lengthening (GO:1904358)	6	362	19	3592	3.133	8.732e-03	1.714e-01	0	0
A-PEP.CHRNA7_SLC18A3	Positive Regulation of Cellular Component Biogenesis (GO:0044089)	9	362	37	3592	2.414	9.354e-03	1.785e-01	0	0
A-PEP.CHRNA7_SLC18A3	Neuron Apoptotic Process (GO:0051402)	5	362	14	3592	3.544	9.388e-03	1.785e-01	0	0
A-PEP.CHRNA7_SLC18A3	Protein Homooligomerization (GO:0051260)	10	362	44	3592	2.255	1.034e-02	1.936e-01	0	0
A-PEP.CHRNA7_SLC18A3	Protein Stabilization (GO:0050821)	19	362	109	3592	1.730	1.136e-02	2.078e-01	0	0
A-PEP.CHRNA7_SLC18A3	Cellular Response to Heat (GO:0034605)	6	362	20	3592	2.977	1.144e-02	2.078e-01	0	0
A-PEP.CHRNA7_SLC18A3	Regulation of Telomere Maintenance via Telomerase (GO:0032210)	7	362	26	3592	2.671	1.205e-02	2.141e-01	0	0
A-PEP.CHRNA7_SLC18A3	Regulation of Protein Localization (GO:0032880)	10	362	45	3592	2.205	1.214e-02	2.141e-01	0	0
A-PEP.CHRNA7_SLC18A3	Heterotypic Cell-Cell Adhesion (GO:0034113)	4	362	10	3592	3.969	1.301e-02	2.231e-01	0	0
A-PEP.CHRNA7_SLC18A3	Regulation of Protein Neddylation (GO:2000434)	4	362	10	3592	3.969	1.301e-02	2.231e-01	0	0
A-PEP.CHRNA7_SLC18A3	Regulation of Protein Kinase Activity (GO:0045859)	9	362	39	3592	2.290	1.331e-02	2.249e-01	0	0
A-PEP.CHRNA7_SLC18A3	Protein Localization to Nucleus (GO:0034504)	10	362	46	3592	2.157	1.417e-02	2.349e-01	0	0
A-PEP.CHRNA7_SLC18A3	Neuron Development (GO:0048666)	12	362	60	3592	1.985	1.466e-02	2.349e-01	0	0
A-PEP.CHRNA7_SLC18A3	Regulation of Protein Catabolic Process (GO:0042176)	12	362	60	3592	1.985	1.466e-02	2.349e-01	0	0
A-PEP.CHRNA7_SLC18A3	Regulation of Proteasomal Protein Catabolic Process (GO:0061136)	7	362	27	3592	2.573	1.490e-02	2.349e-01	0	0
A-PEP.CHRNA7_SLC18A3	Regulation of Protein Localization to Nucleus (GO:1900180)	7	362	27	3592	2.573	1.490e-02	2.349e-01	0	0
A-PEP.CHRNA7_SLC18A3	Proteasome-Mediated Ubiquitin-Dependent Protein Catabolic Process (GO:0043161)	21	362	128	3592	1.628	1.569e-02	2.349e-01	0	0
A-PEP.CHRNA7_SLC18A3	Positive Regulation of DNA Damage Response. Signal Transduction by P53 Class Mediator (GO:0043517)	3	362	6	3592	4.961	1.610e-02	2.349e-01	0	0
A-PEP.CHRNA7_SLC18A3	Protein Deneddylation (GO:0000338)	3	362	6	3592	4.961	1.610e-02	2.349e-01	0	0
A-PEP.CHRNA7_SLC18A3	Protein Localization to Microtubule Cytoskeleton (GO:0072698)	3	362	6	3592	4.961	1.610e-02	2.349e-01	0	0
A-PEP.CHRNA7_SLC18A3	Regulation of Stress-Activated Protein Kinase Signaling Cascade (GO:0070302)	3	362	6	3592	4.961	1.610e-02	2.349e-01	0	0
A-PEP.CHRNA7_SLC18A3	Regulation of Viral Life Cycle (GO:1903900)	3	362	6	3592	4.961	1.610e-02	2.349e-01	0	0
A-PEP.CHRNA7_SLC18A3	Positive Regulation of Protein Metabolic Process (GO:0051247)	16	362	90	3592	1.764	1.622e-02	2.349e-01	0	0
A-PEP.CHRNA7_SLC18A3	Negative Regulation of Proteasomal Protein Catabolic Process (GO:1901799)	5	362	16	3592	3.101	1.730e-02	2.415e-01	0	0
A-PEP.CHRNA7_SLC18A3	Positive Regulation of Leukocyte Chemotaxis (GO:0002690)	5	362	16	3592	3.101	1.730e-02	2.415e-01	0	0
A-PEP.CHRNA7_SLC18A3	Telomere Organization (GO:0032200)	5	362	16	3592	3.101	1.730e-02	2.415e-01	0	0
A-PEP.CHRNA7_SLC18A3	Autophagosome Assembly (GO:0000045)	7	362	28	3592	2.481	1.820e-02	2.415e-01	0	0
A-PEP.CHRNA7_SLC18A3	Endocytic Recycling (GO:0032456)	6	362	22	3592	2.706	1.853e-02	2.415e-01	0	0
A-PEP.CHRNA7_SLC18A3	Positive Regulation of JNK Cascade (GO:0046330)	6	362	22	3592	2.706	1.853e-02	2.415e-01	0	0
A-PEP.CHRNA7_SLC18A3	Protein-Containing Complex Disassembly (GO:0032984)	6	362	22	3592	2.706	1.853e-02	2.415e-01	0	0
A-PEP.CHRNA7_SLC18A3	Regulation of Cell Development (GO:0060284)	6	362	22	3592	2.706	1.853e-02	2.415e-01	0	0
A-PEP.CHRNA7_SLC18A3	Negative Regulation of Proteasomal Ubiquitin-Dependent Protein Catabolic Process (GO:0032435)	4	362	11	3592	3.608	1.885e-02	2.415e-01	0	0
A-PEP.CHRNA7_SLC18A3	Regulation of Protein Transport (GO:0051223)	4	362	11	3592	3.608	1.885e-02	2.415e-01	0	0
A-PEP.CHRNA7_SLC18A3	Transport Along Microtubule (GO:0010970)	4	362	11	3592	3.608	1.885e-02	2.415e-01	0	0
A-PEP.CHRNA7_SLC18A3	Regulation of Mitochondrial Membrane Potential (GO:0051881)	5	362	17	3592	2.918	2.254e-02	2.431e-01	0	0
A-PEP.CHRNA7_SLC18A3	RNA Processing (GO:0006396)	13	362	71	3592	1.817	2.296e-02	2.431e-01	0	0
A-PEP.CHRNA7_SLC18A3	Positive Regulation of DNA Biosynthetic Process (GO:2000573)	6	362	23	3592	2.589	2.300e-02	2.431e-01	0	0
A-PEP.CHRNA7_SLC18A3	Positive Regulation of Translation (GO:0045727)	8	362	36	3592	2.205	2.388e-02	2.431e-01	0	0
A-PEP.CHRNA7_SLC18A3	Protein Complex Oligomerization (GO:0051259)	8	362	36	3592	2.205	2.388e-02	2.431e-01	0	0
A-PEP.CHRNA7_SLC18A3	protein-RNA Complex Assembly (GO:0022618)	9	362	43	3592	2.077	2.473e-02	2.431e-01	0	0
A-PEP.CHRNA7_SLC18A3	Positive Regulation of Cell-Substrate Junction Organization (GO:0150117)	4	362	12	3592	3.308	2.608e-02	2.431e-01	0	0
A-PEP.CHRNA7_SLC18A3	Protein Localization to Lysosome (GO:0061462)	4	362	12	3592	3.308	2.608e-02	2.431e-01	0	0
A-PEP.CHRNA7_SLC18A3	Regulation of Cardiac Muscle Contraction by Calcium Ion Signaling (GO:0010882)	4	362	12	3592	3.308	2.608e-02	2.431e-01	0	0
A-PEP.CHRNA7_SLC18A3	Regulation of DNA Binding (GO:0051101)	4	362	12	3592	3.308	2.608e-02	2.431e-01	0	0
A-PEP.CHRNA7_SLC18A3	Regulation of Stress-Activated MAPK Cascade (GO:0032872)	4	362	12	3592	3.308	2.608e-02	2.431e-01	0	0
A-PEP.CHRNA7_SLC18A3	Stress-Activated Protein Kinase Signaling Cascade (GO:0031098)	4	362	12	3592	3.308	2.608e-02	2.431e-01	0	0
A-PEP.CHRNA7_SLC18A3	Cellular Response to Superoxide (GO:0071451)	3	362	7	3592	4.253	2.610e-02	2.431e-01	0	0
A-PEP.CHRNA7_SLC18A3	Multicellular Organismal-Level Water Homeostasis (GO:0050891)	3	362	7	3592	4.253	2.610e-02	2.431e-01	0	0
A-PEP.CHRNA7_SLC18A3	Negative Regulation of Homotypic Cell-Cell Adhesion (GO:0034111)	3	362	7	3592	4.253	2.610e-02	2.431e-01	0	0
A-PEP.CHRNA7_SLC18A3	Negative Regulation of Receptor Internalization (GO:0002091)	3	362	7	3592	4.253	2.610e-02	2.431e-01	0	0
A-PEP.CHRNA7_SLC18A3	Regulation of Homotypic Cell-Cell Adhesion (GO:0034110)	3	362	7	3592	4.253	2.610e-02	2.431e-01	0	0
A-PEP.CHRNA7_SLC18A3	Regulation of Proteolysis Involved in Protein Catabolic Process (GO:1903050)	3	362	7	3592	4.253	2.610e-02	2.431e-01	0	0
A-PEP.CHRNA7_SLC18A3	Removal of Superoxide Radicals (GO:0019430)	3	362	7	3592	4.253	2.610e-02	2.431e-01	0	0
A-PEP.CHRNA7_SLC18A3	Regulation of Translation (GO:0006417)	12	362	65	3592	1.832	2.667e-02	2.431e-01	0	0
A-PEP.CHRNA7_SLC18A3	Plasma Membrane Bounded Cell Projection Organization (GO:0120036)	11	362	58	3592	1.882	2.761e-02	2.431e-01	0	0
A-PEP.CHRNA7_SLC18A3	Regulation of JNK Cascade (GO:0046328)	8	362	37	3592	2.145	2.789e-02	2.431e-01	0	0
A-PEP.CHRNA7_SLC18A3	'De Novo' Post-Translational Protein Folding (GO:0051084)	6	362	24	3592	2.481	2.815e-02	2.431e-01	0	0
A-PEP.CHRNA7_SLC18A3	Ag Processing and Presentation of Endogenous Pep Ag via MHC Cls I via ER Pway (GO:0002484)	2	362	3	3592	6.615	2.836e-02	2.431e-01	0	0
A-PEP.CHRNA7_SLC18A3	Ag Processing and Presentation of Endogenous Pep Ag via MHC Cls I via ER Pway. TAP-ind (GO:0002486)	2	362	3	3592	6.615	2.836e-02	2.431e-01	0	0
A-PEP.CHRNA7_SLC18A3	Antigen Processing and Presentation of Endogenous Peptide Antigen via MHC Class Ib (GO:0002476)	2	362	3	3592	6.615	2.836e-02	2.431e-01	0	0
A-PEP.CHRNA7_SLC18A3	Antigen Processing and Presentation of Peptide Antigen via MHC Class Ib (GO:0002428)	2	362	3	3592	6.615	2.836e-02	2.431e-01	0	0
A-PEP.CHRNA7_SLC18A3	Axo-Dendritic Transport (GO:0008088)	2	362	3	3592	6.615	2.836e-02	2.431e-01	0	0
A-PEP.CHRNA7_SLC18A3	Bundle of His Cell to Purkinje Myocyte Communication (GO:0086069)	2	362	3	3592	6.615	2.836e-02	2.431e-01	0	0
A-PEP.CHRNA7_SLC18A3	Bundle of His cell-Purkinje Myocyte Adhesion Involved in Cell Communication (GO:0086073)	2	362	3	3592	6.615	2.836e-02	2.431e-01	0	0
A-PEP.CHRNA7_SLC18A3	Cardiac Muscle Cell-Cardiac Muscle Cell Adhesion (GO:0086042)	2	362	3	3592	6.615	2.836e-02	2.431e-01	0	0
A-PEP.CHRNA7_SLC18A3	Filopodium Assembly (GO:0046847)	2	362	3	3592	6.615	2.836e-02	2.431e-01	0	0
A-PEP.CHRNA7_SLC18A3	Intracellular Distribution of Mitochondria (GO:0048312)	2	362	3	3592	6.615	2.836e-02	2.431e-01	0	0
A-PEP.CHRNA7_SLC18A3	Maturation of LSU-rRNA Frm Tricistronic rRNA Trnscpt (GO:0000463)	2	362	3	3592	6.615	2.836e-02	2.431e-01	0	0
A-PEP.CHRNA7_SLC18A3	Mesenchymal to Epithelial Transition (GO:0060231)	2	362	3	3592	6.615	2.836e-02	2.431e-01	0	0
A-PEP.CHRNA7_SLC18A3	Mesenchyme Development (GO:0060485)	2	362	3	3592	6.615	2.836e-02	2.431e-01	0	0
A-PEP.CHRNA7_SLC18A3	Mitochondrial Protein Catabolic Process (GO:0035694)	2	362	3	3592	6.615	2.836e-02	2.431e-01	0	0
A-PEP.CHRNA7_SLC18A3	Negative Regulation of Membrane Potential (GO:0045837)	2	362	3	3592	6.615	2.836e-02	2.431e-01	0	0
A-PEP.CHRNA7_SLC18A3	Neuronal Action Potential (GO:0019228)	2	362	3	3592	6.615	2.836e-02	2.431e-01	0	0
A-PEP.CHRNA7_SLC18A3	Positive Regulation of Astrocyte Differentiation (GO:0048711)	2	362	3	3592	6.615	2.836e-02	2.431e-01	0	0
A-PEP.CHRNA7_SLC18A3	Regulation of Endopeptidase Activity (GO:0052548)	2	362	3	3592	6.615	2.836e-02	2.431e-01	0	0
A-PEP.CHRNA7_SLC18A3	Regulation of G Protein-Coupled Receptor Internalization (GO:1904020)	2	362	3	3592	6.615	2.836e-02	2.431e-01	0	0
A-PEP.CHRNA7_SLC18A3	Regulation of Glucan Biosynthetic Process (GO:0010962)	2	362	3	3592	6.615	2.836e-02	2.431e-01	0	0
A-PEP.CHRNA7_SLC18A3	Regulation of Macrophage Proliferation (GO:0120040)	2	362	3	3592	6.615	2.836e-02	2.431e-01	0	0
A-PEP.CHRNA7_SLC18A3	Regulation of Peptidase Activity (GO:0052547)	2	362	3	3592	6.615	2.836e-02	2.431e-01	0	0
A-PEP.CHRNA7_SLC18A3	Regulation of Steroid Metabolic Process (GO:0019218)	2	362	3	3592	6.615	2.836e-02	2.431e-01	0	0
A-PEP.CHRNA7_SLC18A3	Response to Lead Ion (GO:0010288)	2	362	3	3592	6.615	2.836e-02	2.431e-01	0	0
A-PEP.CHRNA7_SLC18A3	Regulation of T Cell Receptor Signaling Pathway (GO:0050856)	5	362	18	3592	2.756	2.870e-02	2.442e-01	0	0
A-PEP.KIT	Protein Phosphorylation (GO:0006468)	46	441	161	3592	2.327	1.009e-08	1.600e-05	1	0
A-PEP.KIT	Phosphorylation (GO:0016310)	35	441	125	3592	2.281	1.114e-06	8.837e-04	0	0
A-PEP.KIT	Intracellular Signaling Cassette (GO:0141124)	36	441	138	3592	2.125	4.862e-06	2.570e-03	1	0
A-PEP.KIT	Negative Regulation of DNA-templated Transcription (GO:0045892)	63	441	305	3592	1.682	9.460e-06	2.897e-03	1	0
A-PEP.KIT	Epigenetic Regulation of Gene Expression (GO:0040029)	12	441	25	3592	3.910	1.170e-05	2.897e-03	1	0
A-PEP.KIT	Toll-Like Receptor 4 Signaling Pathway (GO:0034142)	10	441	18	3592	4.525	1.235e-05	2.897e-03	1	0
A-PEP.KIT	Negative Regulation of Gene Expression. Epigenetic (GO:0045814)	13	441	29	3592	3.651	1.279e-05	2.897e-03	0	0
A-PEP.KIT	Negative Regulation of Intracellular Steroid Hormone Receptor Signaling Pathway (GO:0033144)	9	441	16	3592	4.582	3.027e-05	5.461e-03	0	0
A-PEP.KIT	Cellular Response to Interleukin-1 (GO:0071347)	12	441	27	3592	3.620	3.099e-05	5.461e-03	0	0
A-PEP.KIT	Interferon-Mediated Signaling Pathway (GO:0140888)	10	441	20	3592	4.073	4.143e-05	6.571e-03	0	0
A-PEP.KIT	Regulation of DNA-templated Transcription (GO:0006355)	86	441	475	3592	1.475	4.786e-05	6.900e-03	0	0
A-PEP.KIT	Negative Regulation of Gene Expression (GO:0010629)	33	441	135	3592	1.991	5.228e-05	6.909e-03	0	0
A-PEP.KIT	Regulation of Cytokine Production Involved in Inflammatory Response (GO:1900015)	10	441	21	3592	3.879	7.051e-05	8.603e-03	0	0
A-PEP.KIT	Negative Regulation of Transcription by RNA Polymerase II (GO:0000122)	47	441	224	3592	1.709	9.613e-05	1.083e-02	0	0
A-PEP.KIT	Cell Surface Toll-Like Receptor Signaling Pathway (GO:0140895)	9	441	18	3592	4.073	1.024e-04	1.083e-02	0	0
A-PEP.KIT	Peptidyl-Serine Modification (GO:0018209)	14	441	39	3592	2.924	1.176e-04	1.160e-02	0	0
A-PEP.KIT	Interleukin-1-Mediated Signaling Pathway (GO:0070498)	8	441	15	3592	4.344	1.423e-04	1.160e-02	0	0
A-PEP.KIT	RISC Complex Assembly (GO:0070922)	5	441	6	3592	6.788	1.474e-04	1.160e-02	0	0
A-PEP.KIT	Peptidyl-Serine Phosphorylation (GO:0018105)	14	441	40	3592	2.851	1.610e-04	1.160e-02	0	0
A-PEP.KIT	Intracellular Receptor Signaling Pathway (GO:0030522)	9	441	19	3592	3.858	1.737e-04	1.160e-02	0	0
A-PEP.KIT	Negative Regulation of RNA Biosynthetic Process (GO:1902679)	35	441	155	3592	1.839	1.761e-04	1.160e-02	0	0
A-PEP.KIT	Regulation of Gene Expression (GO:0010468)	64	441	341	3592	1.529	1.818e-04	1.160e-02	0	0
A-PEP.KIT	Regulatory ncRNA-mediated Gene Silencing (GO:0031047)	7	441	12	3592	4.751	1.828e-04	1.160e-02	0	0
A-PEP.KIT	Stress-Activated Protein Kinase Signaling Cascade (GO:0031098)	7	441	12	3592	4.751	1.828e-04	1.160e-02	0	0
A-PEP.KIT	miRNA Processing (GO:0035196)	7	441	12	3592	4.751	1.828e-04	1.160e-02	0	0
A-PEP.KIT	Cellular Response to Transforming Growth Factor Beta Stimulus (GO:0071560)	13	441	36	3592	2.941	1.925e-04	1.175e-02	0	0
A-PEP.KIT	Protein Deacetylation (GO:0006476)	6	441	9	3592	5.430	2.010e-04	1.181e-02	0	0
A-PEP.KIT	Cellular Response to Type I Interferon (GO:0071357)	8	441	16	3592	4.073	2.543e-04	1.238e-02	0	0
A-PEP.KIT	Type I Interferon-Mediated Signaling Pathway (GO:0060337)	8	441	16	3592	4.073	2.543e-04	1.238e-02	0	0
A-PEP.KIT	Transforming Growth Factor Beta Receptor Signaling Pathway (GO:0007179)	11	441	28	3592	3.200	2.560e-04	1.238e-02	0	0
A-PEP.KIT	Protein Modification Process (GO:0036211)	44	441	214	3592	1.675	2.641e-04	1.238e-02	0	0
A-PEP.KIT	Regulation of JNK Cascade (GO:0046328)	13	441	37	3592	2.862	2.643e-04	1.238e-02	0	0
A-PEP.KIT	Canonical NF-kappaB Signal Transduction (GO:0007249)	10	441	24	3592	3.394	2.781e-04	1.238e-02	0	0
A-PEP.KIT	Cytokine-Mediated Signaling Pathway (GO:0019221)	22	441	83	3592	2.159	2.791e-04	1.238e-02	0	0
A-PEP.KIT	Regulation of Glycolytic Process (GO:0006110)	9	441	20	3592	3.665	2.819e-04	1.238e-02	0	0
A-PEP.KIT	Response to Ionizing Radiation (GO:0010212)	9	441	20	3592	3.665	2.819e-04	1.238e-02	0	0
A-PEP.KIT	Positive Regulation of Transcription by RNA Polymerase II (GO:0045944)	53	441	273	3592	1.581	2.889e-04	1.238e-02	0	0
A-PEP.KIT	Regulation of Canonical NF-kappaB Signal Transduction (GO:0043122)	30	441	129	3592	1.894	2.988e-04	1.247e-02	0	0
A-PEP.KIT	MAPK Cascade (GO:0000165)	16	441	52	3592	2.506	3.092e-04	1.257e-02	0	0
A-PEP.KIT	Positive Regulation of DNA-templated Transcription (GO:0045893)	68	441	377	3592	1.469	3.840e-04	1.522e-02	0	0
A-PEP.KIT	Positive Regulation of DNA-binding Transcription Factor Activity (GO:0051091)	20	441	74	3592	2.201	3.984e-04	1.541e-02	0	0
A-PEP.KIT	Toll-Like Receptor Signaling Pathway (GO:0002224)	8	441	17	3592	3.833	4.293e-04	1.586e-02	0	0
A-PEP.KIT	Positive Regulation of Epithelial Cell Migration (GO:0010634)	6	441	10	3592	4.887	4.506e-04	1.586e-02	0	0
A-PEP.KIT	Stress-Activated MAPK Cascade (GO:0051403)	6	441	10	3592	4.887	4.506e-04	1.586e-02	0	0
A-PEP.KIT	p38MAPK Cascade (GO:0038066)	5	441	7	3592	5.818	4.639e-04	1.586e-02	0	0
A-PEP.KIT	pre-miRNA Processing (GO:0031054)	5	441	7	3592	5.818	4.639e-04	1.586e-02	0	0
A-PEP.KIT	Positive Regulation of Intracellular Signal Transduction (GO:1902533)	51	441	265	3592	1.568	4.717e-04	1.586e-02	0	0
A-PEP.KIT	Positive Regulation of Canonical NF-kappaB Signal Transduction (GO:0043123)	25	441	103	3592	1.977	4.801e-04	1.586e-02	0	0
A-PEP.KIT	Inflammatory Response (GO:0006954)	18	441	65	3592	2.256	5.615e-04	1.818e-02	0	0
A-PEP.KIT	Cellular Response to Radiation (GO:0071478)	7	441	14	3592	4.073	6.346e-04	1.935e-02	0	0
A-PEP.KIT	Regulation of Epithelial Cell Migration (GO:0010632)	7	441	14	3592	4.073	6.346e-04	1.935e-02	0	0
A-PEP.KIT	Response to Light Stimulus (GO:0009416)	7	441	14	3592	4.073	6.346e-04	1.935e-02	0	0
A-PEP.KIT	Cellular Response to Lectin (GO:1990858)	6	441	11	3592	4.443	8.891e-04	2.592e-02	0	0
A-PEP.KIT	Stimulatory C-type Lectin Receptor Signaling Pathway (GO:0002223)	6	441	11	3592	4.443	8.891e-04	2.592e-02	0	0
A-PEP.KIT	Negative Regulation of Circadian Rhythm (GO:0042754)	4	441	5	3592	6.516	1.013e-03	2.592e-02	0	0
A-PEP.KIT	Negative Regulation of Nuclear Receptor-Mediated Glucocorticoid Signaling Pathway (GO:2000323)	4	441	5	3592	6.516	1.013e-03	2.592e-02	0	0
A-PEP.KIT	Negative Regulation of Sodium Ion Transport (GO:0010766)	4	441	5	3592	6.516	1.013e-03	2.592e-02	0	0
A-PEP.KIT	Positive Regulation of Adipose Tissue Development (GO:1904179)	4	441	5	3592	6.516	1.013e-03	2.592e-02	0	0
A-PEP.KIT	Regulation of Nuclear Receptor-Mediated Glucocorticoid Signaling Pathway (GO:2000322)	4	441	5	3592	6.516	1.013e-03	2.592e-02	0	0
A-PEP.KIT	Regulation of Transforming Growth Factor Beta Production (GO:0071634)	4	441	5	3592	6.516	1.013e-03	2.592e-02	0	0
A-PEP.KIT	White Fat Cell Differentiation (GO:0050872)	4	441	5	3592	6.516	1.013e-03	2.592e-02	0	0
A-PEP.KIT	miRNA-mediated Gene Silencing by Inhibition of Translation (GO:0035278)	4	441	5	3592	6.516	1.013e-03	2.592e-02	0	0
A-PEP.KIT	Transforming Growth Factor Beta Receptor Superfamily Signaling Pathway (GO:0141091)	12	441	37	3592	2.642	1.038e-03	2.613e-02	0	0
A-PEP.KIT	Protein Autophosphorylation (GO:0046777)	17	441	63	3592	2.198	1.097e-03	2.719e-02	0	0
A-PEP.KIT	Positive Regulation of Cytokine Production (GO:0001819)	24	441	103	3592	1.898	1.159e-03	2.829e-02	0	0
A-PEP.KIT	Regulation of miRNA Transcription (GO:1902893)	10	441	28	3592	2.909	1.179e-03	2.833e-02	0	0
A-PEP.KIT	Positive Regulation of Multicellular Organismal Process (GO:0051240)	29	441	135	3592	1.750	1.478e-03	3.483e-02	0	0
A-PEP.KIT	Negative Regulation of NF-kappaB Transcription Factor Activity (GO:0032088)	8	441	20	3592	3.258	1.590e-03	3.483e-02	0	0
A-PEP.KIT	Innate Immune Response Activating Cell Surface Receptor Signaling Pathway (GO:0002220)	6	441	12	3592	4.073	1.595e-03	3.483e-02	0	0
A-PEP.KIT	Negative Regulation of miRNA Metabolic Process (GO:2000629)	6	441	12	3592	4.073	1.595e-03	3.483e-02	0	0
A-PEP.KIT	Negative Regulation of miRNA Transcription (GO:1902894)	6	441	12	3592	4.073	1.595e-03	3.483e-02	0	0
A-PEP.KIT	Zinc Ion Transport (GO:0006829)	6	441	12	3592	4.073	1.595e-03	3.483e-02	0	0
A-PEP.KIT	+ Reg of Transmembrane Receptor Prot Serine/Threonine Kinase Sgnlng Pway (GO:0090100)	10	441	29	3592	2.809	1.606e-03	3.483e-02	0	0
A-PEP.KIT	Calcium Ion Transport (GO:0006816)	14	441	49	3592	2.327	1.643e-03	3.483e-02	0	0
A-PEP.KIT	Fc Receptor Signaling Pathway (GO:0038093)	7	441	16	3592	3.563	1.696e-03	3.483e-02	0	0
A-PEP.KIT	Nuclear Receptor-Mediated Signaling Pathway (GO:0141193)	7	441	16	3592	3.563	1.696e-03	3.483e-02	0	0
A-PEP.KIT	Positive Regulation of NF-kappaB Transcription Factor Activity (GO:0051092)	13	441	44	3592	2.407	1.711e-03	3.483e-02	0	0
A-PEP.KIT	Calcium Ion Transmembrane Transport (GO:0070588)	11	441	34	3592	2.635	1.713e-03	3.483e-02	0	0
A-PEP.KIT	Regulation of Striated Muscle Cell Differentiation (GO:0051153)	3	441	3	3592	8.145	1.840e-03	3.558e-02	0	0
A-PEP.KIT	Regulation of Transforming Growth Factor Beta2 Production (GO:0032909)	3	441	3	3592	8.145	1.840e-03	3.558e-02	0	0
A-PEP.KIT	Toll Signaling Pathway (GO:0008063)	3	441	3	3592	8.145	1.840e-03	3.558e-02	0	0
A-PEP.KIT	miRNA-mediated Gene Silencing by mRNA Destabilization (GO:0035279)	3	441	3	3592	8.145	1.840e-03	3.558e-02	0	0
A-PEP.KIT	Positive Regulation of Nucleocytoplasmic Transport (GO:0046824)	9	441	25	3592	2.932	1.948e-03	3.679e-02	0	0
A-PEP.KIT	Response to Interleukin-1 (GO:0070555)	9	441	25	3592	2.932	1.948e-03	3.679e-02	0	0
A-PEP.KIT	Regulation of Type I Interferon Production (GO:0032479)	10	441	30	3592	2.715	2.150e-03	3.969e-02	0	0
A-PEP.KIT	Negative Regulation of Inflammatory Response to Antigenic Stimulus (GO:0002862)	5	441	9	3592	4.525	2.252e-03	3.969e-02	0	0
A-PEP.KIT	Negative Regulation of Small Molecule Metabolic Process (GO:0062014)	5	441	9	3592	4.525	2.252e-03	3.969e-02	0	0
A-PEP.KIT	Post-Transcriptional Gene Silencing (GO:0016441)	5	441	9	3592	4.525	2.252e-03	3.969e-02	0	0
A-PEP.KIT	Regulation of Inflammatory Response to Antigenic Stimulus (GO:0002861)	5	441	9	3592	4.525	2.252e-03	3.969e-02	0	0
A-PEP.KIT	Regulation of Myotube Differentiation (GO:0010830)	5	441	9	3592	4.525	2.252e-03	3.969e-02	0	0
A-PEP.KIT	Cellular Response to Virus (GO:0098586)	7	441	17	3592	3.354	2.583e-03	4.353e-02	0	0
A-PEP.KIT	Photoperiodism (GO:0009648)	7	441	17	3592	3.354	2.583e-03	4.353e-02	0	0
A-PEP.KIT	Positive Regulation of Peptidyl-Tyrosine Phosphorylation (GO:0050731)	7	441	17	3592	3.354	2.583e-03	4.353e-02	0	0
A-PEP.KIT	Regulation of Metal Ion Transport (GO:0010959)	6	441	13	3592	3.759	2.659e-03	4.353e-02	0	0
A-PEP.KIT	Regulation of Sodium Ion Transmembrane Transport (GO:1902305)	6	441	13	3592	3.759	2.659e-03	4.353e-02	0	0
A-PEP.KIT	MyD88-independent Toll-Like Receptor Signaling Pathway (GO:0002756)	4	441	6	3592	5.430	2.744e-03	4.353e-02	0	0
A-PEP.KIT	Negative Regulation of Sodium Ion Transmembrane Transport (GO:1902306)	4	441	6	3592	5.430	2.744e-03	4.353e-02	0	0
A-PEP.KIT	Positive Regulation of Type I Interferon-Mediated Signaling Pathway (GO:0060340)	4	441	6	3592	5.430	2.744e-03	4.353e-02	0	0
A-PEP.KIT	Regulatory ncRNA-mediated Post-Transcriptional Gene Silencing (GO:0035194)	4	441	6	3592	5.430	2.744e-03	4.353e-02	0	0
A-PEP.KIT	TRIF-dependent Toll-Like Receptor Signaling Pathway (GO:0035666)	4	441	6	3592	5.430	2.744e-03	4.353e-02	0	0
A-PEP.KIT	Glucose Homeostasis (GO:0042593)	11	441	36	3592	2.489	2.862e-03	4.450e-02	0	0
A-PEP.KIT	T Cell Receptor Signaling Pathway (GO:0050852)	11	441	36	3592	2.489	2.862e-03	4.450e-02	0	0
A-PEP.KIT	Positive Regulation of Macromolecule Biosynthetic Process (GO:0010557)	28	441	135	3592	1.689	3.069e-03	4.726e-02	0	0
A-PEP.KIT	Cellular Response to Ionizing Radiation (GO:0071479)	8	441	22	3592	2.962	3.230e-03	4.878e-02	0	0
A-PEP.KIT	Pattern Recognition Receptor Signaling Pathway (GO:0002221)	8	441	22	3592	2.962	3.230e-03	4.878e-02	0	0
A-PEP.KIT	Antigen Receptor-Mediated Signaling Pathway (GO:0050851)	12	441	42	3592	2.327	3.487e-03	5.168e-02	0	0
A-PEP.KIT	Negative Regulation of DNA-binding Transcription Factor Activity (GO:0043433)	12	441	42	3592	2.327	3.487e-03	5.168e-02	0	0
A-PEP.KIT	Positive Regulation of Type I Interferon Production (GO:0032481)	9	441	27	3592	2.715	3.569e-03	5.241e-02	0	0
A-PEP.KIT	Cellular Response to Reactive Oxygen Species (GO:0034614)	11	441	37	3592	2.422	3.634e-03	5.287e-02	0	0
A-PEP.KIT	Chromatin Remodeling (GO:0006338)	20	441	88	3592	1.851	3.994e-03	5.590e-02	0	0
A-PEP.KIT	Astrocyte Development (GO:0014002)	5	441	10	3592	4.073	4.054e-03	5.590e-02	0	0
A-PEP.KIT	MyD88-dependent Toll-Like Receptor Signaling Pathway (GO:0002755)	5	441	10	3592	4.073	4.054e-03	5.590e-02	0	0
A-PEP.KIT	Regulation of Cytoplasmic Pattern Recognition Receptor Signaling Pathway (GO:0039531)	5	441	10	3592	4.073	4.054e-03	5.590e-02	0	0
A-PEP.KIT	Regulatory ncRNA Processing (GO:0070918)	5	441	10	3592	4.073	4.054e-03	5.590e-02	0	0
A-PEP.KIT	Response to Purine-Containing Compound (GO:0014074)	5	441	10	3592	4.073	4.054e-03	5.590e-02	0	0
A-PEP.KIT	Non-Canonical NF-kappaB Signal Transduction (GO:0038061)	6	441	14	3592	3.491	4.178e-03	5.663e-02	0	0
A-PEP.KIT	Regulation of Alternative mRNA Splicing. via Spliceosome (GO:0000381)	6	441	14	3592	3.491	4.178e-03	5.663e-02	0	0
A-PEP.KIT	Positive Regulation of miRNA Metabolic Process (GO:2000630)	8	441	23	3592	2.833	4.431e-03	5.906e-02	0	0
A-PEP.KIT	Regulation of Protein Import Into Nucleus (GO:0042306)	8	441	23	3592	2.833	4.431e-03	5.906e-02	0	0
A-PEP.KIT	Positive Regulation of RNA Biosynthetic Process (GO:1902680)	35	441	185	3592	1.541	4.962e-03	6.518e-02	0	0
A-PEP.KIT	Negative Regulation of MAPK Cascade (GO:0043409)	16	441	66	3592	1.975	4.973e-03	6.518e-02	0	0
A-PEP.KIT	Protein Destabilization (GO:0031648)	7	441	19	3592	3.001	5.374e-03	6.929e-02	0	0
A-PEP.KIT	mRNA Transcription (GO:0009299)	7	441	19	3592	3.001	5.374e-03	6.929e-02	0	0
A-PEP.KIT	Lipopolysaccharide-Mediated Signaling Pathway (GO:0031663)	4	441	7	3592	4.654	5.785e-03	7.282e-02	0	0
A-PEP.KIT	Megakaryocyte Differentiation (GO:0030219)	4	441	7	3592	4.654	5.785e-03	7.282e-02	0	0
A-PEP.KIT	miRNA-mediated Post-Transcriptional Gene Silencing (GO:0035195)	4	441	7	3592	4.654	5.785e-03	7.282e-02	0	0
A-PEP.KIT	Defense Response to Bacterium (GO:0042742)	10	441	34	3592	2.396	5.966e-03	7.392e-02	0	0
A-PEP.KIT	Peptidyl-Lysine Modification (GO:0018205)	10	441	34	3592	2.396	5.966e-03	7.392e-02	0	0
A-PEP.KIT	Fc-epsilon Receptor Signaling Pathway (GO:0038095)	6	441	15	3592	3.258	6.253e-03	7.526e-02	0	0
A-PEP.KIT	Negative Regulation of Carbohydrate Metabolic Process (GO:0045912)	6	441	15	3592	3.258	6.253e-03	7.526e-02	0	0
A-PEP.KIT	Negative Regulation of Sequestering of Calcium Ion (GO:0051283)	6	441	15	3592	3.258	6.253e-03	7.526e-02	0	0
A-PEP.KIT	Regulation of Proteasomal Ubiquitin-Dependent Protein Catabolic Process (GO:0032434)	14	441	56	3592	2.036	6.281e-03	7.526e-02	0	0
A-PEP.KIT	Embryonic Hemopoiesis (GO:0035162)	3	441	4	3592	6.109	6.685e-03	7.526e-02	0	0
A-PEP.KIT	Megakaryocyte Development (GO:0035855)	3	441	4	3592	6.109	6.685e-03	7.526e-02	0	0
A-PEP.KIT	Negative Regulation of Myotube Differentiation (GO:0010832)	3	441	4	3592	6.109	6.685e-03	7.526e-02	0	0
A-PEP.KIT	Positive Regulation of Melanin Biosynthetic Process (GO:0048023)	3	441	4	3592	6.109	6.685e-03	7.526e-02	0	0
A-PEP.KIT	Positive Regulation of Secondary Metabolite Biosynthetic Process (GO:1900378)	3	441	4	3592	6.109	6.685e-03	7.526e-02	0	0
A-PEP.KIT	Thrombopoietin-Mediated Signaling Pathway (GO:0038163)	3	441	4	3592	6.109	6.685e-03	7.526e-02	0	0
A-PEP.KIT	Negative Regulation of Hippo Signaling (GO:0035331)	5	441	11	3592	3.702	6.691e-03	7.526e-02	0	0
A-PEP.KIT	Protein Acetylation (GO:0006473)	5	441	11	3592	3.702	6.691e-03	7.526e-02	0	0
A-PEP.KIT	Protein Deacylation (GO:0035601)	5	441	11	3592	3.702	6.691e-03	7.526e-02	0	0
A-PEP.KIT	Cellular Response to Oxygen-Containing Compound (GO:1901701)	27	441	136	3592	1.617	6.762e-03	7.553e-02	0	0
A-PEP.KIT	Positive Regulation of Intracellular Protein Transport (GO:0090316)	10	441	35	3592	2.327	7.461e-03	8.275e-02	0	0
A-PEP.KIT	Regulation of Receptor Signaling Pathway via JAK-STAT (GO:0046425)	8	441	25	3592	2.606	7.832e-03	8.626e-02	0	0
A-PEP.KIT	Positive Regulation of Protein Localization to Nucleus (GO:1900182)	11	441	41	3592	2.185	8.520e-03	9.319e-02	0	0
A-PEP.KIT	Entrainment of Circadian Clock by Photoperiod (GO:0043153)	6	441	16	3592	3.054	8.986e-03	9.565e-02	0	0
A-PEP.KIT	JNK Cascade (GO:0007254)	6	441	16	3592	3.054	8.986e-03	9.565e-02	0	0
A-PEP.KIT	Positive Regulation of Protein Import Into Nucleus (GO:0042307)	6	441	16	3592	3.054	8.986e-03	9.565e-02	0	0
A-PEP.KIT	Release of Sequestered Calcium Ion Into Cytosol (GO:0051209)	6	441	16	3592	3.054	8.986e-03	9.565e-02	0	0
A-PEP.KIT	Cellular Response to Nitrogen Compound (GO:1901699)	17	441	76	3592	1.822	9.070e-03	9.590e-02	0	0
A-PEP.KIT	Positive Regulation of Cell Differentiation (GO:0045597)	20	441	95	3592	1.715	9.783e-03	9.643e-02	0	0
A-PEP.KIT	Cytoplasmic Microtubule Organization (GO:0031122)	7	441	21	3592	2.715	9.969e-03	9.643e-02	0	0
A-PEP.KIT	Intracellular Glucose Homeostasis (GO:0001678)	7	441	21	3592	2.715	9.969e-03	9.643e-02	0	0
A-PEP.KIT	Positive Regulation of miRNA Transcription (GO:1902895)	7	441	21	3592	2.715	9.969e-03	9.643e-02	0	0
A-PEP.KIT	Negative Regulation of Intracellular Signal Transduction (GO:1902532)	25	441	127	3592	1.603	1.003e-02	9.643e-02	0	0
A-PEP.KIT	Fc-gamma Receptor Signaling Pathway Involved in Phagocytosis (GO:0038096)	5	441	12	3592	3.394	1.033e-02	9.643e-02	0	0
A-PEP.KIT	Focal Adhesion Assembly (GO:0048041)	5	441	12	3592	3.394	1.033e-02	9.643e-02	0	0
A-PEP.KIT	Positive Regulation of Cellular Response to Transforming Growth Factor Beta Stimulus (GO:1903846)	5	441	12	3592	3.394	1.033e-02	9.643e-02	0	0
A-PEP.KIT	Positive Regulation of JUN Kinase Activity (GO:0043507)	5	441	12	3592	3.394	1.033e-02	9.643e-02	0	0
A-PEP.KIT	Positive Regulation of SMAD Protein Signal Transduction (GO:0060391)	5	441	12	3592	3.394	1.033e-02	9.643e-02	0	0
A-PEP.KIT	Positive Regulation of Transforming Growth Factor Beta Receptor Signaling Pathway (GO:0030511)	5	441	12	3592	3.394	1.033e-02	9.643e-02	0	0
A-PEP.KIT	Transition Metal Ion Transport (GO:0000041)	5	441	12	3592	3.394	1.033e-02	9.643e-02	0	0
A-PEP.KIT	Endolysosomal Toll-Like Receptor Signaling Pathway (GO:0140894)	4	441	8	3592	4.073	1.046e-02	9.643e-02	0	0
A-PEP.KIT	Lipoprotein Localization (GO:0044872)	4	441	8	3592	4.073	1.046e-02	9.643e-02	0	0
A-PEP.KIT	Lipoprotein Transport (GO:0042953)	4	441	8	3592	4.073	1.046e-02	9.643e-02	0	0
A-PEP.KIT	Mitotic G2 DNA Damage Checkpoint Signaling (GO:0007095)	4	441	8	3592	4.073	1.046e-02	9.643e-02	0	0
A-PEP.KIT	Negative Regulation of Cardiac Muscle Hypertrophy (GO:0010614)	4	441	8	3592	4.073	1.046e-02	9.643e-02	0	0
A-PEP.KIT	Negative Regulation of Glycolytic Process (GO:0045820)	4	441	8	3592	4.073	1.046e-02	9.643e-02	0	0
A-PEP.KIT	Negative Regulation of Purine Nucleotide Catabolic Process (GO:0033122)	4	441	8	3592	4.073	1.046e-02	9.643e-02	0	0
A-PEP.KIT	Positive Regulation of Glycolytic Process (GO:0045821)	4	441	8	3592	4.073	1.046e-02	9.643e-02	0	0
A-PEP.KIT	Positive Regulation of Purine Nucleotide Catabolic Process (GO:0033123)	4	441	8	3592	4.073	1.046e-02	9.643e-02	0	0
A-PEP.KIT	Regulation of Adipose Tissue Development (GO:1904177)	4	441	8	3592	4.073	1.046e-02	9.643e-02	0	0
A-PEP.KIT	Regulation of Catabolic Process (GO:0009894)	10	441	37	3592	2.201	1.130e-02	1.036e-01	0	0
A-PEP.KIT	Regulation of Programmed Cell Death (GO:0043067)	17	441	78	3592	1.775	1.180e-02	1.058e-01	0	0
A-PEP.KIT	ERBB Signaling Pathway (GO:0038127)	9	441	32	3592	2.291	1.221e-02	1.058e-01	0	0
A-PEP.KIT	Inorganic Cation Import Across Plasma Membrane (GO:0098659)	9	441	32	3592	2.291	1.221e-02	1.058e-01	0	0
A-PEP.KIT	Regulation of Blood Vessel Endothelial Cell Migration (GO:0043535)	9	441	32	3592	2.291	1.221e-02	1.058e-01	0	0
A-PEP.KIT	Response to Reactive Oxygen Species (GO:0000302)	9	441	32	3592	2.291	1.221e-02	1.058e-01	0	0
A-PEP.KIT	Regulation of Transforming Growth Factor Beta Receptor Signaling Pathway (GO:0017015)	11	441	43	3592	2.084	1.237e-02	1.058e-01	0	0
A-PEP.KIT	Cytoplasmic Pattern Recognition Receptor Signaling Pathway (GO:0002753)	6	441	17	3592	2.875	1.248e-02	1.058e-01	0	0
A-PEP.KIT	Embryonic Organ Development (GO:0048568)	6	441	17	3592	2.875	1.248e-02	1.058e-01	0	0
A-PEP.KIT	Negative Regulation of Biosynthetic Process (GO:0009890)	6	441	17	3592	2.875	1.248e-02	1.058e-01	0	0
A-PEP.KIT	Positive Regulation of Interleukin-1 Beta Production (GO:0032731)	6	441	17	3592	2.875	1.248e-02	1.058e-01	0	0
A-PEP.KIT	Protein Polymerization (GO:0051258)	6	441	17	3592	2.875	1.248e-02	1.058e-01	0	0
A-PEP.KIT	Regulation of Sodium Ion Transport (GO:0002028)	6	441	17	3592	2.875	1.248e-02	1.058e-01	0	0
A-PEP.KIT	Sensory Perception (GO:0007600)	6	441	17	3592	2.875	1.248e-02	1.058e-01	0	0
A-PEP.KIT	mRNA Transcription by RNA Polymerase II (GO:0042789)	6	441	17	3592	2.875	1.248e-02	1.058e-01	0	0
A-PEP.KIT	Regulation of Apoptotic Process (GO:0042981)	46	441	273	3592	1.372	1.306e-02	1.102e-01	0	0
A-PEP.KIT	Regulation of Tumor Necrosis Factor Production (GO:0032680)	11	441	44	3592	2.036	1.472e-02	1.158e-01	0	0
A-PEP.KIT	Cellular Response to Cytokine Stimulus (GO:0071345)	21	441	105	3592	1.629	1.473e-02	1.158e-01	0	0
A-PEP.KIT	Fc Receptor Mediated Stimulatory Signaling Pathway (GO:0002431)	5	441	13	3592	3.133	1.512e-02	1.158e-01	0	0
A-PEP.KIT	Fc-gamma Receptor Signaling Pathway (GO:0038094)	5	441	13	3592	3.133	1.512e-02	1.158e-01	0	0
A-PEP.KIT	Oligosaccharide Metabolic Process (GO:0009311)	5	441	13	3592	3.133	1.512e-02	1.158e-01	0	0
A-PEP.KIT	Positive Regulation of ATP Metabolic Process (GO:1903580)	5	441	13	3592	3.133	1.512e-02	1.158e-01	0	0
A-PEP.KIT	Positive Regulation of Carbohydrate Metabolic Process (GO:0045913)	5	441	13	3592	3.133	1.512e-02	1.158e-01	0	0
A-PEP.KIT	RNA Metabolic Process (GO:0016070)	5	441	13	3592	3.133	1.512e-02	1.158e-01	0	0
A-PEP.KIT	Erythrocyte Development (GO:0048821)	3	441	5	3592	4.887	1.519e-02	1.158e-01	0	0
A-PEP.KIT	Interleukin-33-Mediated Signaling Pathway (GO:0038172)	3	441	5	3592	4.887	1.519e-02	1.158e-01	0	0
A-PEP.KIT	Negative Regulation of Epithelial Cell Apoptotic Process (GO:1904036)	3	441	5	3592	4.887	1.519e-02	1.158e-01	0	0
A-PEP.KIT	Negative Regulation of Gluconeogenesis (GO:0045721)	3	441	5	3592	4.887	1.519e-02	1.158e-01	0	0
A-PEP.KIT	Peroxisome Proliferator Activated Receptor Signaling Pathway (GO:0035357)	3	441	5	3592	4.887	1.519e-02	1.158e-01	0	0
A-PEP.KIT	Positive Regulation of MHC Class II Biosynthetic Process (GO:0045348)	3	441	5	3592	4.887	1.519e-02	1.158e-01	0	0
A-PEP.KIT	Positive Regulation of RNA Metabolic Process (GO:0051254)	3	441	5	3592	4.887	1.519e-02	1.158e-01	0	0
A-PEP.KIT	Positive Regulation of Tyrosine Phosphorylation of STAT Protein (GO:0042531)	3	441	5	3592	4.887	1.519e-02	1.158e-01	0	0
A-PEP.KIT	Regulation of Cardiac Muscle Cell Apoptotic Process (GO:0010665)	3	441	5	3592	4.887	1.519e-02	1.158e-01	0	0
A-PEP.KIT	Regulation of Melanin Biosynthetic Process (GO:0048021)	3	441	5	3592	4.887	1.519e-02	1.158e-01	0	0
A-PEP.KIT	Regulation of Receptor Signaling Pathway via STAT (GO:1904892)	3	441	5	3592	4.887	1.519e-02	1.158e-01	0	0
A-PEP.KIT	Regulation of T Cell Cytokine Production (GO:0002724)	3	441	5	3592	4.887	1.519e-02	1.158e-01	0	0
A-PEP.KIT	Calcium Ion Transmembrane Import Into Cytosol (GO:0097553)	8	441	28	3592	2.327	1.617e-02	1.205e-01	0	0
A-PEP.KIT	Signal Transduction in Response to DNA Damage (GO:0042770)	8	441	28	3592	2.327	1.617e-02	1.205e-01	0	0
A-PEP.KIT	Positive Regulation of Proteasomal Ubiquitin-Dependent Protein Catabolic Process (GO:0032436)	10	441	39	3592	2.088	1.648e-02	1.205e-01	0	0
A-PEP.KIT	Regulation of SMAD Protein Signal Transduction (GO:0060390)	6	441	18	3592	2.715	1.683e-02	1.205e-01	0	0
A-PEP.KIT	Tumor Necrosis Factor-Mediated Signaling Pathway (GO:0033209)	6	441	18	3592	2.715	1.683e-02	1.205e-01	0	0
A-PEP.KIT	Fat Cell Differentiation (GO:0045444)	7	441	23	3592	2.479	1.691e-02	1.205e-01	0	0
A-PEP.KIT	Protein Sumoylation (GO:0016925)	7	441	23	3592	2.479	1.691e-02	1.205e-01	0	0
A-PEP.KIT	Mitotic G2/M Transition Checkpoint (GO:0044818)	4	441	9	3592	3.620	1.702e-02	1.205e-01	0	0
A-PEP.KIT	Negative Regulation of ATP Metabolic Process (GO:1903579)	4	441	9	3592	3.620	1.702e-02	1.205e-01	0	0
A-PEP.KIT	Negative Regulation of Telomere Maintenance (GO:0032205)	4	441	9	3592	3.620	1.702e-02	1.205e-01	0	0
A-PEP.KIT	Positive Regulation of Interleukin-12 Production (GO:0032735)	4	441	9	3592	3.620	1.702e-02	1.205e-01	0	0
A-PEP.KIT	Protein Localization to Mitochondrion (GO:0070585)	4	441	9	3592	3.620	1.702e-02	1.205e-01	0	0
A-PEP.KIT	Regulation of Keratinocyte Proliferation (GO:0010837)	4	441	9	3592	3.620	1.702e-02	1.205e-01	0	0
A-PEP.KIT	Regulation of Neuroblast Proliferation (GO:1902692)	4	441	9	3592	3.620	1.702e-02	1.205e-01	0	0
A-PEP.KIT	Response to ATP (GO:0033198)	4	441	9	3592	3.620	1.702e-02	1.205e-01	0	0
A-PEP.KIT	Zinc Ion Transmembrane Transport (GO:0071577)	4	441	9	3592	3.620	1.702e-02	1.205e-01	0	0
A-PEP.KIT	Cellular Response to Metal Ion (GO:0071248)	10	441	40	3592	2.036	1.964e-02	1.385e-01	0	0
A-PEP.KIT	Epidermal Growth Factor Receptor Signaling Pathway (GO:0007173)	8	441	29	3592	2.247	2.000e-02	1.392e-01	0	0
A-PEP.KIT	Regulation of Epithelial Cell Proliferation (GO:0050678)	8	441	29	3592	2.247	2.000e-02	1.392e-01	0	0
A-PEP.KIT	Spindle Assembly (GO:0051225)	8	441	29	3592	2.247	2.000e-02	1.392e-01	0	0
A-PEP.KIT	Positive Regulation of MAPK Cascade (GO:0043410)	24	441	128	3592	1.527	2.050e-02	1.420e-01	0	0
A-PEP.KIT	Cellular Response to Growth Factor Stimulus (GO:0071363)	14	441	64	3592	1.782	2.064e-02	1.423e-01	0	0
A-PEP.KIT	Negative Regulation of Tumor Necrosis Factor Production (GO:0032720)	5	441	14	3592	2.909	2.121e-02	1.425e-01	0	0
A-PEP.KIT	Positive Regulation of Innate Immune Response (GO:0045089)	5	441	14	3592	2.909	2.121e-02	1.425e-01	0	0
A-PEP.KIT	Positive Regulation of Receptor Signaling Pathway via JAK-STAT (GO:0046427)	5	441	14	3592	2.909	2.121e-02	1.425e-01	0	0
A-PEP.KIT	Positive Regulation of Receptor Signaling Pathway via STAT (GO:1904894)	5	441	14	3592	2.909	2.121e-02	1.425e-01	0	0
A-PEP.KIT	Regulation of p38MAPK Cascade (GO:1900744)	5	441	14	3592	2.909	2.121e-02	1.425e-01	0	0
A-PEP.KIT	Spliceosomal Complex Assembly (GO:0000245)	5	441	14	3592	2.909	2.121e-02	1.425e-01	0	0
A-PEP.KIT	Cellular Response to Amyloid-Beta (GO:1904646)	7	441	24	3592	2.376	2.143e-02	1.434e-01	0	0
A-PEP.KIT	Cellular Response to UV (GO:0034644)	9	441	35	3592	2.094	2.202e-02	1.449e-01	0	0
A-PEP.KIT	Positive Regulation of Interleukin-1 Production (GO:0032732)	6	441	19	3592	2.572	2.211e-02	1.449e-01	0	0
A-PEP.KIT	Regulation of Interferon-Beta Production (GO:0032648)	6	441	19	3592	2.572	2.211e-02	1.449e-01	0	0
A-PEP.KIT	Regulation of Protein Localization to Membrane (GO:1905475)	6	441	19	3592	2.572	2.211e-02	1.449e-01	0	0
A-PEP.KIT	Regulation of Wound Healing (GO:0061041)	6	441	19	3592	2.572	2.211e-02	1.449e-01	0	0
A-PEP.KIT	Positive Regulation of Gene Expression (GO:0010628)	29	441	163	3592	1.449	2.289e-02	1.494e-01	0	0
A-PEP.KIT	Negative Regulation of Inflammatory Response (GO:0050728)	10	441	41	3592	1.987	2.323e-02	1.510e-01	0	0
A-PEP.KIT	Peptidyl-Tyrosine Phosphorylation (GO:0018108)	8	441	30	3592	2.172	2.445e-02	1.583e-01	0	0
A-PEP.KIT	DNA Damage Checkpoint Signaling (GO:0000077)	4	441	10	3592	3.258	2.567e-02	1.612e-01	0	0
A-PEP.KIT	DNA Integrity Checkpoint Signaling (GO:0031570)	4	441	10	3592	3.258	2.567e-02	1.612e-01	0	0
A-PEP.KIT	Myeloid Cell Development (GO:0061515)	4	441	10	3592	3.258	2.567e-02	1.612e-01	0	0
A-PEP.KIT	Negative Regulation of Cation Transmembrane Transport (GO:1904063)	4	441	10	3592	3.258	2.567e-02	1.612e-01	0	0
A-PEP.KIT	Negative Regulation of Reactive Oxygen Species Metabolic Process (GO:2000378)	4	441	10	3592	3.258	2.567e-02	1.612e-01	0	0
A-PEP.KIT	Regulation of Gluconeogenesis (GO:0006111)	4	441	10	3592	3.258	2.567e-02	1.612e-01	0	0
A-PEP.KIT	Regulation of Necroptotic Process (GO:0060544)	4	441	10	3592	3.258	2.567e-02	1.612e-01	0	0
A-PEP.KIT	Regulation of RNA Splicing (GO:0043484)	9	441	36	3592	2.036	2.629e-02	1.612e-01	0	0
A-PEP.KIT	Peptidyl-Tyrosine Modification (GO:0018212)	7	441	25	3592	2.281	2.671e-02	1.612e-01	0	0
A-PEP.KIT	Regulation of Fat Cell Differentiation (GO:0045598)	7	441	25	3592	2.281	2.671e-02	1.612e-01	0	0
A-PEP.KIT	Positive Regulation of Epithelial Cell Proliferation (GO:0050679)	10	441	42	3592	1.939	2.727e-02	1.612e-01	0	0
A-PEP.KIT	Angiotensin-Activated Signaling Pathway (GO:0038166)	3	441	6	3592	4.073	2.764e-02	1.612e-01	0	0
A-PEP.KIT	Epithelial Cell Migration (GO:0010631)	3	441	6	3592	4.073	2.764e-02	1.612e-01	0	0
A-PEP.KIT	Locomotor Rhythm (GO:0045475)	3	441	6	3592	4.073	2.764e-02	1.612e-01	0	0
A-PEP.KIT	Negative Regulation of Fatty Acid Metabolic Process (GO:0045922)	3	441	6	3592	4.073	2.764e-02	1.612e-01	0	0
A-PEP.KIT	Negative Regulation of Protein Localization to Cell Surface (GO:2000009)	3	441	6	3592	4.073	2.764e-02	1.612e-01	0	0
A-PEP.KIT	Negative Regulation of Striated Muscle Cell Differentiation (GO:0051154)	3	441	6	3592	4.073	2.764e-02	1.612e-01	0	0
A-PEP.KIT	Peptidyl-Lysine Acetylation (GO:0018394)	3	441	6	3592	4.073	2.764e-02	1.612e-01	0	0
A-PEP.KIT	Positive Regulation of Circadian Rhythm (GO:0042753)	3	441	6	3592	4.073	2.764e-02	1.612e-01	0	0
A-PEP.KIT	Positive Regulation of Cytokine Production Involved in Inflammatory Response (GO:1900017)	3	441	6	3592	4.073	2.764e-02	1.612e-01	0	0
A-PEP.KIT	Positive Regulation of Vascular Endothelial Growth Factor Receptor Signaling Pathway (GO:0030949)	3	441	6	3592	4.073	2.764e-02	1.612e-01	0	0
A-PEP.KIT	Protein K27-linked Ubiquitination (GO:0044314)	3	441	6	3592	4.073	2.764e-02	1.612e-01	0	0
A-PEP.KIT	Protein Localization to Chromosome. Telomeric Region (GO:0070198)	3	441	6	3592	4.073	2.764e-02	1.612e-01	0	0
A-PEP.KIT	Regulation of Fatty Acid Metabolic Process (GO:0019217)	3	441	6	3592	4.073	2.764e-02	1.612e-01	0	0
A-PEP.KIT	Regulation of Intrinsic Apoptotic Signaling Pathway by P53 Class Mediator (GO:1902253)	3	441	6	3592	4.073	2.764e-02	1.612e-01	0	0
A-PEP.KIT	Regulation of MHC Class II Biosynthetic Process (GO:0045346)	3	441	6	3592	4.073	2.764e-02	1.612e-01	0	0
A-PEP.KIT	Regulation of Vascular Endothelial Cell Proliferation (GO:1905562)	3	441	6	3592	4.073	2.764e-02	1.612e-01	0	0
A-PEP.KIT	Intrinsic Apoptotic Signaling Pathway in Response to DNA Damage (GO:0008630)	6	441	20	3592	2.444	2.841e-02	1.613e-01	0	0
A-PEP.KIT	Positive Regulation of Cytokine-Mediated Signaling Pathway (GO:0001961)	6	441	20	3592	2.444	2.841e-02	1.613e-01	0	0
A-PEP.KIT	Regulation of Stem Cell Differentiation (GO:2000736)	6	441	20	3592	2.444	2.841e-02	1.613e-01	0	0
A-PEP.KIT	Regulation of Tumor Necrosis Factor-Mediated Signaling Pathway (GO:0010803)	6	441	20	3592	2.444	2.841e-02	1.613e-01	0	0
A-PEP.KIT	Mitotic DNA Damage Checkpoint Signaling (GO:0044773)	5	441	15	3592	2.715	2.868e-02	1.613e-01	0	0
A-PEP.KIT	Negative Regulation of JNK Cascade (GO:0046329)	5	441	15	3592	2.715	2.868e-02	1.613e-01	0	0
A-PEP.KIT	Negative Regulation of Tumor Necrosis Factor Superfamily Cytokine Production (GO:1903556)	5	441	15	3592	2.715	2.868e-02	1.613e-01	0	0
A-PEP.KIT	Protein Localization to Chromosome (GO:0034502)	5	441	15	3592	2.715	2.868e-02	1.613e-01	0	0
A-PEP.KIT	Regulation of Androgen Receptor Signaling Pathway (GO:0060765)	5	441	15	3592	2.715	2.868e-02	1.613e-01	0	0
A-PEP.KIT	Regulation of Hippo Signaling (GO:0035330)	5	441	15	3592	2.715	2.868e-02	1.613e-01	0	0
A-PEP.KIT	Regulation of Angiogenesis (GO:0045765)	15	441	73	3592	1.674	2.894e-02	1.622e-01	0	0
A-PEP.KIT	Positive Regulation of Wnt Signaling Pathway (GO:0030177)	9	441	37	3592	1.981	3.111e-02	1.731e-01	0	0
A-PEP.KIT	Response to UV (GO:0009411)	9	441	37	3592	1.981	3.111e-02	1.731e-01	0	0
A-PEP.KIT	Positive Regulation of Ubiquitin-Dependent Protein Catabolic Process (GO:2000060)	11	441	49	3592	1.828	3.186e-02	1.767e-01	0	0
A-PEP.KIT	Positive Regulation of Developmental Process (GO:0051094)	17	441	87	3592	1.592	3.282e-02	1.783e-01	0	0
A-PEP.KIT	Cell Junction Organization (GO:0034330)	7	441	26	3592	2.193	3.282e-02	1.783e-01	0	0
A-PEP.KIT	Negative Regulation of Immune Response (GO:0050777)	7	441	26	3592	2.193	3.282e-02	1.783e-01	0	0
A-PEP.KIT	Positive Regulation of Blood Vessel Endothelial Cell Migration (GO:0043536)	7	441	26	3592	2.193	3.282e-02	1.783e-01	0	0
A-PEP.KIT	Positive Regulation of Telomere Maintenance (GO:0032206)	7	441	26	3592	2.193	3.282e-02	1.783e-01	0	0
A-PEP.KIT	Regulation of Defense Response (GO:0031347)	7	441	26	3592	2.193	3.282e-02	1.783e-01	0	0
A-PEP.KIT	Positive Regulation of Tumor Necrosis Factor Production (GO:0032760)	8	441	32	3592	2.036	3.532e-02	1.899e-01	0	0
A-PEP.KIT	Positive Regulation of Tumor Necrosis Factor Superfamily Cytokine Production (GO:1903557)	8	441	32	3592	2.036	3.532e-02	1.899e-01	0	0
A-PEP.KIT	Regulation of Wnt Signaling Pathway (GO:0030111)	8	441	32	3592	2.036	3.532e-02	1.899e-01	0	0
A-PEP.KIT	Keratinocyte Differentiation (GO:0030216)	4	441	11	3592	2.962	3.651e-02	1.911e-01	0	0
A-PEP.KIT	Negative Regulation of Receptor Signaling Pathway via STAT (GO:1904893)	4	441	11	3592	2.962	3.651e-02	1.911e-01	0	0
A-PEP.KIT	Negative Regulation of Wound Healing (GO:0061045)	4	441	11	3592	2.962	3.651e-02	1.911e-01	0	0
A-PEP.KIT	Non-Motile Cilium Assembly (GO:1905515)	4	441	11	3592	2.962	3.651e-02	1.911e-01	0	0
A-PEP.KIT	O-glycan Processing (GO:0016266)	4	441	11	3592	2.962	3.651e-02	1.911e-01	0	0
A-PEP.KIT	Protein Acylation (GO:0043543)	4	441	11	3592	2.962	3.651e-02	1.911e-01	0	0
A-PEP.KIT	Regulation of Interferon-Alpha Production (GO:0032647)	4	441	11	3592	2.962	3.651e-02	1.911e-01	0	0
A-PEP.KIT	Sensory Perception of Pain (GO:0019233)	4	441	11	3592	2.962	3.651e-02	1.911e-01	0	0
A-PEP.KIT	Cell-Substrate Junction Assembly (GO:0007044)	5	441	16	3592	2.545	3.763e-02	1.914e-01	0	0
A-PEP.KIT	Negative Regulation of Protein Modification Process (GO:0031400)	5	441	16	3592	2.545	3.763e-02	1.914e-01	0	0
A-PEP.KIT	Regulation of Cardiac Muscle Cell Action Potential (GO:0098901)	5	441	16	3592	2.545	3.763e-02	1.914e-01	0	0
A-PEP.KIT	Regulation of JUN Kinase Activity (GO:0043506)	5	441	16	3592	2.545	3.763e-02	1.914e-01	0	0
A-PEP.KIT	B Cell Activation (GO:0042113)	7	441	27	3592	2.112	3.980e-02	1.914e-01	0	0
A-PEP.KIT	Regulation of mRNA Splicing. via Spliceosome (GO:0048024)	7	441	27	3592	2.112	3.980e-02	1.914e-01	0	0
A-PEP.KIT	Response to Amyloid-Beta (GO:1904645)	7	441	27	3592	2.112	3.980e-02	1.914e-01	0	0
A-PEP.KIT	Response to Tumor Necrosis Factor (GO:0034612)	7	441	27	3592	2.112	3.980e-02	1.914e-01	0	0
A-PEP.KIT	Cellular Response to Erythropoietin (GO:0036018)	2	441	3	3592	5.430	4.145e-02	1.914e-01	0	0
A-PEP.KIT	Dendrite Arborization (GO:0140059)	2	441	3	3592	5.430	4.145e-02	1.914e-01	0	0
A-PEP.KIT	Dendritic Cell Migration (GO:0036336)	2	441	3	3592	5.430	4.145e-02	1.914e-01	0	0
A-PEP.KIT	Dermatan Sulfate Proteoglycan Metabolic Process (GO:0050655)	2	441	3	3592	5.430	4.145e-02	1.914e-01	0	0
A-PEP.KIT	Fatty Acid Homeostasis (GO:0055089)	2	441	3	3592	5.430	4.145e-02	1.914e-01	0	0
A-PEP.KIT	G Protein-Coupled Glutamate Receptor Signaling Pathway (GO:0007216)	2	441	3	3592	5.430	4.145e-02	1.914e-01	0	0
A-PEP.KIT	Male Gonad Development (GO:0008584)	2	441	3	3592	5.430	4.145e-02	1.914e-01	0	0
A-PEP.KIT	Negative Regulation of Cardiac Muscle Adaptation (GO:0010616)	2	441	3	3592	5.430	4.145e-02	1.914e-01	0	0
A-PEP.KIT	Negative Regulation of Cardiac Muscle Hypertrophy in Response to Stress (GO:1903243)	2	441	3	3592	5.430	4.145e-02	1.914e-01	0	0
A-PEP.KIT	Negative Regulation of Keratinocyte Proliferation (GO:0010839)	2	441	3	3592	5.430	4.145e-02	1.914e-01	0	0
A-PEP.KIT	Positive Regulation of Dendritic Cell Cytokine Production (GO:0002732)	2	441	3	3592	5.430	4.145e-02	1.914e-01	0	0
A-PEP.KIT	Positive Regulation of Integrin-Mediated Signaling Pathway (GO:2001046)	2	441	3	3592	5.430	4.145e-02	1.914e-01	0	0
A-PEP.KIT	Positive Regulation of Non-Canonical Wnt Signaling Pathway (GO:2000052)	2	441	3	3592	5.430	4.145e-02	1.914e-01	0	0
A-PEP.KIT	Positive Regulation of Stem Cell Differentiation (GO:2000738)	2	441	3	3592	5.430	4.145e-02	1.914e-01	0	0
A-PEP.KIT	Positive Regulation of Stress-Activated MAPK Cascade (GO:0032874)	2	441	3	3592	5.430	4.145e-02	1.914e-01	0	0
A-PEP.KIT	Positive Regulation of Stress-Activated Protein Kinase Signaling Cascade (GO:0070304)	2	441	3	3592	5.430	4.145e-02	1.914e-01	0	0
A-PEP.KIT	Positive Regulation of Transforming Growth Factor Beta Production (GO:0071636)	2	441	3	3592	5.430	4.145e-02	1.914e-01	0	0
A-PEP.KIT	Protein Localization to Site of Double-Strand Break (GO:1990166)	2	441	3	3592	5.430	4.145e-02	1.914e-01	0	0
A-PEP.KIT	Protein auto-ADP-ribosylation (GO:0070213)	2	441	3	3592	5.430	4.145e-02	1.914e-01	0	0
A-PEP.KIT	Regulation of Carbohydrate Catabolic Process (GO:0043470)	2	441	3	3592	5.430	4.145e-02	1.914e-01	0	0
A-PEP.KIT	Regulation of Cardiac Muscle Hypertrophy in Response to Stress (GO:1903242)	2	441	3	3592	5.430	4.145e-02	1.914e-01	0	0
A-PEP.KIT	Regulation of Purine Nucleotide Catabolic Process (GO:0033121)	2	441	3	3592	5.430	4.145e-02	1.914e-01	0	0
A-PEP.KIT	Regulation of Tubulin Deacetylation (GO:0090043)	2	441	3	3592	5.430	4.145e-02	1.914e-01	0	0
A-PEP.KIT	Response to BMP (GO:0071772)	2	441	3	3592	5.430	4.145e-02	1.914e-01	0	0
A-PEP.KIT	Response to Leptin (GO:0044321)	2	441	3	3592	5.430	4.145e-02	1.914e-01	0	0
A-PEP.KIT	Response to Manganese Ion (GO:0010042)	2	441	3	3592	5.430	4.145e-02	1.914e-01	0	0
A-PEP.KIT	Synaptic Vesicle Clustering (GO:0097091)	2	441	3	3592	5.430	4.145e-02	1.914e-01	0	0
A-PEP.KIT	Synaptic Vesicle Localization (GO:0097479)	2	441	3	3592	5.430	4.145e-02	1.914e-01	0	0
A-PEP.KIT	T-helper Cell Differentiation (GO:0042093)	2	441	3	3592	5.430	4.145e-02	1.914e-01	0	0
A-PEP.KIT	cAMP-mediated Signaling (GO:0019933)	2	441	3	3592	5.430	4.145e-02	1.914e-01	0	0
A-PEP.KIT	DNA Damage Response (GO:0006974)	22	441	123	3592	1.457	4.178e-02	1.914e-01	0	0
A-PEP.KIT	Cellular Response to Tumor Necrosis Factor (GO:0071356)	8	441	33	3592	1.975	4.181e-02	1.914e-01	0	0
A-PEP.KIT	Regulation of Primary Metabolic Process (GO:0080090)	8	441	33	3592	1.975	4.181e-02	1.914e-01	0	0
A-PEP.KIT	Apoptotic Process (GO:0006915)	17	441	90	3592	1.539	4.388e-02	1.914e-01	0	0
A-PEP.KIT	3'-UTR-mediated mRNA Stabilization (GO:0070935)	3	441	7	3592	3.491	4.403e-02	1.914e-01	0	0
A-PEP.KIT	Astrocyte Activation (GO:0048143)	3	441	7	3592	3.491	4.403e-02	1.914e-01	0	0
A-PEP.KIT	Cellular Response to ATP (GO:0071318)	3	441	7	3592	3.491	4.403e-02	1.914e-01	0	0
A-PEP.KIT	Cellular Response to Dopamine (GO:1903351)	3	441	7	3592	3.491	4.403e-02	1.914e-01	0	0
A-PEP.KIT	DNA Repair-Dependent Chromatin Remodeling (GO:0140861)	3	441	7	3592	3.491	4.403e-02	1.914e-01	0	0
A-PEP.KIT	Lipid Translocation (GO:0034204)	3	441	7	3592	3.491	4.403e-02	1.914e-01	0	0
A-PEP.KIT	Negative Regulation of Androgen Receptor Signaling Pathway (GO:0060766)	3	441	7	3592	3.491	4.403e-02	1.914e-01	0	0
A-PEP.KIT	Negative Regulation of Fatty Acid Biosynthetic Process (GO:0045717)	3	441	7	3592	3.491	4.403e-02	1.914e-01	0	0
A-PEP.KIT	Oligosaccharide Biosynthetic Process (GO:0009312)	3	441	7	3592	3.491	4.403e-02	1.914e-01	0	0
A-PEP.KIT	Positive Regulation of Cardiac Muscle Cell Proliferation (GO:0060045)	3	441	7	3592	3.491	4.403e-02	1.914e-01	0	0
A-PEP.KIT	Positive Regulation of Cardiac Muscle Tissue Growth (GO:0055023)	3	441	7	3592	3.491	4.403e-02	1.914e-01	0	0
A-PEP.KIT	Positive Regulation of T Cell Cytokine Production (GO:0002726)	3	441	7	3592	3.491	4.403e-02	1.914e-01	0	0
A-PEP.KIT	Regulation of Bone Remodeling (GO:0046850)	3	441	7	3592	3.491	4.403e-02	1.914e-01	0	0
A-PEP.KIT	Regulation of Cellular Response to Oxidative Stress (GO:1900407)	3	441	7	3592	3.491	4.403e-02	1.914e-01	0	0
A-PEP.KIT	Regulation of Extracellular Matrix Assembly (GO:1901201)	3	441	7	3592	3.491	4.403e-02	1.914e-01	0	0
A-PEP.KIT	Regulation of Programmed Necrotic Cell Death (GO:0062098)	3	441	7	3592	3.491	4.403e-02	1.914e-01	0	0
A-PEP.KIT	Regulation of Telomere Capping (GO:1904353)	3	441	7	3592	3.491	4.403e-02	1.914e-01	0	0
A-PEP.KIT	Regulation of Tyrosine Phosphorylation of STAT Protein (GO:0042509)	3	441	7	3592	3.491	4.403e-02	1.914e-01	0	0
A-PEP.KIT	Retrograde Transport. Vesicle Recycling Within Golgi (GO:0000301)	3	441	7	3592	3.491	4.403e-02	1.914e-01	0	0
A-PEP.KIT	Cellular Response to Mechanical Stimulus (GO:0071260)	6	441	22	3592	2.221	4.429e-02	1.914e-01	0	0
A-PEP.KIT	Positive Regulation of JNK Cascade (GO:0046330)	6	441	22	3592	2.221	4.429e-02	1.914e-01	0	0
A-PEP.KIT	Regulation of Cell Development (GO:0060284)	6	441	22	3592	2.221	4.429e-02	1.914e-01	0	0
A-PEP.KIT	Metal Ion Transport (GO:0030001)	11	441	52	3592	1.723	4.721e-02	2.033e-01	0	0
A-PEP.KIT	Protein Autoubiquitination (GO:0051865)	7	441	28	3592	2.036	4.768e-02	2.033e-01	0	0
A-PEP.KIT	Canonical Wnt Signaling Pathway (GO:0060070)	5	441	17	3592	2.396	4.811e-02	2.033e-01	0	0
A-PEP.KIT	Cellular Response to Hydrogen Peroxide (GO:0070301)	5	441	17	3592	2.396	4.811e-02	2.033e-01	0	0
A-PEP.KIT	Positive Regulation of Chemokine Production (GO:0032722)	5	441	17	3592	2.396	4.811e-02	2.033e-01	0	0
A-PEP.KIT	Cellular Response to Lipopolysaccharide (GO:0071222)	8	441	34	3592	1.916	4.905e-02	2.033e-01	0	0
A-PEP.KIT	Positive Regulation of Vasculature Development (GO:1904018)	8	441	34	3592	1.916	4.905e-02	2.033e-01	0	0
A-PEP.KIT	Regulation of Protein Binding (GO:0043393)	8	441	34	3592	1.916	4.905e-02	2.033e-01	0	0
A-PEP.KIT	Calcium Ion Import (GO:0070509)	4	441	12	3592	2.715	4.960e-02	2.033e-01	0	0
A-PEP.KIT	Cellular Response to Interleukin-6 (GO:0071354)	4	441	12	3592	2.715	4.960e-02	2.033e-01	0	0
A-PEP.KIT	Negative Regulation of Cytokine Production Involved in Inflammatory Response (GO:1900016)	4	441	12	3592	2.715	4.960e-02	2.033e-01	0	0
A-PEP.KIT	Phospholipid Translocation (GO:0045332)	4	441	12	3592	2.715	4.960e-02	2.033e-01	0	0
A-PEP.KIT	Positive Regulation of Inflammasome-Mediated Signaling Pathway (GO:0141087)	4	441	12	3592	2.715	4.960e-02	2.033e-01	0	0
A-PEP.KIT	Positive Regulation of NLRP3 Inflammasome Complex Assembly (GO:1900227)	4	441	12	3592	2.715	4.960e-02	2.033e-01	0	0
A-PEP.KIT	Positive Regulation of Response to Wounding (GO:1903036)	4	441	12	3592	2.715	4.960e-02	2.033e-01	0	0
A-PEP.KIT	Regulation of Interleukin-12 Production (GO:0032655)	4	441	12	3592	2.715	4.960e-02	2.033e-01	0	0
A-PEP.KIT	Regulation of Keratinocyte Differentiation (GO:0045616)	4	441	12	3592	2.715	4.960e-02	2.033e-01	0	0
A-PEP.KIT	Regulation of Membrane Depolarization (GO:0003254)	4	441	12	3592	2.715	4.960e-02	2.033e-01	0	0
A-PEP.KIT	Vascular Endothelial Growth Factor Receptor Signaling Pathway (GO:0048010)	4	441	12	3592	2.715	4.960e-02	2.033e-01	0	0
A-PEP.KIT	mRNA Destabilization (GO:0061157)	4	441	12	3592	2.715	4.960e-02	2.033e-01	0	0
A-PEP.KIT	Monoatomic Cation Transmembrane Transport (GO:0098655)	17	441	92	3592	1.505	5.260e-02	2.145e-01	0	0
A-PEP.KIT	Supramolecular Fiber Organization (GO:0097435)	17	441	92	3592	1.505	5.260e-02	2.145e-01	0	0
A-PEP.KIT	Nervous System Development (GO:0007399)	29	441	175	3592	1.350	5.292e-02	2.152e-01	0	0
A-PEP.KIT	Calcium-Mediated Signaling (GO:0019722)	6	441	23	3592	2.125	5.395e-02	2.172e-01	0	0
A-PEP.KIT	Peptidyl-Threonine Phosphorylation (GO:0018107)	6	441	23	3592	2.125	5.395e-02	2.172e-01	0	0
A-PEP.KIT	Regulation of Heart Rate by Cardiac Conduction (GO:0086091)	6	441	23	3592	2.125	5.395e-02	2.172e-01	0	0
A-PEP.KIT	Regulation of Interleukin-1 Beta Production (GO:0032651)	6	441	23	3592	2.125	5.395e-02	2.172e-01	0	0
A-PEP.KIT	Regulation of Cytokine Production (GO:0001817)	10	441	47	3592	1.733	5.509e-02	2.212e-01	0	0
A-PEP.KIT	Positive Regulation of Angiogenesis (GO:0045766)	9	441	41	3592	1.788	5.644e-02	2.257e-01	0	0
A-PEP.KIT	Negative Regulation of Epithelial Cell Proliferation (GO:0050680)	7	441	29	3592	1.966	5.648e-02	2.257e-01	0	0
A-PEP.KIT	Inorganic Cation Transmembrane Transport (GO:0098662)	17	441	93	3592	1.489	5.739e-02	2.287e-01	0	0
A-PEP.KIT	Cilium Assembly (GO:0060271)	11	441	54	3592	1.659	5.987e-02	2.368e-01	0	0
A-PEP.KIT	Cilium Organization (GO:0044782)	11	441	54	3592	1.659	5.987e-02	2.368e-01	0	0
A-PEP.KIT	Defense Response to Virus (GO:0051607)	11	441	54	3592	1.659	5.987e-02	2.368e-01	0	0
A-PEP.KIT	Regulation of Vascular Associated Smooth Muscle Cell Proliferation (GO:1904705)	5	441	18	3592	2.263	6.015e-02	2.373e-01	0	0
A-PEP.KIT	Plasma Membrane Bounded Cell Projection Assembly (GO:0120031)	14	441	74	3592	1.541	6.298e-02	2.412e-01	0	0
A-PEP.KIT	Carbohydrate Biosynthetic Process (GO:0016051)	3	441	8	3592	3.054	6.417e-02	2.412e-01	0	0
A-PEP.KIT	Cellular Response to Angiotensin (GO:1904385)	3	441	8	3592	3.054	6.417e-02	2.412e-01	0	0
A-PEP.KIT	Interleukin-6-Mediated Signaling Pathway (GO:0070102)	3	441	8	3592	3.054	6.417e-02	2.412e-01	0	0
A-PEP.KIT	Mammary Gland Development (GO:0030879)	3	441	8	3592	3.054	6.417e-02	2.412e-01	0	0
A-PEP.KIT	Negative Regulation of Lipid Biosynthetic Process (GO:0051055)	3	441	8	3592	3.054	6.417e-02	2.412e-01	0	0
A-PEP.KIT	Positive Regulation of Muscle Cell Differentiation (GO:0051149)	3	441	8	3592	3.054	6.417e-02	2.412e-01	0	0
A-PEP.KIT	Positive Regulation of Nitric-Oxide Synthase Activity (GO:0051000)	3	441	8	3592	3.054	6.417e-02	2.412e-01	0	0
A-PEP.KIT	Protein Quality Control for Misfolded or Incompletely Synthesized Proteins (GO:0006515)	3	441	8	3592	3.054	6.417e-02	2.412e-01	0	0
A-PEP.KIT	Regulation of Muscle Cell Differentiation (GO:0051147)	3	441	8	3592	3.054	6.417e-02	2.412e-01	0	0
A-PEP.KIT	Regulation of Response to Cytokine Stimulus (GO:0060759)	3	441	8	3592	3.054	6.417e-02	2.412e-01	0	0
A-PEP.KIT	Regulation of Ventricular Cardiac Muscle Cell Action Potential (GO:0098911)	3	441	8	3592	3.054	6.417e-02	2.412e-01	0	0
A-PEP.KIT	Relaxation of Cardiac Muscle (GO:0055119)	3	441	8	3592	3.054	6.417e-02	2.412e-01	0	0
A-PEP.KIT	Retinoic Acid Receptor Signaling Pathway (GO:0048384)	3	441	8	3592	3.054	6.417e-02	2.412e-01	0	0
A-PEP.KIT	Sodium Ion Import Across Plasma Membrane (GO:0098719)	3	441	8	3592	3.054	6.417e-02	2.412e-01	0	0
A-PEP.KIT	Cellular Response to Light Stimulus (GO:0071482)	6	441	24	3592	2.036	6.479e-02	2.412e-01	0	0
A-PEP.KIT	Peptidyl-Threonine Modification (GO:0018210)	6	441	24	3592	2.036	6.479e-02	2.412e-01	0	0
A-PEP.KIT	Regulation of Telomere Maintenance (GO:0032204)	6	441	24	3592	2.036	6.479e-02	2.412e-01	0	0
A-PEP.KIT	Cardiac Muscle Tissue Development (GO:0048738)	4	441	13	3592	2.506	6.493e-02	2.412e-01	0	0
A-PEP.KIT	Glycerophospholipid Metabolic Process (GO:0006650)	4	441	13	3592	2.506	6.493e-02	2.412e-01	0	0
A-PEP.KIT	Lytic Vacuole Organization (GO:0080171)	4	441	13	3592	2.506	6.493e-02	2.412e-01	0	0
A-PEP.KIT	RNA Catabolic Process (GO:0006401)	4	441	13	3592	2.506	6.493e-02	2.412e-01	0	0
A-PEP.KIT	Regulation of Cardiac Muscle Cell Contraction (GO:0086004)	4	441	13	3592	2.506	6.493e-02	2.412e-01	0	0
A-PEP.KIT	Regulation of Type I Interferon-Mediated Signaling Pathway (GO:0060338)	4	441	13	3592	2.506	6.493e-02	2.412e-01	0	0
A-PEP.KIT	Stem Cell Differentiation (GO:0048863)	4	441	13	3592	2.506	6.493e-02	2.412e-01	0	0
A-PEP.KIT	Positive Regulation of Canonical Wnt Signaling Pathway (GO:0090263)	7	441	30	3592	1.901	6.623e-02	2.449e-01	0	0
A-PEP.KIT	Regulation of Phosphorylation (GO:0042325)	7	441	30	3592	1.901	6.623e-02	2.449e-01	0	0
A-PEP.KIT	Negative Regulation of Macromolecule Biosynthetic Process (GO:0010558)	16	441	88	3592	1.481	6.662e-02	2.457e-01	0	0
A-PEP.KIT	Protein Polyubiquitination (GO:0000209)	18	441	102	3592	1.437	6.877e-02	2.481e-01	0	0
A-PEP.KIT	protein-RNA Complex Assembly (GO:0022618)	9	441	43	3592	1.705	7.303e-02	2.481e-01	0	0
A-PEP.KIT	Cellular Response to Calcium Ion (GO:0071277)	5	441	19	3592	2.143	7.373e-02	2.481e-01	0	0
A-PEP.KIT	Negative Regulation of Organelle Assembly (GO:1902116)	5	441	19	3592	2.143	7.373e-02	2.481e-01	0	0
A-PEP.KIT	Nuclear Receptor-Mediated Steroid Hormone Signaling Pathway (GO:0030518)	5	441	19	3592	2.143	7.373e-02	2.481e-01	0	0
A-PEP.KIT	Regulation of Interleukin-2 Production (GO:0032663)	5	441	19	3592	2.143	7.373e-02	2.481e-01	0	0
A-PEP.KIT	Regulation of Neurogenesis (GO:0050767)	5	441	19	3592	2.143	7.373e-02	2.481e-01	0	0
A-PEP.KIT	Response to Hydrogen Peroxide (GO:0042542)	5	441	19	3592	2.143	7.373e-02	2.481e-01	0	0
A-PEP.KIT	Positive Regulation of Proteasomal Protein Catabolic Process (GO:1901800)	11	441	56	3592	1.600	7.458e-02	2.481e-01	0	0
A-PEP.KIT	Regulation of Cell Cycle (GO:0051726)	19	441	110	3592	1.407	7.479e-02	2.481e-01	0	0
A-PEP.KIT	Positive Regulation of Macroautophagy (GO:0016239)	8	441	37	3592	1.761	7.543e-02	2.481e-01	0	0
A-PEP.KIT	Regulation of Response to External Stimulus (GO:0032101)	8	441	37	3592	1.761	7.543e-02	2.481e-01	0	0
A-PEP.KIT	Actin-Mediated Cell Contraction (GO:0070252)	2	441	4	3592	4.073	7.622e-02	2.481e-01	0	0
A-PEP.KIT	Cell Surface Receptor Protein Tyrosine Phosphatase Signaling Pathway (GO:0007185)	2	441	4	3592	4.073	7.622e-02	2.481e-01	0	0
A-PEP.KIT	Cellular Response to Leptin Stimulus (GO:0044320)	2	441	4	3592	4.073	7.622e-02	2.481e-01	0	0
A-PEP.KIT	Cellular Response to Lipoteichoic Acid (GO:0071223)	2	441	4	3592	4.073	7.622e-02	2.481e-01	0	0
A-PEP.KIT	Development of Primary Male Sexual Characteristics (GO:0046546)	2	441	4	3592	4.073	7.622e-02	2.481e-01	0	0
A-PEP.KIT	Hepaticobiliary System Development (GO:0061008)	2	441	4	3592	4.073	7.622e-02	2.481e-01	0	0
A-PEP.KIT	Interleukin-12-Mediated Signaling Pathway (GO:0035722)	2	441	4	3592	4.073	7.622e-02	2.481e-01	0	0
A-PEP.KIT	Leptin-Mediated Signaling Pathway (GO:0033210)	2	441	4	3592	4.073	7.622e-02	2.481e-01	0	0
A-PEP.KIT	Limb Morphogenesis (GO:0035108)	2	441	4	3592	4.073	7.622e-02	2.481e-01	0	0
A-PEP.KIT	Mitotic Nuclear Membrane Disassembly (GO:0007077)	2	441	4	3592	4.073	7.622e-02	2.481e-01	0	0
A-PEP.KIT	Negative Regulation of Cholesterol Storage (GO:0010887)	2	441	4	3592	4.073	7.622e-02	2.481e-01	0	0
A-PEP.KIT	Negative Regulation of DNA-templated Transcription. Elongation (GO:0032785)	2	441	4	3592	4.073	7.622e-02	2.481e-01	0	0
A-PEP.KIT	Negative Regulation of Muscle Hypertrophy (GO:0014741)	2	441	4	3592	4.073	7.622e-02	2.481e-01	0	0
A-PEP.KIT	Negative Regulation of Transcription Elongation by RNA Polymerase II (GO:0034244)	2	441	4	3592	4.073	7.622e-02	2.481e-01	0	0
A-PEP.KIT	Nucleotide-Binding Domain. Leucine Rich Repeat Containing Receptor Signaling Pathway (GO:0035872)	2	441	4	3592	4.073	7.622e-02	2.481e-01	0	0
A-PEP.KIT	Peptidyl-Lysine Methylation (GO:0018022)	2	441	4	3592	4.073	7.622e-02	2.481e-01	0	0
A-PEP.KIT	Positive Regulation of Calcium Ion Transport Into Cytosol (GO:0010524)	2	441	4	3592	4.073	7.622e-02	2.481e-01	0	0
A-PEP.KIT	Positive Regulation of Cyclase Activity (GO:0031281)	2	441	4	3592	4.073	7.622e-02	2.481e-01	0	0
A-PEP.KIT	Positive Regulation of Embryonic Development (GO:0040019)	2	441	4	3592	4.073	7.622e-02	2.481e-01	0	0
A-PEP.KIT	Positive Regulation of Lipid Localization (GO:1905954)	2	441	4	3592	4.073	7.622e-02	2.481e-01	0	0
A-PEP.KIT	Positive Regulation of Striated Muscle Cell Differentiation (GO:0051155)	2	441	4	3592	4.073	7.622e-02	2.481e-01	0	0
A-PEP.KIT	Positive Regulation of T-helper 17 Cell Differentiation (GO:2000321)	2	441	4	3592	4.073	7.622e-02	2.481e-01	0	0
A-PEP.KIT	Positive Regulation of T-helper Cell Differentiation (GO:0045624)	2	441	4	3592	4.073	7.622e-02	2.481e-01	0	0
A-PEP.KIT	Positive Regulation of Vascular Endothelial Cell Proliferation (GO:1905564)	2	441	4	3592	4.073	7.622e-02	2.481e-01	0	0
A-PEP.KIT	Reg of T Cell Act via T Cell Rec Contact With Ag Bound to MHC Mol on Ag Presenting Cell (GO:2001188)	2	441	4	3592	4.073	7.622e-02	2.481e-01	0	0
A-PEP.KIT	Regulation of B Cell Activation (GO:0050864)	2	441	4	3592	4.073	7.622e-02	2.481e-01	0	0
A-PEP.KIT	Regulation of Cell Cycle Checkpoint (GO:1901976)	2	441	4	3592	4.073	7.622e-02	2.481e-01	0	0
A-PEP.KIT	Regulation of Cellular Response to Insulin Stimulus (GO:1900076)	2	441	4	3592	4.073	7.622e-02	2.481e-01	0	0
A-PEP.KIT	Regulation of Chemokine-Mediated Signaling Pathway (GO:0070099)	2	441	4	3592	4.073	7.622e-02	2.481e-01	0	0
A-PEP.KIT	Regulation of Growth Hormone Receptor Signaling Pathway (GO:0060398)	2	441	4	3592	4.073	7.622e-02	2.481e-01	0	0
A-PEP.KIT	Regulation of Integrin Activation (GO:0033623)	2	441	4	3592	4.073	7.622e-02	2.481e-01	0	0
A-PEP.KIT	Regulation of Interleukin-5 Production (GO:0032674)	2	441	4	3592	4.073	7.622e-02	2.481e-01	0	0
A-PEP.KIT	Regulation of Peptidyl-Lysine Acetylation (GO:2000756)	2	441	4	3592	4.073	7.622e-02	2.481e-01	0	0
A-PEP.KIT	Regulation of Peroxisome Proliferator Activated Receptor Signaling Pathway (GO:0035358)	2	441	4	3592	4.073	7.622e-02	2.481e-01	0	0
A-PEP.KIT	Regulation of Protein Deubiquitination (GO:0090085)	2	441	4	3592	4.073	7.622e-02	2.481e-01	0	0
A-PEP.KIT	Regulation of Retrograde Transport. Endosome to Golgi (GO:1905279)	2	441	4	3592	4.073	7.622e-02	2.481e-01	0	0
A-PEP.KIT	Regulation of Toll-Like Receptor 3 Signaling Pathway (GO:0034139)	2	441	4	3592	4.073	7.622e-02	2.481e-01	0	0
A-PEP.KIT	Response to Iron Ion (GO:0010039)	2	441	4	3592	4.073	7.622e-02	2.481e-01	0	0
A-PEP.KIT	Response to Lipoteichoic Acid (GO:0070391)	2	441	4	3592	4.073	7.622e-02	2.481e-01	0	0
A-PEP.KIT	Signaling Receptor Ligand Precursor Processing (GO:0140448)	2	441	4	3592	4.073	7.622e-02	2.481e-01	0	0
A-PEP.KIT	Sympathetic Nervous System Development (GO:0048485)	2	441	4	3592	4.073	7.622e-02	2.481e-01	0	0
A-PEP.KIT	UV-damage Excision Repair (GO:0070914)	2	441	4	3592	4.073	7.622e-02	2.481e-01	0	0
A-PEP.KIT	Zinc Ion Import Into Organelle (GO:0062111)	2	441	4	3592	4.073	7.622e-02	2.481e-01	0	0
A-PEP.KIT	protein-DNA Complex Organization (GO:0071824)	2	441	4	3592	4.073	7.622e-02	2.481e-01	0	0
A-PEP.KIT	- Reg of Phosphatidylinositol 3-Kinase/Prot Kinase B Signal Transduction (GO:0051898)	6	441	25	3592	1.955	7.682e-02	2.481e-01	0	0
A-PEP.KIT	Adenylate Cyclase-Inhibiting G Protein-Coupled Receptor Signaling Pathway (GO:0007193)	6	441	25	3592	1.955	7.682e-02	2.481e-01	0	0
A-PEP.KIT	Ephrin Receptor Signaling Pathway (GO:0048013)	6	441	25	3592	1.955	7.682e-02	2.481e-01	0	0
A-PEP.KIT	Hemopoiesis (GO:0030097)	6	441	25	3592	1.955	7.682e-02	2.481e-01	0	0
A-PEP.KIT	Protein O-linked Glycosylation (GO:0006493)	6	441	25	3592	1.955	7.682e-02	2.481e-01	0	0
A-PEP.NTRK3_S100A16	Potassium Ion Transport (GO:0006813)	13	375	31	3592	4.017	5.089e-06	7.227e-03	1	0
A-PEP.NTRK3_S100A16	Regulation of Neuron Apoptotic Process (GO:0043523)	18	375	59	3592	2.922	1.655e-05	8.203e-03	1	0
A-PEP.NTRK3_S100A16	Negative Regulation of Apoptotic Process (GO:0043066)	40	375	197	3592	1.945	1.733e-05	8.203e-03	1	0
A-PEP.NTRK3_S100A16	Antimicrobial Humoral Immune Response Mediated by Antimicrobial Peptide (GO:0061844)	6	375	8	3592	7.184	2.908e-05	1.032e-02	1	0
A-PEP.NTRK3_S100A16	Potassium Ion Transmembrane Transport (GO:0071805)	13	375	37	3592	3.365	4.886e-05	1.301e-02	0	0
A-PEP.NTRK3_S100A16	Antimicrobial Humoral Response (GO:0019730)	7	375	12	3592	5.588	6.366e-05	1.301e-02	0	0
A-PEP.NTRK3_S100A16	Regulation of Protein Ubiquitination (GO:0031396)	16	375	54	3592	2.838	7.310e-05	1.301e-02	1	0
A-PEP.NTRK3_S100A16	ATP Metabolic Process (GO:0046034)	11	375	29	3592	3.633	8.434e-05	1.301e-02	0	0
A-PEP.NTRK3_S100A16	Positive Regulation of MAPK Cascade (GO:0043410)	28	375	128	3592	2.095	8.725e-05	1.301e-02	0	0
A-PEP.NTRK3_S100A16	Negative Regulation of Neuron Apoptotic Process (GO:0043524)	13	375	39	3592	3.193	9.163e-05	1.301e-02	0	0
A-PEP.NTRK3_S100A16	Positive Regulation of Membrane Protein Ectodomain Proteolysis (GO:0051044)	4	375	4	3592	9.579	1.171e-04	1.511e-02	0	0
A-PEP.NTRK3_S100A16	Regulation of Apoptotic Process (GO:0042981)	48	375	273	3592	1.684	1.277e-04	1.511e-02	0	0
A-PEP.NTRK3_S100A16	Cellular Response to Superoxide (GO:0071451)	5	375	7	3592	6.842	2.125e-04	2.155e-02	0	0
A-PEP.NTRK3_S100A16	Removal of Superoxide Radicals (GO:0019430)	5	375	7	3592	6.842	2.125e-04	2.155e-02	0	0
A-PEP.NTRK3_S100A16	Positive Regulation of Intracellular Signal Transduction (GO:1902533)	46	375	265	3592	1.663	2.438e-04	2.308e-02	0	0
A-PEP.NTRK3_S100A16	Response to Unfolded Protein (GO:0006986)	10	375	28	3592	3.421	3.181e-04	2.823e-02	0	0
A-PEP.NTRK3_S100A16	Axon Development (GO:0061564)	12	375	42	3592	2.737	8.455e-04	7.063e-02	0	0
A-PEP.NTRK3_S100A16	Hydrogen Peroxide Metabolic Process (GO:0042743)	5	375	9	3592	5.321	1.066e-03	8.002e-02	0	0
A-PEP.NTRK3_S100A16	Granulocyte Chemotaxis (GO:0071621)	6	375	13	3592	4.421	1.127e-03	8.002e-02	0	0
A-PEP.NTRK3_S100A16	Microglial Cell Activation (GO:0001774)	6	375	13	3592	4.421	1.127e-03	8.002e-02	0	0
A-PEP.NTRK3_S100A16	Positive Regulation of Cell Population Proliferation (GO:0008284)	29	375	156	3592	1.781	1.205e-03	8.148e-02	0	0
A-PEP.NTRK3_S100A16	Negative Regulation of Intrinsic Apoptotic Signaling Pathway (GO:2001243)	10	375	33	3592	2.903	1.390e-03	8.747e-02	0	0
A-PEP.NTRK3_S100A16	Negative Regulation of Long-Term Synaptic Potentiation (GO:1900272)	4	375	6	3592	6.386	1.478e-03	8.747e-02	0	0
A-PEP.NTRK3_S100A16	Positive Regulation of Extracellular Matrix Assembly (GO:1901203)	4	375	6	3592	6.386	1.478e-03	8.747e-02	0	0
A-PEP.NTRK3_S100A16	Calcium-Mediated Signaling (GO:0019722)	8	375	23	3592	3.332	1.564e-03	8.881e-02	0	0
A-PEP.NTRK3_S100A16	Positive Regulation of ERK1 and ERK2 Cascade (GO:0070374)	14	375	57	3592	2.353	1.650e-03	9.011e-02	0	0
A-PEP.NTRK3_S100A16	Chaperone-Mediated Protein Complex Assembly (GO:0051131)	5	375	10	3592	4.789	1.951e-03	9.554e-02	0	0
A-PEP.NTRK3_S100A16	Regulation of Membrane Protein Ectodomain Proteolysis (GO:0051043)	5	375	10	3592	4.789	1.951e-03	9.554e-02	0	0
A-PEP.NTRK3_S100A16	Superoxide Metabolic Process (GO:0006801)	5	375	10	3592	4.789	1.951e-03	9.554e-02	0	0
A-PEP.NTRK3_S100A16	+ Reg of Phosphatidylinositol 3-Kinase/Prot Kinase B Signal Transduction (GO:0051897)	16	375	71	3592	2.159	2.090e-03	9.782e-02	0	0
A-PEP.NTRK3_S100A16	'De Novo' Post-Translational Protein Folding (GO:0051084)	8	375	24	3592	3.193	2.136e-03	9.782e-02	0	0
A-PEP.NTRK3_S100A16	Negative Regulation of Programmed Cell Death (GO:0043069)	29	375	162	3592	1.715	2.212e-03	9.814e-02	0	0
A-PEP.NTRK3_S100A16	Positive Regulation of Biosynthetic Process (GO:0009891)	11	375	41	3592	2.570	2.423e-03	1.043e-01	0	0
A-PEP.NTRK3_S100A16	Regulation of Phosphatidylinositol 3-Kinase/Protein Kinase B Signal Transduction (GO:0051896)	20	375	99	3592	1.935	2.515e-03	1.050e-01	0	0
A-PEP.NTRK3_S100A16	Regulation of Cell Population Proliferation (GO:0042127)	40	375	248	3592	1.545	2.724e-03	1.052e-01	0	0
A-PEP.NTRK3_S100A16	Positive Regulation of Nitric Oxide Biosynthetic Process (GO:0045429)	6	375	15	3592	3.831	2.741e-03	1.052e-01	0	0
A-PEP.NTRK3_S100A16	Potassium Ion Import Across Plasma Membrane (GO:1990573)	6	375	15	3592	3.831	2.741e-03	1.052e-01	0	0
A-PEP.NTRK3_S100A16	Adenylate Cyclase-Inhibiting G Protein-Coupled Receptor Signaling Pathway (GO:0007193)	8	375	25	3592	3.065	2.860e-03	1.069e-01	0	0
A-PEP.NTRK3_S100A16	Protein Trimerization (GO:0070206)	4	375	7	3592	5.474	3.166e-03	1.124e-01	0	0
A-PEP.NTRK3_S100A16	Regulation of Extracellular Matrix Assembly (GO:1901201)	4	375	7	3592	5.474	3.166e-03	1.124e-01	0	0
A-PEP.NTRK3_S100A16	Negative Regulation of Lymphocyte Proliferation (GO:0050672)	5	375	11	3592	4.354	3.274e-03	1.130e-01	0	0
A-PEP.NTRK3_S100A16	Protein Stabilization (GO:0050821)	21	375	109	3592	1.845	3.621e-03	1.130e-01	0	0
A-PEP.NTRK3_S100A16	Chaperone Cofactor-Dependent Protein Refolding (GO:0051085)	6	375	16	3592	3.592	4.005e-03	1.130e-01	0	0
A-PEP.NTRK3_S100A16	Negative Regulation of Response to Endoplasmic Reticulum Stress (GO:1903573)	6	375	16	3592	3.592	4.005e-03	1.130e-01	0	0
A-PEP.NTRK3_S100A16	Positive Regulation of Nitric Oxide Metabolic Process (GO:1904407)	6	375	16	3592	3.592	4.005e-03	1.130e-01	0	0
A-PEP.NTRK3_S100A16	Regulation of Apoptotic Signaling Pathway (GO:2001233)	7	375	21	3592	3.193	4.054e-03	1.130e-01	0	0
A-PEP.NTRK3_S100A16	Positive Regulation of Cytokine Production (GO:0001819)	20	375	103	3592	1.860	4.080e-03	1.130e-01	0	0
A-PEP.NTRK3_S100A16	Elastic Fiber Assembly (GO:0048251)	3	375	4	3592	7.184	4.168e-03	1.130e-01	0	0
A-PEP.NTRK3_S100A16	Embryonic Cranial Skeleton Morphogenesis (GO:0048701)	3	375	4	3592	7.184	4.168e-03	1.130e-01	0	0
A-PEP.NTRK3_S100A16	Positive Regulation of Acute Inflammatory Response (GO:0002675)	3	375	4	3592	7.184	4.168e-03	1.130e-01	0	0
A-PEP.NTRK3_S100A16	Cellular Response to Unfolded Protein (GO:0034620)	9	375	32	3592	2.694	4.219e-03	1.130e-01	0	0
A-PEP.NTRK3_S100A16	Positive Regulation of Tumor Necrosis Factor Production (GO:0032760)	9	375	32	3592	2.694	4.219e-03	1.130e-01	0	0
A-PEP.NTRK3_S100A16	Positive Regulation of Tumor Necrosis Factor Superfamily Cytokine Production (GO:1903557)	9	375	32	3592	2.694	4.219e-03	1.130e-01	0	0
A-PEP.NTRK3_S100A16	Regulation of Signal Transduction (GO:0009966)	16	375	76	3592	2.017	4.336e-03	1.140e-01	0	0
A-PEP.NTRK3_S100A16	Positive Regulation of Gene Expression (GO:0010628)	28	375	163	3592	1.645	4.838e-03	1.249e-01	0	0
A-PEP.NTRK3_S100A16	Negative Regulation of Cellular Component Organization (GO:0051129)	10	375	39	3592	2.456	5.394e-03	1.270e-01	0	0
A-PEP.NTRK3_S100A16	Positive Regulation of Intrinsic Apoptotic Signaling Pathway (GO:2001244)	7	375	22	3592	3.048	5.423e-03	1.270e-01	0	0
A-PEP.NTRK3_S100A16	Negative Regulation of Biosynthetic Process (GO:0009890)	6	375	17	3592	3.381	5.654e-03	1.270e-01	0	0
A-PEP.NTRK3_S100A16	Positive Regulation of Multicellular Organismal Process (GO:0051240)	24	375	135	3592	1.703	5.706e-03	1.270e-01	0	0
A-PEP.NTRK3_S100A16	Monoatomic Cation Transmembrane Transport (GO:0098655)	18	375	92	3592	1.874	5.807e-03	1.270e-01	0	0
A-PEP.NTRK3_S100A16	- Reg of Endoplasmic Reticulum Stress-Induced Intrinsic Apoptotic Sgnlng Pway (GO:1902236)	4	375	8	3592	4.789	5.814e-03	1.270e-01	0	0
A-PEP.NTRK3_S100A16	Extracellular Matrix Assembly (GO:0085029)	4	375	8	3592	4.789	5.814e-03	1.270e-01	0	0
A-PEP.NTRK3_S100A16	Negative Regulation of Inclusion Body Assembly (GO:0090084)	4	375	8	3592	4.789	5.814e-03	1.270e-01	0	0
A-PEP.NTRK3_S100A16	Prostanoid Biosynthetic Process (GO:0046457)	4	375	8	3592	4.789	5.814e-03	1.270e-01	0	0
A-PEP.NTRK3_S100A16	Regulation of Amyloid-Beta Clearance (GO:1900221)	4	375	8	3592	4.789	5.814e-03	1.270e-01	0	0
A-PEP.NTRK3_S100A16	Cellular Response to Oxidative Stress (GO:0034599)	14	375	65	3592	2.063	6.014e-03	1.294e-01	0	0
A-PEP.NTRK3_S100A16	Protein Metabolic Process (GO:0019538)	36	375	228	3592	1.512	6.299e-03	1.324e-01	0	0
A-PEP.NTRK3_S100A16	Central Nervous System Development (GO:0007417)	18	375	93	3592	1.854	6.529e-03	1.324e-01	0	0
A-PEP.NTRK3_S100A16	Inorganic Cation Transmembrane Transport (GO:0098662)	18	375	93	3592	1.854	6.529e-03	1.324e-01	0	0
A-PEP.NTRK3_S100A16	Regulation of ERK1 and ERK2 Cascade (GO:0070372)	18	375	93	3592	1.854	6.529e-03	1.324e-01	0	0
A-PEP.NTRK3_S100A16	Positive Regulation of Apoptotic Process (GO:0043065)	22	375	122	3592	1.727	6.728e-03	1.346e-01	0	0
A-PEP.NTRK3_S100A16	Nervous System Development (GO:0007399)	29	375	175	3592	1.587	7.031e-03	1.379e-01	0	0
A-PEP.NTRK3_S100A16	Action Potential (GO:0001508)	7	375	23	3592	2.915	7.111e-03	1.379e-01	0	0
A-PEP.NTRK3_S100A16	ADP Catabolic Process (GO:0046032)	5	375	13	3592	3.684	7.643e-03	1.379e-01	0	0
A-PEP.NTRK3_S100A16	Glycolytic Process (GO:0006096)	5	375	13	3592	3.684	7.643e-03	1.379e-01	0	0
A-PEP.NTRK3_S100A16	Regulation of Oxidative Stress-Induced Intrinsic Apoptotic Signaling Pathway (GO:1902175)	5	375	13	3592	3.684	7.643e-03	1.379e-01	0	0
A-PEP.NTRK3_S100A16	Nicotinamide Nucleotide Metabolic Process (GO:0046496)	6	375	18	3592	3.193	7.750e-03	1.379e-01	0	0
A-PEP.NTRK3_S100A16	Regulation of Interleukin-6 Production (GO:0032675)	8	375	29	3592	2.642	7.818e-03	1.379e-01	0	0
A-PEP.NTRK3_S100A16	Negative Regulation of Cellular Process (GO:0048523)	30	375	186	3592	1.545	9.097e-03	1.379e-01	0	0
A-PEP.NTRK3_S100A16	Negative Regulation of Protein Ubiquitination (GO:0031397)	7	375	24	3592	2.794	9.160e-03	1.379e-01	0	0
A-PEP.NTRK3_S100A16	Neuron Migration (GO:0001764)	7	375	24	3592	2.794	9.160e-03	1.379e-01	0	0
A-PEP.NTRK3_S100A16	Substantia Nigra Development (GO:0021762)	7	375	24	3592	2.794	9.160e-03	1.379e-01	0	0
A-PEP.NTRK3_S100A16	Iron Ion Transport (GO:0006826)	4	375	9	3592	4.257	9.612e-03	1.379e-01	0	0
A-PEP.NTRK3_S100A16	NADH Metabolic Process (GO:0006734)	4	375	9	3592	4.257	9.612e-03	1.379e-01	0	0
A-PEP.NTRK3_S100A16	Neutrophil Chemotaxis (GO:0030593)	4	375	9	3592	4.257	9.612e-03	1.379e-01	0	0
A-PEP.NTRK3_S100A16	Positive Regulation of Mononuclear Cell Migration (GO:0071677)	4	375	9	3592	4.257	9.612e-03	1.379e-01	0	0
A-PEP.NTRK3_S100A16	Regulation of Cardiac Muscle Contraction (GO:0055117)	4	375	9	3592	4.257	9.612e-03	1.379e-01	0	0
A-PEP.NTRK3_S100A16	Vascular Endothelial Cell Response to Fluid Shear Stress (GO:0097699)	4	375	9	3592	4.257	9.612e-03	1.379e-01	0	0
A-PEP.NTRK3_S100A16	Cardiac Muscle Cell Membrane Repolarization (GO:0099622)	3	375	5	3592	5.747	9.613e-03	1.379e-01	0	0
A-PEP.NTRK3_S100A16	Defense Response to Fungus (GO:0050832)	3	375	5	3592	5.747	9.613e-03	1.379e-01	0	0
A-PEP.NTRK3_S100A16	ER Overload Response (GO:0006983)	3	375	5	3592	5.747	9.613e-03	1.379e-01	0	0
A-PEP.NTRK3_S100A16	Long-Chain fatty-acyl-CoA Biosynthetic Process (GO:0035338)	3	375	5	3592	5.747	9.613e-03	1.379e-01	0	0
A-PEP.NTRK3_S100A16	Long-Chain fatty-acyl-CoA Metabolic Process (GO:0035336)	3	375	5	3592	5.747	9.613e-03	1.379e-01	0	0
A-PEP.NTRK3_S100A16	Myelin Maintenance (GO:0043217)	3	375	5	3592	5.747	9.613e-03	1.379e-01	0	0
A-PEP.NTRK3_S100A16	Positive Regulation of Cardiac Epithelial to Mesenchymal Transition (GO:0062043)	3	375	5	3592	5.747	9.613e-03	1.379e-01	0	0
A-PEP.NTRK3_S100A16	Regulation of Oligodendrocyte Differentiation (GO:0048713)	3	375	5	3592	5.747	9.613e-03	1.379e-01	0	0
A-PEP.NTRK3_S100A16	Regulation of Trophoblast Cell Migration (GO:1901163)	3	375	5	3592	5.747	9.613e-03	1.379e-01	0	0
A-PEP.NTRK3_S100A16	Thymus Development (GO:0048538)	3	375	5	3592	5.747	9.613e-03	1.379e-01	0	0
A-PEP.NTRK3_S100A16	Vascular Endothelial Cell Response to Laminar Fluid Shear Stress (GO:0097700)	3	375	5	3592	5.747	9.613e-03	1.379e-01	0	0
A-PEP.NTRK3_S100A16	Negative Regulation of Apoptotic Signaling Pathway (GO:2001234)	9	375	36	3592	2.395	9.724e-03	1.381e-01	0	0
A-PEP.NTRK3_S100A16	Positive Regulation of Signal Transduction (GO:0009967)	18	375	97	3592	1.777	1.018e-02	1.431e-01	0	0
A-PEP.NTRK3_S100A16	Cellular Response to Nitrogen Compound (GO:1901699)	15	375	76	3592	1.891	1.047e-02	1.445e-01	0	0
A-PEP.NTRK3_S100A16	Carbohydrate Catabolic Process (GO:0016052)	5	375	14	3592	3.421	1.089e-02	1.445e-01	0	0
A-PEP.NTRK3_S100A16	Macrophage Activation (GO:0042116)	5	375	14	3592	3.421	1.089e-02	1.445e-01	0	0
A-PEP.NTRK3_S100A16	Pyridine Nucleotide Catabolic Process (GO:0019364)	5	375	14	3592	3.421	1.089e-02	1.445e-01	0	0
A-PEP.NTRK3_S100A16	Reg of Endoplasmic Reticulum Stress-Induced Intrinsic Apoptotic Sgnlng Pway (GO:1902235)	5	375	14	3592	3.421	1.089e-02	1.445e-01	0	0
A-PEP.NTRK3_S100A16	Regulation of Potassium Ion Transport (GO:0043266)	5	375	14	3592	3.421	1.089e-02	1.445e-01	0	0
A-PEP.NTRK3_S100A16	Positive Regulation of Cellular Component Biogenesis (GO:0044089)	9	375	37	3592	2.330	1.170e-02	1.538e-01	0	0
A-PEP.NTRK3_S100A16	Regulation of Tumor Necrosis Factor Production (GO:0032680)	10	375	44	3592	2.177	1.312e-02	1.648e-01	0	0
A-PEP.NTRK3_S100A16	Neuron Projection Morphogenesis (GO:0048812)	13	375	64	3592	1.946	1.315e-02	1.648e-01	0	0
A-PEP.NTRK3_S100A16	Response to Endoplasmic Reticulum Stress (GO:0034976)	18	375	100	3592	1.724	1.386e-02	1.648e-01	0	0
A-PEP.NTRK3_S100A16	Enzyme-Linked Receptor Protein Signaling Pathway (GO:0007167)	11	375	51	3592	2.066	1.407e-02	1.648e-01	0	0
A-PEP.NTRK3_S100A16	Epithelium Development (GO:0060429)	7	375	26	3592	2.579	1.450e-02	1.648e-01	0	0
A-PEP.NTRK3_S100A16	Cell Morphogenesis Involved in Neuron Differentiation (GO:0048667)	8	375	32	3592	2.395	1.451e-02	1.648e-01	0	0
A-PEP.NTRK3_S100A16	Regulation of G Protein-Coupled Receptor Signaling Pathway (GO:0008277)	8	375	32	3592	2.395	1.451e-02	1.648e-01	0	0
A-PEP.NTRK3_S100A16	Astrocyte Development (GO:0014002)	4	375	10	3592	3.831	1.472e-02	1.648e-01	0	0
A-PEP.NTRK3_S100A16	Negative Regulation of Protein Secretion (GO:0050709)	4	375	10	3592	3.831	1.472e-02	1.648e-01	0	0
A-PEP.NTRK3_S100A16	Prostaglandin Metabolic Process (GO:0006693)	4	375	10	3592	3.831	1.472e-02	1.648e-01	0	0
A-PEP.NTRK3_S100A16	Regulation of MAPK Cascade (GO:0043408)	19	375	108	3592	1.685	1.474e-02	1.648e-01	0	0
A-PEP.NTRK3_S100A16	Negative Regulation of Amide Metabolic Process (GO:0034249)	5	375	15	3592	3.193	1.496e-02	1.648e-01	0	0
A-PEP.NTRK3_S100A16	Negative Regulation of T Cell Activation (GO:0050868)	5	375	15	3592	3.193	1.496e-02	1.648e-01	0	0
A-PEP.NTRK3_S100A16	Neuropeptide Signaling Pathway (GO:0007218)	5	375	15	3592	3.193	1.496e-02	1.648e-01	0	0
A-PEP.NTRK3_S100A16	Positive Regulation of Synapse Assembly (GO:0051965)	5	375	15	3592	3.193	1.496e-02	1.648e-01	0	0
A-PEP.NTRK3_S100A16	Positive Regulation of Transferase Activity (GO:0051347)	5	375	15	3592	3.193	1.496e-02	1.648e-01	0	0
A-PEP.NTRK3_S100A16	Regulation of B Cell Proliferation (GO:0030888)	5	375	15	3592	3.193	1.496e-02	1.648e-01	0	0
A-PEP.NTRK3_S100A16	Regulation of Ossification (GO:0030278)	5	375	15	3592	3.193	1.496e-02	1.648e-01	0	0
A-PEP.NTRK3_S100A16	Positive Regulation of Response to External Stimulus (GO:0032103)	10	375	45	3592	2.129	1.535e-02	1.648e-01	0	0
A-PEP.NTRK3_S100A16	- Reg of Transmembrane Receptor Prot Serine/Threonine Kinase Sgnlng Pway (GO:0090101)	9	375	39	3592	2.210	1.653e-02	1.648e-01	0	0
A-PEP.NTRK3_S100A16	Positive Regulation of Interleukin-6 Production (GO:0032755)	6	375	21	3592	2.737	1.730e-02	1.648e-01	0	0
A-PEP.NTRK3_S100A16	Pyruvate Metabolic Process (GO:0006090)	6	375	21	3592	2.737	1.730e-02	1.648e-01	0	0
A-PEP.NTRK3_S100A16	Regulation of Potassium Ion Transmembrane Transport (GO:1901379)	6	375	21	3592	2.737	1.730e-02	1.648e-01	0	0
A-PEP.NTRK3_S100A16	Synaptic Vesicle Cycle (GO:0099504)	6	375	21	3592	2.737	1.730e-02	1.648e-01	0	0
A-PEP.NTRK3_S100A16	Synaptic Vesicle Recycling (GO:0036465)	6	375	21	3592	2.737	1.730e-02	1.648e-01	0	0
A-PEP.NTRK3_S100A16	Positive Regulation of Apoptotic Signaling Pathway (GO:2001235)	8	375	33	3592	2.322	1.746e-02	1.648e-01	0	0
A-PEP.NTRK3_S100A16	Adrenergic Receptor Signaling Pathway (GO:0071875)	3	375	6	3592	4.789	1.775e-02	1.648e-01	0	0
A-PEP.NTRK3_S100A16	Fatty Acid Elongation (GO:0030497)	3	375	6	3592	4.789	1.775e-02	1.648e-01	0	0
A-PEP.NTRK3_S100A16	Glycolytic Process Through Glucose-6-Phosphate (GO:0061620)	3	375	6	3592	4.789	1.775e-02	1.648e-01	0	0
A-PEP.NTRK3_S100A16	Hydrogen Peroxide Catabolic Process (GO:0042744)	3	375	6	3592	4.789	1.775e-02	1.648e-01	0	0
A-PEP.NTRK3_S100A16	Icosanoid Biosynthetic Process (GO:0046456)	3	375	6	3592	4.789	1.775e-02	1.648e-01	0	0
A-PEP.NTRK3_S100A16	Membrane Repolarization During Action Potential (GO:0086011)	3	375	6	3592	4.789	1.775e-02	1.648e-01	0	0
A-PEP.NTRK3_S100A16	Membrane Repolarization During Cardiac Muscle Cell Action Potential (GO:0086013)	3	375	6	3592	4.789	1.775e-02	1.648e-01	0	0
A-PEP.NTRK3_S100A16	Negative Regulation of Cation Channel Activity (GO:2001258)	3	375	6	3592	4.789	1.775e-02	1.648e-01	0	0
A-PEP.NTRK3_S100A16	Negative Regulation of Lipid Metabolic Process (GO:0045833)	3	375	6	3592	4.789	1.775e-02	1.648e-01	0	0
A-PEP.NTRK3_S100A16	Neuron Remodeling (GO:0016322)	3	375	6	3592	4.789	1.775e-02	1.648e-01	0	0
A-PEP.NTRK3_S100A16	Positive Regulation of Cellular Response to Insulin Stimulus (GO:1900078)	3	375	6	3592	4.789	1.775e-02	1.648e-01	0	0
A-PEP.NTRK3_S100A16	Positive Regulation of Glial Cell Differentiation (GO:0045687)	3	375	6	3592	4.789	1.775e-02	1.648e-01	0	0
A-PEP.NTRK3_S100A16	Positive Regulation of Insulin Receptor Signaling Pathway (GO:0046628)	3	375	6	3592	4.789	1.775e-02	1.648e-01	0	0
A-PEP.NTRK3_S100A16	Prostaglandin Biosynthetic Process (GO:0001516)	3	375	6	3592	4.789	1.775e-02	1.648e-01	0	0
A-PEP.NTRK3_S100A16	Protein Homotrimerization (GO:0070207)	3	375	6	3592	4.789	1.775e-02	1.648e-01	0	0
A-PEP.NTRK3_S100A16	Purine Ribonucleoside Triphosphate Biosynthetic Process (GO:0009206)	3	375	6	3592	4.789	1.775e-02	1.648e-01	0	0
A-PEP.NTRK3_S100A16	Regulation of Cell Cycle G2/M Phase Transition (GO:1902749)	3	375	6	3592	4.789	1.775e-02	1.648e-01	0	0
A-PEP.NTRK3_S100A16	Regulation of Exit From Mitosis (GO:0007096)	3	375	6	3592	4.789	1.775e-02	1.648e-01	0	0
A-PEP.NTRK3_S100A16	Negative Regulation of Protein Modification by Small Protein Conjugation or Removal (GO:1903321)	7	375	27	3592	2.483	1.787e-02	1.648e-01	0	0
A-PEP.NTRK3_S100A16	Negative Regulation of Transforming Growth Factor Beta Receptor Signaling Pathway (GO:0030512)	7	375	27	3592	2.483	1.787e-02	1.648e-01	0	0
A-PEP.NTRK3_S100A16	Negative Regulation of Protein Metabolic Process (GO:0051248)	11	375	53	3592	1.988	1.863e-02	1.707e-01	0	0
A-PEP.NTRK3_S100A16	Adenylate Cyclase-Modulating G Protein-Coupled Receptor Signaling Pathway (GO:0007188)	13	375	67	3592	1.859	1.904e-02	1.733e-01	0	0
A-PEP.NTRK3_S100A16	Negative Regulation of Growth (GO:0045926)	9	375	40	3592	2.155	1.943e-02	1.758e-01	0	0
A-PEP.NTRK3_S100A16	Regulation of Long-Term Synaptic Potentiation (GO:1900271)	5	375	16	3592	2.993	1.994e-02	1.793e-01	0	0
A-PEP.NTRK3_S100A16	Neuron Projection Development (GO:0031175)	15	375	82	3592	1.752	2.057e-02	1.814e-01	0	0
A-PEP.NTRK3_S100A16	Positive Regulation of Cellular Process (GO:0048522)	30	375	198	3592	1.451	2.113e-02	1.814e-01	0	0
A-PEP.NTRK3_S100A16	Establishment of Protein Localization to Extracellular Region (GO:0035592)	4	375	11	3592	3.483	2.126e-02	1.814e-01	0	0
A-PEP.NTRK3_S100A16	Negative Regulation of Catalytic Activity (GO:0043086)	4	375	11	3592	3.483	2.126e-02	1.814e-01	0	0
A-PEP.NTRK3_S100A16	Neutrophil Migration (GO:1990266)	4	375	11	3592	3.483	2.126e-02	1.814e-01	0	0
A-PEP.NTRK3_S100A16	Positive Regulation of Amide Metabolic Process (GO:0034250)	4	375	11	3592	3.483	2.126e-02	1.814e-01	0	0
A-PEP.NTRK3_S100A16	Positive Regulation of B Cell Proliferation (GO:0030890)	4	375	11	3592	3.483	2.126e-02	1.814e-01	0	0
A-PEP.NTRK3_S100A16	Sensory Perception of Pain (GO:0019233)	4	375	11	3592	3.483	2.126e-02	1.814e-01	0	0
A-PEP.NTRK3_S100A16	Positive Regulation of Macromolecule Biosynthetic Process (GO:0010557)	22	375	135	3592	1.561	2.133e-02	1.814e-01	0	0
A-PEP.NTRK3_S100A16	Regulation of Nitric Oxide Biosynthetic Process (GO:0045428)	6	375	22	3592	2.612	2.176e-02	1.839e-01	0	0
A-PEP.NTRK3_S100A16	Regulation of Cell Growth (GO:0001558)	15	375	83	3592	1.731	2.280e-02	1.883e-01	0	0
A-PEP.NTRK3_S100A16	Positive Regulation of Actin Filament Bundle Assembly (GO:0032233)	5	375	17	3592	2.817	2.590e-02	1.883e-01	0	0
A-PEP.NTRK3_S100A16	Positive Regulation of Biomineral Tissue Development (GO:0070169)	5	375	17	3592	2.817	2.590e-02	1.883e-01	0	0
A-PEP.NTRK3_S100A16	Protein Secretion (GO:0009306)	5	375	17	3592	2.817	2.590e-02	1.883e-01	0	0
A-PEP.NTRK3_S100A16	Regulation of Mitochondrial Membrane Potential (GO:0051881)	5	375	17	3592	2.817	2.590e-02	1.883e-01	0	0
A-PEP.NTRK3_S100A16	Regulation of Monoatomic Cation Transmembrane Transport (GO:1904062)	5	375	17	3592	2.817	2.590e-02	1.883e-01	0	0
A-PEP.NTRK3_S100A16	Sensory Perception (GO:0007600)	5	375	17	3592	2.817	2.590e-02	1.883e-01	0	0
A-PEP.NTRK3_S100A16	Regulation of T Cell Proliferation (GO:0042129)	6	375	23	3592	2.499	2.693e-02	1.883e-01	0	0
A-PEP.NTRK3_S100A16	Heart Development (GO:0007507)	11	375	56	3592	1.882	2.741e-02	1.883e-01	0	0
A-PEP.NTRK3_S100A16	Astrocyte Activation (GO:0048143)	3	375	7	3592	4.105	2.868e-02	1.883e-01	0	0
A-PEP.NTRK3_S100A16	Embryonic Skeletal System Morphogenesis (GO:0048704)	3	375	7	3592	4.105	2.868e-02	1.883e-01	0	0
A-PEP.NTRK3_S100A16	Endocardial Cushion Morphogenesis (GO:0003203)	3	375	7	3592	4.105	2.868e-02	1.883e-01	0	0
A-PEP.NTRK3_S100A16	Modification-Dependent Macromolecule Catabolic Process (GO:0043632)	3	375	7	3592	4.105	2.868e-02	1.883e-01	0	0
A-PEP.NTRK3_S100A16	Positive Regulation of Neutrophil Migration (GO:1902624)	3	375	7	3592	4.105	2.868e-02	1.883e-01	0	0
A-PEP.NTRK3_S100A16	Protein Transmembrane Import Into Intracellular Organelle (GO:0044743)	3	375	7	3592	4.105	2.868e-02	1.883e-01	0	0
A-PEP.NTRK3_S100A16	Regulation of Amyloid Fibril Formation (GO:1905906)	3	375	7	3592	4.105	2.868e-02	1.883e-01	0	0
A-PEP.NTRK3_S100A16	Regulation of Inclusion Body Assembly (GO:0090083)	3	375	7	3592	4.105	2.868e-02	1.883e-01	0	0
A-PEP.NTRK3_S100A16	Synaptic Transmission. GABAergic (GO:0051932)	3	375	7	3592	4.105	2.868e-02	1.883e-01	0	0
A-PEP.NTRK3_S100A16	Regulation of Programmed Cell Death (GO:0043067)	14	375	78	3592	1.719	2.884e-02	1.883e-01	0	0
A-PEP.NTRK3_S100A16	Glucose Homeostasis (GO:0042593)	8	375	36	3592	2.129	2.888e-02	1.883e-01	0	0
A-PEP.NTRK3_S100A16	Artery Morphogenesis (GO:0048844)	4	375	12	3592	3.193	2.932e-02	1.883e-01	0	0
A-PEP.NTRK3_S100A16	Negative Regulation of Amyloid-Beta Formation (GO:1902430)	4	375	12	3592	3.193	2.932e-02	1.883e-01	0	0
A-PEP.NTRK3_S100A16	Positive Regulation of Amyloid Precursor Protein Catabolic Process (GO:1902993)	4	375	12	3592	3.193	2.932e-02	1.883e-01	0	0
A-PEP.NTRK3_S100A16	Positive Regulation of G Protein-Coupled Receptor Signaling Pathway (GO:0045745)	4	375	12	3592	3.193	2.932e-02	1.883e-01	0	0
A-PEP.NTRK3_S100A16	Positive Regulation of Response to Wounding (GO:1903036)	4	375	12	3592	3.193	2.932e-02	1.883e-01	0	0
A-PEP.NTRK3_S100A16	Regulation of Nervous System Development (GO:0051960)	4	375	12	3592	3.193	2.932e-02	1.883e-01	0	0
A-PEP.NTRK3_S100A16	Regulation of Vascular Endothelial Growth Factor Signaling Pathway (GO:1900746)	4	375	12	3592	3.193	2.932e-02	1.883e-01	0	0
A-PEP.NTRK3_S100A16	Regulation of Transforming Growth Factor Beta Receptor Signaling Pathway (GO:0017015)	9	375	43	3592	2.005	3.033e-02	1.883e-01	0	0
A-PEP.NTRK3_S100A16	Atrioventricular Valve Development (GO:0003171)	2	375	3	3592	6.386	3.036e-02	1.883e-01	0	0
A-PEP.NTRK3_S100A16	Carnitine Metabolic Process (GO:0009437)	2	375	3	3592	6.386	3.036e-02	1.883e-01	0	0
A-PEP.NTRK3_S100A16	Folic Acid-Containing Compound Metabolic Process (GO:0006760)	2	375	3	3592	6.386	3.036e-02	1.883e-01	0	0
A-PEP.NTRK3_S100A16	Intracellular Triglyceride Homeostasis (GO:0035356)	2	375	3	3592	6.386	3.036e-02	1.883e-01	0	0
A-PEP.NTRK3_S100A16	Lipoprotein Metabolic Process (GO:0042157)	2	375	3	3592	6.386	3.036e-02	1.883e-01	0	0
A-PEP.NTRK3_S100A16	Macrophage Chemotaxis (GO:0048246)	2	375	3	3592	6.386	3.036e-02	1.883e-01	0	0
A-PEP.NTRK3_S100A16	Macrophage Migration (GO:1905517)	2	375	3	3592	6.386	3.036e-02	1.883e-01	0	0
A-PEP.NTRK3_S100A16	Negative Regulation of Cartilage Development (GO:0061037)	2	375	3	3592	6.386	3.036e-02	1.883e-01	0	0
A-PEP.NTRK3_S100A16	Negative Regulation of Chondrocyte Differentiation (GO:0032331)	2	375	3	3592	6.386	3.036e-02	1.883e-01	0	0
A-PEP.NTRK3_S100A16	Negative Regulation of IRE1-mediated Unfolded Protein Response (GO:1903895)	2	375	3	3592	6.386	3.036e-02	1.883e-01	0	0
A-PEP.NTRK3_S100A16	Negative Regulation of Insulin Secretion (GO:0046676)	2	375	3	3592	6.386	3.036e-02	1.883e-01	0	0
A-PEP.NTRK3_S100A16	Negative Regulation of Peptide Hormone Secretion (GO:0090278)	2	375	3	3592	6.386	3.036e-02	1.883e-01	0	0
A-PEP.NTRK3_S100A16	Neuronal Action Potential (GO:0019228)	2	375	3	3592	6.386	3.036e-02	1.883e-01	0	0
A-PEP.NTRK3_S100A16	Phasic Smooth Muscle Contraction (GO:0014821)	2	375	3	3592	6.386	3.036e-02	1.883e-01	0	0
A-PEP.NTRK3_S100A16	Positive Regulation of Lipase Activity (GO:0060193)	2	375	3	3592	6.386	3.036e-02	1.883e-01	0	0
A-PEP.NTRK3_S100A16	Positive Regulation of Phospholipase Activity (GO:0010518)	2	375	3	3592	6.386	3.036e-02	1.883e-01	0	0
A-PEP.NTRK3_S100A16	Positive Regulation of Platelet Aggregation (GO:1901731)	2	375	3	3592	6.386	3.036e-02	1.883e-01	0	0
A-PEP.NTRK3_S100A16	Positive Regulation of Smooth Muscle Cell Apoptotic Process (GO:0034393)	2	375	3	3592	6.386	3.036e-02	1.883e-01	0	0
A-PEP.NTRK3_S100A16	Positive Regulation of T Cell Mediated Immune Response to Tumor Cell (GO:0002842)	2	375	3	3592	6.386	3.036e-02	1.883e-01	0	0
A-PEP.NTRK3_S100A16	Purine-Containing Compound Catabolic Process (GO:0072523)	2	375	3	3592	6.386	3.036e-02	1.883e-01	0	0
A-PEP.NTRK3_S100A16	Regulation of Endopeptidase Activity (GO:0052548)	2	375	3	3592	6.386	3.036e-02	1.883e-01	0	0
A-PEP.NTRK3_S100A16	Regulation of Glycoprotein Biosynthetic Process (GO:0010559)	2	375	3	3592	6.386	3.036e-02	1.883e-01	0	0
A-PEP.NTRK3_S100A16	Regulation of Microtubule Binding (GO:1904526)	2	375	3	3592	6.386	3.036e-02	1.883e-01	0	0
A-PEP.NTRK3_S100A16	Regulation of Norepinephrine Secretion (GO:0014061)	2	375	3	3592	6.386	3.036e-02	1.883e-01	0	0
A-PEP.NTRK3_S100A16	Regulation of Pentose-Phosphate Shunt (GO:0043456)	2	375	3	3592	6.386	3.036e-02	1.883e-01	0	0
A-PEP.NTRK3_S100A16	Regulation of Phospholipase Activity (GO:0010517)	2	375	3	3592	6.386	3.036e-02	1.883e-01	0	0
A-PEP.NTRK3_S100A16	Regulation of Receptor Binding (GO:1900120)	2	375	3	3592	6.386	3.036e-02	1.883e-01	0	0
A-PEP.NTRK3_S100A16	Regulation of Steroid Metabolic Process (GO:0019218)	2	375	3	3592	6.386	3.036e-02	1.883e-01	0	0
A-PEP.NTRK3_S100A16	Regulation of T Cell Differentiation in Thymus (GO:0033081)	2	375	3	3592	6.386	3.036e-02	1.883e-01	0	0
A-PEP.NTRK3_S100A16	Regulation of acetyl-CoA Biosynthetic Process From Pyruvate (GO:0010510)	2	375	3	3592	6.386	3.036e-02	1.883e-01	0	0
A-PEP.NTRK3_S100A16	Synaptic Vesicle Clustering (GO:0097091)	2	375	3	3592	6.386	3.036e-02	1.883e-01	0	0
A-PEP.NTRK3_S100A16	Synaptic Vesicle Localization (GO:0097479)	2	375	3	3592	6.386	3.036e-02	1.883e-01	0	0
A-PEP.NTRK3_S100A16	Ventricular Cardiac Muscle Cell Membrane Repolarization (GO:0099625)	2	375	3	3592	6.386	3.036e-02	1.883e-01	0	0
A-PEP.NTRK3_S100A16	Generation of Neurons (GO:0048699)	11	375	57	3592	1.849	3.090e-02	1.884e-01	0	0
A-PEP.NTRK3_S100A16	Regulation of Protein-Containing Complex Assembly (GO:0043254)	11	375	57	3592	1.849	3.090e-02	1.884e-01	0	0
A-PEP.NTRK3_S100A16	Circulatory System Development (GO:0072359)	10	375	50	3592	1.916	3.091e-02	1.884e-01	0	0
A-PEP.NTRK3_S100A16	ERAD Pathway (GO:0036503)	10	375	50	3592	1.916	3.091e-02	1.884e-01	0	0
A-PEP.NTRK3_S100A16	Cellular Response to Amyloid-Beta (GO:1904646)	6	375	24	3592	2.395	3.285e-02	1.970e-01	0	0
A-PEP.NTRK3_S100A16	Negative Regulation of Cell Adhesion (GO:0007162)	6	375	24	3592	2.395	3.285e-02	1.970e-01	0	0
A-PEP.NTRK3_S100A16	Positive Regulation of Proteolysis (GO:0045862)	5	375	18	3592	2.661	3.288e-02	1.970e-01	0	0
A-PEP.NTRK3_S100A16	Regulation of Neuronal Synaptic Plasticity (GO:0048168)	5	375	18	3592	2.661	3.288e-02	1.970e-01	0	0
A-PEP.NTRK3_S100A16	Negative Regulation of Multicellular Organismal Process (GO:0051241)	15	375	87	3592	1.651	3.357e-02	2.003e-01	0	0
A-PEP.NTRK3_S100A16	Epithelial Cell Differentiation (GO:0030855)	7	375	31	3592	2.163	3.683e-02	2.177e-01	0	0
A-PEP.NTRK3_S100A16	Macromolecule Biosynthetic Process (GO:0009059)	16	375	96	3592	1.596	3.809e-02	2.177e-01	0	0
A-PEP.NTRK3_S100A16	ATP Biosynthetic Process (GO:0006754)	4	375	13	3592	2.947	3.896e-02	2.177e-01	0	0
A-PEP.NTRK3_S100A16	Monoatomic Anion Transport (GO:0006820)	4	375	13	3592	2.947	3.896e-02	2.177e-01	0	0
A-PEP.NTRK3_S100A16	Negative Regulation of Amyloid Precursor Protein Catabolic Process (GO:1902992)	4	375	13	3592	2.947	3.896e-02	2.177e-01	0	0
A-PEP.NTRK3_S100A16	Positive Regulation of Lipid Metabolic Process (GO:0045834)	4	375	13	3592	2.947	3.896e-02	2.177e-01	0	0
A-PEP.NTRK3_S100A16	Positive Regulation of Viral Life Cycle (GO:1903902)	4	375	13	3592	2.947	3.896e-02	2.177e-01	0	0
A-PEP.NTRK3_S100A16	Presynaptic Endocytosis (GO:0140238)	4	375	13	3592	2.947	3.896e-02	2.177e-01	0	0
A-PEP.NTRK3_S100A16	Response to Alcohol (GO:0097305)	4	375	13	3592	2.947	3.896e-02	2.177e-01	0	0
A-PEP.NTRK3_S100A16	Ribosome Assembly (GO:0042255)	4	375	13	3592	2.947	3.896e-02	2.177e-01	0	0
A-PEP.NTRK3_S100A16	Endoplasmic Reticulum Organization (GO:0007029)	6	375	25	3592	2.299	3.956e-02	2.177e-01	0	0
A-PEP.NTRK3_S100A16	Positive Regulation of Small GTPase Mediated Signal Transduction (GO:0051057)	6	375	25	3592	2.299	3.956e-02	2.177e-01	0	0
A-PEP.NTRK3_S100A16	Axonogenesis (GO:0007409)	15	375	89	3592	1.614	4.016e-02	2.177e-01	0	0
A-PEP.NTRK3_S100A16	Positive Regulation of DNA-binding Transcription Factor Activity (GO:0051091)	13	375	74	3592	1.683	4.027e-02	2.177e-01	0	0
A-PEP.NTRK3_S100A16	Positive Regulation of Nervous System Development (GO:0051962)	5	375	19	3592	2.521	4.093e-02	2.177e-01	0	0
A-PEP.NTRK3_S100A16	Positive Regulation of Ossification (GO:0045778)	5	375	19	3592	2.521	4.093e-02	2.177e-01	0	0
A-PEP.NTRK3_S100A16	Regulation of Amyloid-Beta Formation (GO:1902003)	5	375	19	3592	2.521	4.093e-02	2.177e-01	0	0
A-PEP.NTRK3_S100A16	Regulation of Neurogenesis (GO:0050767)	5	375	19	3592	2.521	4.093e-02	2.177e-01	0	0
A-PEP.NTRK3_S100A16	Cellular Response to Oxygen-Containing Compound (GO:1901701)	21	375	136	3592	1.479	4.107e-02	2.177e-01	0	0
A-PEP.NTRK3_S100A16	Activation of Protein Kinase B Activity (GO:0032148)	3	375	8	3592	3.592	4.241e-02	2.177e-01	0	0
A-PEP.NTRK3_S100A16	Cellular Response to Laminar Fluid Shear Stress (GO:0071499)	3	375	8	3592	3.592	4.241e-02	2.177e-01	0	0
A-PEP.NTRK3_S100A16	Contractile Actin Filament Bundle Assembly (GO:0030038)	3	375	8	3592	3.592	4.241e-02	2.177e-01	0	0
A-PEP.NTRK3_S100A16	Membrane Repolarization (GO:0086009)	3	375	8	3592	3.592	4.241e-02	2.177e-01	0	0
A-PEP.NTRK3_S100A16	Negative Regulation of Muscle Cell Apoptotic Process (GO:0010656)	3	375	8	3592	3.592	4.241e-02	2.177e-01	0	0
A-PEP.NTRK3_S100A16	Negative Regulation of Nucleocytoplasmic Transport (GO:0046823)	3	375	8	3592	3.592	4.241e-02	2.177e-01	0	0
A-PEP.NTRK3_S100A16	Negative Regulation of Protein Transport (GO:0051224)	3	375	8	3592	3.592	4.241e-02	2.177e-01	0	0
A-PEP.NTRK3_S100A16	Neuron Maturation (GO:0042551)	3	375	8	3592	3.592	4.241e-02	2.177e-01	0	0
A-PEP.NTRK3_S100A16	Positive Regulation of Potassium Ion Transmembrane Transport (GO:1901381)	3	375	8	3592	3.592	4.241e-02	2.177e-01	0	0
A-PEP.NTRK3_S100A16	Positive Regulation of Potassium Ion Transport (GO:0043268)	3	375	8	3592	3.592	4.241e-02	2.177e-01	0	0
A-PEP.NTRK3_S100A16	Positive Regulation of Sprouting Angiogenesis (GO:1903672)	3	375	8	3592	3.592	4.241e-02	2.177e-01	0	0
A-PEP.NTRK3_S100A16	Prostanoid Metabolic Process (GO:0006692)	3	375	8	3592	3.592	4.241e-02	2.177e-01	0	0
A-PEP.NTRK3_S100A16	Regulation of Collagen Biosynthetic Process (GO:0032965)	3	375	8	3592	3.592	4.241e-02	2.177e-01	0	0
A-PEP.NTRK3_S100A16	Regulation of Intrinsic Apoptotic Signaling Pathway in Response to DNA Damage (GO:1902229)	3	375	8	3592	3.592	4.241e-02	2.177e-01	0	0
A-PEP.NTRK3_S100A16	Regulation of Oxidoreductase Activity (GO:0051341)	3	375	8	3592	3.592	4.241e-02	2.177e-01	0	0
A-PEP.NTRK3_S100A16	Stress Fiber Assembly (GO:0043149)	3	375	8	3592	3.592	4.241e-02	2.177e-01	0	0
A-PEP.NTRK3_S100A16	Triglyceride Homeostasis (GO:0070328)	3	375	8	3592	3.592	4.241e-02	2.177e-01	0	0
A-PEP.NTRK3_S100A16	Vasodilation (GO:0042311)	3	375	8	3592	3.592	4.241e-02	2.177e-01	0	0
A-PEP.NTRK3_S100A16	fatty-acyl-CoA Biosynthetic Process (GO:0046949)	3	375	8	3592	3.592	4.241e-02	2.177e-01	0	0
A-PEP.NTRK3_S100A16	Inorganic Cation Import Across Plasma Membrane (GO:0098659)	7	375	32	3592	2.095	4.308e-02	2.177e-01	0	0
A-PEP.NTRK3_S100A16	Monoatomic Cation Homeostasis (GO:0055080)	7	375	32	3592	2.095	4.308e-02	2.177e-01	0	0
A-PEP.NTRK3_S100A16	Regulation of Blood Vessel Endothelial Cell Migration (GO:0043535)	7	375	32	3592	2.095	4.308e-02	2.177e-01	0	0
A-PEP.NTRK3_S100A16	Response to Reactive Oxygen Species (GO:0000302)	7	375	32	3592	2.095	4.308e-02	2.177e-01	0	0
A-PEP.NTRK3_S100A16	Wound Healing (GO:0042060)	7	375	32	3592	2.095	4.308e-02	2.177e-01	0	0
A-PEP.NTRK3_S100A16	Brain Development (GO:0007420)	9	375	46	3592	1.874	4.489e-02	2.252e-01	0	0
A-PEP.NTRK3_S100A16	Positive Regulation of Protein-Containing Complex Assembly (GO:0031334)	9	375	46	3592	1.874	4.489e-02	2.252e-01	0	0
A-PEP.NTRK3_S100A16	Regulation of Synapse Assembly (GO:0051963)	6	375	26	3592	2.210	4.707e-02	2.326e-01	0	0
A-PEP.NTRK3_S100A16	Cellular Response to Chemical Stress (GO:0062197)	10	375	54	3592	1.774	4.959e-02	2.326e-01	0	0
A-PEP.NTRK3_S100A16	Regulation of Osteoblast Differentiation (GO:0045667)	7	375	33	3592	2.032	4.998e-02	2.326e-01	0	0
A-PEP.NTRK3_S100A16	Cellular Response to Heat (GO:0034605)	5	375	20	3592	2.395	5.006e-02	2.326e-01	0	0
A-PEP.NTRK3_S100A16	Positive Regulation of Epithelial to Mesenchymal Transition (GO:0010718)	5	375	20	3592	2.395	5.006e-02	2.326e-01	0	0
A-PEP.NTRK3_S100A16	Positive Regulation of Receptor-Mediated Endocytosis (GO:0048260)	5	375	20	3592	2.395	5.006e-02	2.326e-01	0	0
A-PEP.NTRK3_S100A16	Regulation of Stem Cell Differentiation (GO:2000736)	5	375	20	3592	2.395	5.006e-02	2.326e-01	0	0
A-PEP.NTRK3_S100A16	Negative Regulation of Intrinsic Apoptotic Signaling Pathway in Response to DNA Damage (GO:1902230)	4	375	14	3592	2.737	5.018e-02	2.326e-01	0	0
A-PEP.NTRK3_S100A16	Neuron Apoptotic Process (GO:0051402)	4	375	14	3592	2.737	5.018e-02	2.326e-01	0	0
A-PEP.NTRK3_S100A16	Phospholipid Transport (GO:0015914)	4	375	14	3592	2.737	5.018e-02	2.326e-01	0	0
A-PEP.NTRK3_S100A16	Positive Regulation of Production of Molecular Mediator of Immune Response (GO:0002702)	4	375	14	3592	2.737	5.018e-02	2.326e-01	0	0
A-PEP.NTRK3_S100A16	Positive Regulation of Wound Healing (GO:0090303)	4	375	14	3592	2.737	5.018e-02	2.326e-01	0	0
A-PEP.NTRK3_S100A16	Regulation of Blood Circulation (GO:1903522)	4	375	14	3592	2.737	5.018e-02	2.326e-01	0	0
A-PEP.NTRK3_S100A16	Regulation of Blood Coagulation (GO:0030193)	4	375	14	3592	2.737	5.018e-02	2.326e-01	0	0
A-PEP.NTRK3_S100A16	Regulation of Ras Protein Signal Transduction (GO:0046578)	4	375	14	3592	2.737	5.018e-02	2.326e-01	0	0
A-PEP.NTRK3_S100A16	Regulation of Cytokine Production (GO:0001817)	9	375	47	3592	1.834	5.063e-02	2.326e-01	0	0
A-PEP.NTRK3_S100A16	Cellular Response to Hypoxia (GO:0071456)	8	375	40	3592	1.916	5.091e-02	2.326e-01	0	0
A-PEP.NTRK3_S100A16	Regulation of Heart Contraction (GO:0008016)	6	375	27	3592	2.129	5.542e-02	2.326e-01	0	0
A-PEP.NTRK3_S100A16	Response to Amyloid-Beta (GO:1904645)	6	375	27	3592	2.129	5.542e-02	2.326e-01	0	0
A-PEP.NTRK3_S100A16	Adenylate Cyclase-Activating Adrenergic Receptor Signaling Pathway (GO:0071880)	2	375	4	3592	4.789	5.655e-02	2.326e-01	0	0
A-PEP.NTRK3_S100A16	Basement Membrane Organization (GO:0071711)	2	375	4	3592	4.789	5.655e-02	2.326e-01	0	0
A-PEP.NTRK3_S100A16	Cardiac Left Ventricle Morphogenesis (GO:0003214)	2	375	4	3592	4.789	5.655e-02	2.326e-01	0	0
A-PEP.NTRK3_S100A16	Cell Junction Disassembly (GO:0150146)	2	375	4	3592	4.789	5.655e-02	2.326e-01	0	0
A-PEP.NTRK3_S100A16	Digestive Tract Morphogenesis (GO:0048546)	2	375	4	3592	4.789	5.655e-02	2.326e-01	0	0
A-PEP.NTRK3_S100A16	Insulin Secretion (GO:0030073)	2	375	4	3592	4.789	5.655e-02	2.326e-01	0	0
A-PEP.NTRK3_S100A16	Leukotriene Biosynthetic Process (GO:0019370)	2	375	4	3592	4.789	5.655e-02	2.326e-01	0	0
A-PEP.NTRK3_S100A16	Maintenance of Gastrointestinal Epithelium (GO:0030277)	2	375	4	3592	4.789	5.655e-02	2.326e-01	0	0
A-PEP.NTRK3_S100A16	Maintenance of Protein Localization in Endoplasmic Reticulum (GO:0035437)	2	375	4	3592	4.789	5.655e-02	2.326e-01	0	0
A-PEP.NTRK3_S100A16	Mitochondrion-Endoplasmic Reticulum Membrane Tethering (GO:1990456)	2	375	4	3592	4.789	5.655e-02	2.326e-01	0	0
A-PEP.NTRK3_S100A16	Negative Regulation of Cellular Response to Hypoxia (GO:1900038)	2	375	4	3592	4.789	5.655e-02	2.326e-01	0	0
A-PEP.NTRK3_S100A16	Negative Regulation of Centrosome Duplication (GO:0010826)	2	375	4	3592	4.789	5.655e-02	2.326e-01	0	0
A-PEP.NTRK3_S100A16	Negative Regulation of Coagulation (GO:0050819)	2	375	4	3592	4.789	5.655e-02	2.326e-01	0	0
A-PEP.NTRK3_S100A16	Negative Regulation of Endopeptidase Activity (GO:0010951)	2	375	4	3592	4.789	5.655e-02	2.326e-01	0	0
A-PEP.NTRK3_S100A16	Negative Regulation of Hemostasis (GO:1900047)	2	375	4	3592	4.789	5.655e-02	2.326e-01	0	0
A-PEP.NTRK3_S100A16	Negative Regulation of Interleukin-1 Beta Production (GO:0032691)	2	375	4	3592	4.789	5.655e-02	2.326e-01	0	0
A-PEP.NTRK3_S100A16	Negative Regulation of Lipid Catabolic Process (GO:0050995)	2	375	4	3592	4.789	5.655e-02	2.326e-01	0	0
A-PEP.NTRK3_S100A16	Negative Regulation of Peptidase Activity (GO:0010466)	2	375	4	3592	4.789	5.655e-02	2.326e-01	0	0
A-PEP.NTRK3_S100A16	Nucleic Acid Transport (GO:0050657)	2	375	4	3592	4.789	5.655e-02	2.326e-01	0	0
A-PEP.NTRK3_S100A16	Pharyngeal System Development (GO:0060037)	2	375	4	3592	4.789	5.655e-02	2.326e-01	0	0
A-PEP.NTRK3_S100A16	Positive Regulation of Immune Response to Tumor Cell (GO:0002839)	2	375	4	3592	4.789	5.655e-02	2.326e-01	0	0
A-PEP.NTRK3_S100A16	Positive Regulation of Vascular Endothelial Cell Proliferation (GO:1905564)	2	375	4	3592	4.789	5.655e-02	2.326e-01	0	0
A-PEP.NTRK3_S100A16	Positive Regulation of cAMP/PKA Signal Transduction (GO:0141163)	2	375	4	3592	4.789	5.655e-02	2.326e-01	0	0
A-PEP.NTRK3_S100A16	RIG-I Signaling Pathway (GO:0039529)	2	375	4	3592	4.789	5.655e-02	2.326e-01	0	0
A-PEP.NTRK3_S100A16	Regulation of Endodeoxyribonuclease Activity (GO:0032071)	2	375	4	3592	4.789	5.655e-02	2.326e-01	0	0
A-PEP.NTRK3_S100A16	Regulation of Extracellular Matrix Constituent Secretion (GO:0003330)	2	375	4	3592	4.789	5.655e-02	2.326e-01	0	0
A-PEP.NTRK3_S100A16	Regulation of Leukocyte Activation (GO:0002694)	2	375	4	3592	4.789	5.655e-02	2.326e-01	0	0
A-PEP.NTRK3_S100A16	Regulation of Odontoblast Differentiation (GO:1901329)	2	375	4	3592	4.789	5.655e-02	2.326e-01	0	0
A-PEP.NTRK3_S100A16	Regulation of T Cell Mediated Immune Response to Tumor Cell (GO:0002840)	2	375	4	3592	4.789	5.655e-02	2.326e-01	0	0
A-PEP.NTRK3_S100A16	Response to Magnesium Ion (GO:0032026)	2	375	4	3592	4.789	5.655e-02	2.326e-01	0	0
A-PEP.NTRK3_S100A16	Reverse Cholesterol Transport (GO:0043691)	2	375	4	3592	4.789	5.655e-02	2.326e-01	0	0
A-PEP.NTRK3_S100A16	Ventricular Trabecula Myocardium Morphogenesis (GO:0003222)	2	375	4	3592	4.789	5.655e-02	2.326e-01	0	0
A-PEP.NTRK3_S100A16	Gene Expression (GO:0010467)	21	375	141	3592	1.427	5.723e-02	2.326e-01	0	0
A-PEP.NTRK3_S100A16	Defense Response to Bacterium (GO:0042742)	7	375	34	3592	1.972	5.753e-02	2.326e-01	0	0
A-PEP.NTRK3_S100A16	Positive Regulation of Supramolecular Fiber Organization (GO:1902905)	7	375	34	3592	1.972	5.753e-02	2.326e-01	0	0
A-PEP.NTRK3_S100A16	Positive Regulation of Protein Localization to Nucleus (GO:1900182)	8	375	41	3592	1.869	5.776e-02	2.326e-01	0	0
A-PEP.NTRK3_S100A16	Negative Regulation of Cell Differentiation (GO:0045596)	13	375	78	3592	1.596	5.805e-02	2.326e-01	0	0
A-PEP.NTRK3_S100A16	Synapse Organization (GO:0050808)	11	375	63	3592	1.672	5.872e-02	2.326e-01	0	0
A-PEP.NTRK3_S100A16	Activin Receptor Signaling Pathway (GO:0032924)	3	375	9	3592	3.193	5.880e-02	2.326e-01	0	0
A-PEP.NTRK3_S100A16	Acylglycerol Metabolic Process (GO:0006639)	3	375	9	3592	3.193	5.880e-02	2.326e-01	0	0
A-PEP.NTRK3_S100A16	Bone Development (GO:0060348)	3	375	9	3592	3.193	5.880e-02	2.326e-01	0	0
A-PEP.NTRK3_S100A16	Endoplasmic Reticulum Tubular Network Organization (GO:0071786)	3	375	9	3592	3.193	5.880e-02	2.326e-01	0	0
A-PEP.NTRK3_S100A16	GPCR Sgnlng Pway. Coupled to Cyclic Nucleotide Second Messenger (GO:0007187)	3	375	9	3592	3.193	5.880e-02	2.326e-01	0	0
A-PEP.NTRK3_S100A16	Membrane Depolarization During Action Potential (GO:0086010)	3	375	9	3592	3.193	5.880e-02	2.326e-01	0	0
A-PEP.NTRK3_S100A16	Negative Regulation of Blood Coagulation (GO:0030195)	3	375	9	3592	3.193	5.880e-02	2.326e-01	0	0
A-PEP.NTRK3_S100A16	Negative Regulation of Endoplasmic Reticulum Unfolded Protein Response (GO:1900102)	3	375	9	3592	3.193	5.880e-02	2.326e-01	0	0
A-PEP.NTRK3_S100A16	Negative Regulation of Intracellular Protein Transport (GO:0090317)	3	375	9	3592	3.193	5.880e-02	2.326e-01	0	0
A-PEP.NTRK3_S100A16	Negative Regulation of Protein Localization to Plasma Membrane (GO:1903077)	3	375	9	3592	3.193	5.880e-02	2.326e-01	0	0
A-PEP.NTRK3_S100A16	Positive Regulation of Amyloid-Beta Formation (GO:1902004)	3	375	9	3592	3.193	5.880e-02	2.326e-01	0	0
A-PEP.NTRK3_S100A16	Positive Regulation of Neural Precursor Cell Proliferation (GO:2000179)	3	375	9	3592	3.193	5.880e-02	2.326e-01	0	0
A-PEP.NTRK3_S100A16	Positive Regulation of Receptor Internalization (GO:0002092)	3	375	9	3592	3.193	5.880e-02	2.326e-01	0	0
A-PEP.NTRK3_S100A16	Regulation of Defense Response to Virus (GO:0050688)	3	375	9	3592	3.193	5.880e-02	2.326e-01	0	0
A-PEP.NTRK3_S100A16	Regulation of Microtubule Nucleation (GO:0010968)	3	375	9	3592	3.193	5.880e-02	2.326e-01	0	0
A-PEP.NTRK3_S100A16	Regulation of Neuroblast Proliferation (GO:1902692)	3	375	9	3592	3.193	5.880e-02	2.326e-01	0	0
A-PEP.NTRK3_S100A16	Regulation of Response to Endoplasmic Reticulum Stress (GO:1905897)	3	375	9	3592	3.193	5.880e-02	2.326e-01	0	0
A-PEP.NTRK3_S100A16	Unsaturated Fatty Acid Metabolic Process (GO:0033559)	3	375	9	3592	3.193	5.880e-02	2.326e-01	0	0
A-PEP.NTRK3_S100A16	Ventricular Septum Morphogenesis (GO:0060412)	3	375	9	3592	3.193	5.880e-02	2.326e-01	0	0
A-PEP.NTRK3_S100A16	Phosphatidylinositol 3-Kinase/Protein Kinase B Signal Transduction (GO:0043491)	5	375	21	3592	2.281	6.030e-02	2.372e-01	0	0
A-PEP.NTRK3_S100A16	Regulation of Protein Modification by Small Protein Conjugation or Removal (GO:1903320)	5	375	21	3592	2.281	6.030e-02	2.372e-01	0	0
A-PEP.NTRK3_S100A16	Cholesterol Transport (GO:0030301)	4	375	15	3592	2.554	6.299e-02	2.398e-01	0	0
A-PEP.NTRK3_S100A16	Clathrin-Dependent Endocytosis (GO:0072583)	4	375	15	3592	2.554	6.299e-02	2.398e-01	0	0
A-PEP.NTRK3_S100A16	Negative Regulation of Blood Vessel Endothelial Cell Migration (GO:0043537)	4	375	15	3592	2.554	6.299e-02	2.398e-01	0	0
A-PEP.NTRK3_S100A16	Negative Regulation of T Cell Proliferation (GO:0042130)	4	375	15	3592	2.554	6.299e-02	2.398e-01	0	0
A-PEP.NTRK3_S100A16	Neurotransmitter Secretion (GO:0007269)	4	375	15	3592	2.554	6.299e-02	2.398e-01	0	0
A-PEP.NTRK3_S100A16	Positive Regulation of Gene Expression. Epigenetic (GO:0141137)	4	375	15	3592	2.554	6.299e-02	2.398e-01	0	0
A-PEP.NTRK3_S100A16	Positive Regulation of Microtubule Polymerization (GO:0031116)	4	375	15	3592	2.554	6.299e-02	2.398e-01	0	0
A-PEP.NTRK3_S100A16	Positive Regulation of Stress Fiber Assembly (GO:0051496)	4	375	15	3592	2.554	6.299e-02	2.398e-01	0	0
A-PEP.NTRK3_S100A16	Purine Ribonucleotide Biosynthetic Process (GO:0009152)	4	375	15	3592	2.554	6.299e-02	2.398e-01	0	0
A-PEP.NTRK3_S100A16	Regulation of Cellular Senescence (GO:2000772)	4	375	15	3592	2.554	6.299e-02	2.398e-01	0	0
A-PEP.NTRK3_S100A16	Regulation of Supramolecular Fiber Organization (GO:1902903)	4	375	15	3592	2.554	6.299e-02	2.398e-01	0	0
A-PEP.NTRK3_S100A16	Signal Release From Synapse (GO:0099643)	4	375	15	3592	2.554	6.299e-02	2.398e-01	0	0
A-PEP.NTRK3_S100A16	Cellular Response to Growth Factor Stimulus (GO:0071363)	11	375	64	3592	1.646	6.459e-02	2.446e-01	0	0
A-PEP.NTRK3_S100A16	Positive Regulation of Endocytosis (GO:0045807)	6	375	28	3592	2.053	6.460e-02	2.446e-01	0	0
A-PEP.NTRK3_S100A16	Negative Regulation of Gene Expression (GO:0010629)	20	375	135	3592	1.419	6.537e-02	2.469e-01	0	0
A-PEP.NTRK3_S100A16	Regulation of Epithelial to Mesenchymal Transition (GO:0010717)	7	375	35	3592	1.916	6.576e-02	2.477e-01	0	0
A-PEP.SCGN_ADRA2C	Cytoplasmic Translation (GO:0002181)	32	323	68	3592	5.233	1.005e-16	1.112e-13	1	0
A-PEP.SCGN_ADRA2C	Macromolecule Biosynthetic Process (GO:0009059)	37	323	96	3592	4.286	1.134e-15	6.274e-13	0	0
A-PEP.SCGN_ADRA2C	Translation (GO:0006412)	39	323	109	3592	3.979	3.450e-15	1.272e-12	0	0
A-PEP.SCGN_ADRA2C	Gene Expression (GO:0010467)	40	323	141	3592	3.155	9.070e-12	2.508e-09	1	0
A-PEP.SCGN_ADRA2C	Energy Derivation by Oxidation of Organic Compounds (GO:0015980)	15	323	23	3592	7.253	3.763e-11	8.323e-09	1	0
A-PEP.SCGN_ADRA2C	Protein Metabolic Process (GO:0019538)	48	323	228	3592	2.341	6.021e-09	1.110e-06	1	0
A-PEP.SCGN_ADRA2C	Mitochondrial ATP Synthesis Coupled Electron Transport (GO:0042775)	17	323	40	3592	4.726	1.421e-08	2.245e-06	1	0
A-PEP.SCGN_ADRA2C	Mitochondrial Electron Transport. Cytochrome C to Oxygen (GO:0006123)	8	323	9	3592	9.885	3.276e-08	4.528e-06	0	0
A-PEP.SCGN_ADRA2C	Cellular Respiration (GO:0045333)	18	323	47	3592	4.259	3.773e-08	4.636e-06	0	0
A-PEP.SCGN_ADRA2C	Aerobic Electron Transport Chain (GO:0019646)	16	323	39	3592	4.562	7.046e-08	7.793e-06	0	0
A-PEP.SCGN_ADRA2C	Substantia Nigra Development (GO:0021762)	11	323	24	3592	5.097	2.254e-06	2.266e-04	0	0
A-PEP.SCGN_ADRA2C	Cellular Response to Superoxide (GO:0071451)	6	323	7	3592	9.532	3.278e-06	2.789e-04	0	0
A-PEP.SCGN_ADRA2C	Removal of Superoxide Radicals (GO:0019430)	6	323	7	3592	9.532	3.278e-06	2.789e-04	0	0
A-PEP.SCGN_ADRA2C	Synaptic Vesicle Recycling (GO:0036465)	9	323	21	3592	4.766	3.819e-05	3.017e-03	0	0
A-PEP.SCGN_ADRA2C	Presynaptic Endocytosis (GO:0140238)	7	323	13	3592	5.988	4.755e-05	3.287e-03	0	0
A-PEP.SCGN_ADRA2C	Ribosomal Large Subunit Biogenesis (GO:0042273)	7	323	13	3592	5.988	4.755e-05	3.287e-03	0	0
A-PEP.SCGN_ADRA2C	Synaptic Vesicle Endocytosis (GO:0048488)	8	323	18	3592	4.943	7.684e-05	4.774e-03	0	0
A-PEP.SCGN_ADRA2C	Superoxide Metabolic Process (GO:0006801)	6	323	10	3592	6.672	7.769e-05	4.774e-03	0	0
A-PEP.SCGN_ADRA2C	Modification-Dependent Macromolecule Catabolic Process (GO:0043632)	5	323	7	3592	7.943	1.030e-04	5.993e-03	0	0
A-PEP.SCGN_ADRA2C	Regulated Exocytosis (GO:0045055)	7	323	16	3592	4.865	2.497e-04	1.279e-02	0	0
A-PEP.SCGN_ADRA2C	Mitochondrial Electron Transport. Ubiquinol to Cytochrome C (GO:0006122)	5	323	8	3592	6.950	2.544e-04	1.279e-02	0	0
A-PEP.SCGN_ADRA2C	Positive Regulation of Protein Processing (GO:0010954)	5	323	8	3592	6.950	2.544e-04	1.279e-02	0	0
A-PEP.SCGN_ADRA2C	Ribonucleoprotein Complex Biogenesis (GO:0022613)	12	323	43	3592	3.103	2.696e-04	1.297e-02	0	0
A-PEP.SCGN_ADRA2C	Regulation of Plasma Membrane Repair (GO:1905684)	4	323	5	3592	8.897	2.986e-04	1.376e-02	0	0
A-PEP.SCGN_ADRA2C	ADP Catabolic Process (GO:0046032)	6	323	13	3592	5.133	5.022e-04	2.057e-02	0	0
A-PEP.SCGN_ADRA2C	Glycolytic Process (GO:0006096)	6	323	13	3592	5.133	5.022e-04	2.057e-02	0	0
A-PEP.SCGN_ADRA2C	Ribosome Assembly (GO:0042255)	6	323	13	3592	5.133	5.022e-04	2.057e-02	0	0
A-PEP.SCGN_ADRA2C	Hydrogen Peroxide Metabolic Process (GO:0042743)	5	323	9	3592	6.178	5.303e-04	2.095e-02	0	0
A-PEP.SCGN_ADRA2C	Nicotinamide Nucleotide Metabolic Process (GO:0046496)	7	323	18	3592	4.325	5.926e-04	2.260e-02	0	0
A-PEP.SCGN_ADRA2C	ATP Metabolic Process (GO:0046034)	9	323	29	3592	3.451	6.796e-04	2.425e-02	0	0
A-PEP.SCGN_ADRA2C	rRNA Processing (GO:0006364)	9	323	29	3592	3.451	6.796e-04	2.425e-02	0	0
A-PEP.SCGN_ADRA2C	Positive Regulation of Plasminogen Activation (GO:0010756)	3	323	3	3592	11.121	7.210e-04	2.492e-02	0	0
A-PEP.SCGN_ADRA2C	Carbohydrate Catabolic Process (GO:0016052)	6	323	14	3592	4.766	8.129e-04	2.630e-02	0	0
A-PEP.SCGN_ADRA2C	Pyridine Nucleotide Catabolic Process (GO:0019364)	6	323	14	3592	4.766	8.129e-04	2.630e-02	0	0
A-PEP.SCGN_ADRA2C	Regulation of Stress-Activated Protein Kinase Signaling Cascade (GO:0070302)	4	323	6	3592	7.414	8.321e-04	2.630e-02	0	0
A-PEP.SCGN_ADRA2C	Ribosome Biogenesis (GO:0042254)	12	323	50	3592	2.669	1.198e-03	3.648e-02	0	0
A-PEP.SCGN_ADRA2C	Neurotransmitter Secretion (GO:0007269)	6	323	15	3592	4.448	1.253e-03	3.648e-02	0	0
A-PEP.SCGN_ADRA2C	Signal Release From Synapse (GO:0099643)	6	323	15	3592	4.448	1.253e-03	3.648e-02	0	0
A-PEP.SCGN_ADRA2C	Pyruvate Metabolic Process (GO:0006090)	7	323	21	3592	3.707	1.708e-03	4.536e-02	0	0
A-PEP.SCGN_ADRA2C	Synaptic Vesicle Cycle (GO:0099504)	7	323	21	3592	3.707	1.708e-03	4.536e-02	0	0
A-PEP.SCGN_ADRA2C	Regulation of Neuron Apoptotic Process (GO:0043523)	13	323	59	3592	2.450	1.764e-03	4.536e-02	0	0
A-PEP.SCGN_ADRA2C	Negative Regulation of Neuron Apoptotic Process (GO:0043524)	10	323	39	3592	2.851	1.788e-03	4.536e-02	0	0
A-PEP.SCGN_ADRA2C	Multicellular Organismal-Level Water Homeostasis (GO:0050891)	4	323	7	3592	6.355	1.804e-03	4.536e-02	0	0
A-PEP.SCGN_ADRA2C	Negative Regulation of Receptor Internalization (GO:0002091)	4	323	7	3592	6.355	1.804e-03	4.536e-02	0	0
A-PEP.SCGN_ADRA2C	Regulation of Protein Ubiquitination (GO:0031396)	12	323	54	3592	2.471	2.437e-03	5.953e-02	0	0
A-PEP.SCGN_ADRA2C	Regulation of Mitochondrial Membrane Potential (GO:0051881)	6	323	17	3592	3.925	2.654e-03	5.953e-02	0	0
A-PEP.SCGN_ADRA2C	Regulation of Calcium Ion-Dependent Exocytosis (GO:0017158)	5	323	12	3592	4.634	2.654e-03	5.953e-02	0	0
A-PEP.SCGN_ADRA2C	Regulation of Stress-Activated MAPK Cascade (GO:0032872)	5	323	12	3592	4.634	2.654e-03	5.953e-02	0	0
A-PEP.SCGN_ADRA2C	Maturation of LSU-rRNA (GO:0000470)	3	323	4	3592	8.341	2.691e-03	5.953e-02	0	0
A-PEP.SCGN_ADRA2C	Regulation of Vesicle Fusion (GO:0031338)	3	323	4	3592	8.341	2.691e-03	5.953e-02	0	0
A-PEP.SCGN_ADRA2C	Ribosomal Small Subunit Biogenesis (GO:0042274)	8	323	29	3592	3.068	3.121e-03	6.767e-02	0	0
A-PEP.SCGN_ADRA2C	Regulation of Golgi Organization (GO:1903358)	4	323	8	3592	5.560	3.354e-03	7.135e-02	0	0
A-PEP.SCGN_ADRA2C	Protein Transport (GO:0015031)	20	323	118	3592	1.885	3.675e-03	7.410e-02	0	0
A-PEP.SCGN_ADRA2C	Positive Regulation of Proteolysis (GO:0045862)	6	323	18	3592	3.707	3.685e-03	7.410e-02	0	0
A-PEP.SCGN_ADRA2C	Synaptic Vesicle Exocytosis (GO:0016079)	6	323	18	3592	3.707	3.685e-03	7.410e-02	0	0
A-PEP.SCGN_ADRA2C	Mitochondrial Membrane Organization (GO:0007006)	5	323	13	3592	4.277	4.000e-03	7.627e-02	0	0
A-PEP.SCGN_ADRA2C	Positive Regulation of Substrate Adhesion-Dependent Cell Spreading (GO:1900026)	5	323	13	3592	4.277	4.000e-03	7.627e-02	0	0
A-PEP.SCGN_ADRA2C	Regulation of Oxidative Stress-Induced Intrinsic Apoptotic Signaling Pathway (GO:1902175)	5	323	13	3592	4.277	4.000e-03	7.627e-02	0	0
A-PEP.SCGN_ADRA2C	Regulation of Early Endosome to Late Endosome Transport (GO:2000641)	4	323	9	3592	4.943	5.614e-03	1.035e-01	0	0
A-PEP.SCGN_ADRA2C	Regulation of Ubiquitin Protein Ligase Activity (GO:1904666)	4	323	9	3592	4.943	5.614e-03	1.035e-01	0	0
A-PEP.SCGN_ADRA2C	Regulation of Potassium Ion Transport (GO:0043266)	5	323	14	3592	3.972	5.770e-03	1.046e-01	0	0
A-PEP.SCGN_ADRA2C	Cardiac Muscle Cell Membrane Repolarization (GO:0099622)	3	323	5	3592	6.672	6.280e-03	1.069e-01	0	0
A-PEP.SCGN_ADRA2C	Positive Regulation of Cell Cycle G2/M Phase Transition (GO:1902751)	3	323	5	3592	6.672	6.280e-03	1.069e-01	0	0
A-PEP.SCGN_ADRA2C	Potassium Ion Export Across Plasma Membrane (GO:0097623)	3	323	5	3592	6.672	6.280e-03	1.069e-01	0	0
A-PEP.SCGN_ADRA2C	Regulation of Acute Inflammatory Response (GO:0002673)	3	323	5	3592	6.672	6.280e-03	1.069e-01	0	0
A-PEP.SCGN_ADRA2C	Positive Regulation of Cell Cycle (GO:0045787)	7	323	26	3592	2.994	6.523e-03	1.089e-01	0	0
A-PEP.SCGN_ADRA2C	Cellular Response to Heat (GO:0034605)	6	323	20	3592	3.336	6.594e-03	1.089e-01	0	0
A-PEP.SCGN_ADRA2C	Regulation of MAPK Cascade (GO:0043408)	18	323	108	3592	1.853	6.875e-03	1.118e-01	0	0
A-PEP.SCGN_ADRA2C	Clathrin-Dependent Endocytosis (GO:0072583)	5	323	15	3592	3.707	8.028e-03	1.287e-01	0	0
A-PEP.SCGN_ADRA2C	Negative Regulation of Protein Modification by Small Protein Conjugation or Removal (GO:1903321)	7	323	27	3592	2.883	8.143e-03	1.287e-01	0	0
A-PEP.SCGN_ADRA2C	Chaperone-Mediated Protein Complex Assembly (GO:0051131)	4	323	10	3592	4.448	8.701e-03	1.300e-01	0	0
A-PEP.SCGN_ADRA2C	ERK1 and ERK2 Cascade (GO:0070371)	4	323	10	3592	4.448	8.701e-03	1.300e-01	0	0
A-PEP.SCGN_ADRA2C	Negative Regulation of Receptor-Mediated Endocytosis (GO:0048261)	4	323	10	3592	4.448	8.701e-03	1.300e-01	0	0
A-PEP.SCGN_ADRA2C	Tricarboxylic Acid Cycle (GO:0006099)	4	323	10	3592	4.448	8.701e-03	1.300e-01	0	0
A-PEP.SCGN_ADRA2C	Aerobic Respiration (GO:0009060)	9	323	41	3592	2.441	9.054e-03	1.335e-01	0	0
A-PEP.SCGN_ADRA2C	Positive Regulation of MAPK Cascade (GO:0043410)	20	323	128	3592	1.738	9.325e-03	1.357e-01	0	0
A-PEP.SCGN_ADRA2C	Regulation of Vesicle-Mediated Transport (GO:0060627)	8	323	35	3592	2.542	1.063e-02	1.491e-01	0	0
A-PEP.SCGN_ADRA2C	Regulation of Transport (GO:0051049)	6	323	22	3592	3.033	1.089e-02	1.491e-01	0	0
A-PEP.SCGN_ADRA2C	Regulation of Protein-Containing Complex Assembly (GO:0043254)	11	323	57	3592	2.146	1.113e-02	1.491e-01	0	0
A-PEP.SCGN_ADRA2C	Adrenergic Receptor Signaling Pathway (GO:0071875)	3	323	6	3592	5.560	1.173e-02	1.491e-01	0	0
A-PEP.SCGN_ADRA2C	Hydrogen Peroxide Catabolic Process (GO:0042744)	3	323	6	3592	5.560	1.173e-02	1.491e-01	0	0
A-PEP.SCGN_ADRA2C	Intracellular Monoatomic Ion Homeostasis (GO:0006873)	3	323	6	3592	5.560	1.173e-02	1.491e-01	0	0
A-PEP.SCGN_ADRA2C	Membrane Repolarization During Action Potential (GO:0086011)	3	323	6	3592	5.560	1.173e-02	1.491e-01	0	0
A-PEP.SCGN_ADRA2C	Membrane Repolarization During Cardiac Muscle Cell Action Potential (GO:0086013)	3	323	6	3592	5.560	1.173e-02	1.491e-01	0	0
A-PEP.SCGN_ADRA2C	Mitochondrial Calcium Ion Transmembrane Transport (GO:0006851)	3	323	6	3592	5.560	1.173e-02	1.491e-01	0	0
A-PEP.SCGN_ADRA2C	Negative Regulation of Ubiquitin Protein Ligase Activity (GO:1904667)	3	323	6	3592	5.560	1.173e-02	1.491e-01	0	0
A-PEP.SCGN_ADRA2C	Protein Localization to Microtubule Cytoskeleton (GO:0072698)	3	323	6	3592	5.560	1.173e-02	1.491e-01	0	0
A-PEP.SCGN_ADRA2C	ERAD Pathway (GO:0036503)	10	323	50	3592	2.224	1.187e-02	1.492e-01	0	0
A-PEP.SCGN_ADRA2C	Glucose Homeostasis (GO:0042593)	8	323	36	3592	2.471	1.263e-02	1.570e-01	0	0
A-PEP.SCGN_ADRA2C	Platelet Aggregation (GO:0070527)	5	323	17	3592	3.271	1.424e-02	1.750e-01	0	0
A-PEP.SCGN_ADRA2C	Negative Regulation of Apoptotic Process (GO:0043066)	27	323	197	3592	1.524	1.585e-02	1.885e-01	0	0
A-PEP.SCGN_ADRA2C	Protein Stabilization (GO:0050821)	17	323	109	3592	1.734	1.621e-02	1.885e-01	0	0
A-PEP.SCGN_ADRA2C	Intracellular Protein Transport (GO:0006886)	18	323	118	3592	1.696	1.685e-02	1.885e-01	0	0
A-PEP.SCGN_ADRA2C	Myeloid Cell Differentiation (GO:0030099)	6	323	24	3592	2.780	1.685e-02	1.885e-01	0	0
A-PEP.SCGN_ADRA2C	rRNA Metabolic Process (GO:0016072)	7	323	31	3592	2.511	1.766e-02	1.885e-01	0	0
A-PEP.SCGN_ADRA2C	Inner Mitochondrial Membrane Organization (GO:0007007)	4	323	12	3592	3.707	1.775e-02	1.885e-01	0	0
A-PEP.SCGN_ADRA2C	Positive Regulation of Cell-Substrate Junction Organization (GO:0150117)	4	323	12	3592	3.707	1.775e-02	1.885e-01	0	0
A-PEP.SCGN_ADRA2C	Homotypic Cell-Cell Adhesion (GO:0034109)	5	323	18	3592	3.089	1.830e-02	1.885e-01	0	0
A-PEP.SCGN_ADRA2C	Negative Regulation of Ubiquitin-Dependent Protein Catabolic Process (GO:2000059)	5	323	18	3592	3.089	1.830e-02	1.885e-01	0	0
A-PEP.SCGN_ADRA2C	Protein Localization to Nucleus (GO:0034504)	9	323	46	3592	2.176	1.911e-02	1.885e-01	0	0
A-PEP.SCGN_ADRA2C	Intracellular Protein Transmembrane Transport (GO:0065002)	3	323	7	3592	4.766	1.917e-02	1.885e-01	0	0
A-PEP.SCGN_ADRA2C	Negative Regulation of Ubiquitin-Protein Transferase Activity (GO:0051444)	3	323	7	3592	4.766	1.917e-02	1.885e-01	0	0
A-PEP.SCGN_ADRA2C	Pore Complex Assembly (GO:0046931)	3	323	7	3592	4.766	1.917e-02	1.885e-01	0	0
A-PEP.SCGN_ADRA2C	Positive Regulation of T Cell Cytokine Production (GO:0002726)	3	323	7	3592	4.766	1.917e-02	1.885e-01	0	0
A-PEP.SCGN_ADRA2C	Post-Translational Protein Targeting to Endoplasmic Reticulum Membrane (GO:0006620)	3	323	7	3592	4.766	1.917e-02	1.885e-01	0	0
A-PEP.SCGN_ADRA2C	Renal Water Homeostasis (GO:0003091)	3	323	7	3592	4.766	1.917e-02	1.885e-01	0	0
A-PEP.SCGN_ADRA2C	SNARE Complex Assembly (GO:0035493)	3	323	7	3592	4.766	1.917e-02	1.885e-01	0	0
A-PEP.SCGN_ADRA2C	Cellular Response to Chemical Stress (GO:0062197)	10	323	54	3592	2.059	2.006e-02	1.885e-01	0	0
A-PEP.SCGN_ADRA2C	Oxidative Phosphorylation (GO:0006119)	8	323	39	3592	2.281	2.028e-02	1.885e-01	0	0
A-PEP.SCGN_ADRA2C	Protein Localization to Plasma Membrane (GO:0072659)	11	323	62	3592	1.973	2.046e-02	1.885e-01	0	0
A-PEP.SCGN_ADRA2C	Cell Morphogenesis Involved in Neuron Differentiation (GO:0048667)	7	323	32	3592	2.433	2.091e-02	1.885e-01	0	0
A-PEP.SCGN_ADRA2C	Ag Processing and Presentation of Endogenous Pep Ag via MHC Cls I via ER Pway (GO:0002484)	2	323	3	3592	7.414	2.275e-02	1.885e-01	0	0
A-PEP.SCGN_ADRA2C	Ag Processing and Presentation of Endogenous Pep Ag via MHC Cls I via ER Pway. TAP-ind (GO:0002486)	2	323	3	3592	7.414	2.275e-02	1.885e-01	0	0
A-PEP.SCGN_ADRA2C	Antigen Processing and Presentation of Endogenous Peptide Antigen via MHC Class Ib (GO:0002476)	2	323	3	3592	7.414	2.275e-02	1.885e-01	0	0
A-PEP.SCGN_ADRA2C	Antigen Processing and Presentation of Peptide Antigen via MHC Class Ib (GO:0002428)	2	323	3	3592	7.414	2.275e-02	1.885e-01	0	0
A-PEP.SCGN_ADRA2C	Endoplasmic Reticulum Tubular Network Formation (GO:0071787)	2	323	3	3592	7.414	2.275e-02	1.885e-01	0	0
A-PEP.SCGN_ADRA2C	Heme Catabolic Process (GO:0042167)	2	323	3	3592	7.414	2.275e-02	1.885e-01	0	0
A-PEP.SCGN_ADRA2C	Maturation of LSU-rRNA Frm Tricistronic rRNA Trnscpt (GO:0000463)	2	323	3	3592	7.414	2.275e-02	1.885e-01	0	0
A-PEP.SCGN_ADRA2C	Negative Regulation of IRE1-mediated Unfolded Protein Response (GO:1903895)	2	323	3	3592	7.414	2.275e-02	1.885e-01	0	0
A-PEP.SCGN_ADRA2C	Negative Regulation of JUN Kinase Activity (GO:0043508)	2	323	3	3592	7.414	2.275e-02	1.885e-01	0	0
A-PEP.SCGN_ADRA2C	Negative Regulation of Striated Muscle Cell Apoptotic Process (GO:0010664)	2	323	3	3592	7.414	2.275e-02	1.885e-01	0	0
A-PEP.SCGN_ADRA2C	Pigment Catabolic Process (GO:0046149)	2	323	3	3592	7.414	2.275e-02	1.885e-01	0	0
A-PEP.SCGN_ADRA2C	Porphyrin-Containing Compound Catabolic Process (GO:0006787)	2	323	3	3592	7.414	2.275e-02	1.885e-01	0	0
A-PEP.SCGN_ADRA2C	Positive Regulation of Cyclin-Dependent Protein Kinase Activity (GO:1904031)	2	323	3	3592	7.414	2.275e-02	1.885e-01	0	0
A-PEP.SCGN_ADRA2C	Positive Regulation of Cyclin-Dependent Protein Serine/Threonine Kinase Activity (GO:0045737)	2	323	3	3592	7.414	2.275e-02	1.885e-01	0	0
A-PEP.SCGN_ADRA2C	Positive Regulation of G2/M Transition of Mitotic Cell Cycle (GO:0010971)	2	323	3	3592	7.414	2.275e-02	1.885e-01	0	0
A-PEP.SCGN_ADRA2C	Positive Regulation of Smooth Muscle Cell Apoptotic Process (GO:0034393)	2	323	3	3592	7.414	2.275e-02	1.885e-01	0	0
A-PEP.SCGN_ADRA2C	Positive Regulation of Type 2 Immune Response (GO:0002830)	2	323	3	3592	7.414	2.275e-02	1.885e-01	0	0
A-PEP.SCGN_ADRA2C	Positive Regulation of Vascular Associated Smooth Muscle Cell Differentiation (GO:1905065)	2	323	3	3592	7.414	2.275e-02	1.885e-01	0	0
A-PEP.SCGN_ADRA2C	Regulation of Macrophage Proliferation (GO:0120040)	2	323	3	3592	7.414	2.275e-02	1.885e-01	0	0
A-PEP.SCGN_ADRA2C	Regulation of Norepinephrine Secretion (GO:0014061)	2	323	3	3592	7.414	2.275e-02	1.885e-01	0	0
A-PEP.SCGN_ADRA2C	Regulation of acetyl-CoA Biosynthetic Process From Pyruvate (GO:0010510)	2	323	3	3592	7.414	2.275e-02	1.885e-01	0	0
A-PEP.SCGN_ADRA2C	Ventricular Cardiac Muscle Cell Membrane Repolarization (GO:0099625)	2	323	3	3592	7.414	2.275e-02	1.885e-01	0	0
A-PEP.SCGN_ADRA2C	Protein Targeting to Mitochondrion (GO:0006626)	5	323	19	3592	2.927	2.306e-02	1.885e-01	0	0
A-PEP.SCGN_ADRA2C	Regulation of Substrate Adhesion-Dependent Cell Spreading (GO:1900024)	5	323	19	3592	2.927	2.306e-02	1.885e-01	0	0
A-PEP.SCGN_ADRA2C	Long-Term Synaptic Potentiation (GO:0060291)	4	323	13	3592	3.422	2.386e-02	1.885e-01	0	0
A-PEP.SCGN_ADRA2C	Regulation of Regulated Secretory Pathway (GO:1903305)	4	323	13	3592	3.422	2.386e-02	1.885e-01	0	0
A-PEP.SCGN_ADRA2C	Regulation of Release of Cytochrome C From Mitochondria (GO:0090199)	4	323	13	3592	3.422	2.386e-02	1.885e-01	0	0
A-PEP.SCGN_ADRA2C	Response to Alcohol (GO:0097305)	4	323	13	3592	3.422	2.386e-02	1.885e-01	0	0
A-PEP.SCGN_ADRA2C	SCF-dependent Proteasomal Ubiquitin-Dependent Protein Catabolic Process (GO:0031146)	4	323	13	3592	3.422	2.386e-02	1.885e-01	0	0
A-PEP.SCGN_ADRA2C	Negative Regulation of Intrinsic Apoptotic Signaling Pathway (GO:2001243)	7	323	33	3592	2.359	2.457e-02	1.914e-01	0	0
A-PEP.SCGN_ADRA2C	Negative Regulation of Protein-Containing Complex Assembly (GO:0031333)	6	323	26	3592	2.566	2.475e-02	1.914e-01	0	0
A-PEP.SCGN_ADRA2C	Negative Regulation of Response to Stimulus (GO:0048585)	6	323	26	3592	2.566	2.475e-02	1.914e-01	0	0
A-PEP.SCGN_ADRA2C	Positive Regulation of Protein Kinase Activity (GO:0045860)	8	323	41	3592	2.170	2.692e-02	2.019e-01	0	0
A-PEP.SCGN_ADRA2C	Cellular Response to Oxidative Stress (GO:0034599)	11	323	65	3592	1.882	2.830e-02	2.019e-01	0	0
A-PEP.SCGN_ADRA2C	Protein Localization to Cell Periphery (GO:1990778)	11	323	65	3592	1.882	2.830e-02	2.019e-01	0	0
A-PEP.SCGN_ADRA2C	Activation of Protein Kinase B Activity (GO:0032148)	3	323	8	3592	4.170	2.866e-02	2.019e-01	0	0
A-PEP.SCGN_ADRA2C	Establishment of Protein Localization to Mitochondrial Membrane (GO:0090151)	3	323	8	3592	4.170	2.866e-02	2.019e-01	0	0
A-PEP.SCGN_ADRA2C	Heme Metabolic Process (GO:0042168)	3	323	8	3592	4.170	2.866e-02	2.019e-01	0	0
A-PEP.SCGN_ADRA2C	Maintenance of Protein Localization in Organelle (GO:0072595)	3	323	8	3592	4.170	2.866e-02	2.019e-01	0	0
A-PEP.SCGN_ADRA2C	Maintenance of Protein Location in Nucleus (GO:0051457)	3	323	8	3592	4.170	2.866e-02	2.019e-01	0	0
A-PEP.SCGN_ADRA2C	Membrane Repolarization (GO:0086009)	3	323	8	3592	4.170	2.866e-02	2.019e-01	0	0
A-PEP.SCGN_ADRA2C	Negative Regulation of Muscle Cell Apoptotic Process (GO:0010656)	3	323	8	3592	4.170	2.866e-02	2.019e-01	0	0
A-PEP.SCGN_ADRA2C	Negative Regulation of RNA Splicing (GO:0033119)	3	323	8	3592	4.170	2.866e-02	2.019e-01	0	0
A-PEP.SCGN_ADRA2C	Phagocytosis. Engulfment (GO:0006911)	3	323	8	3592	4.170	2.866e-02	2.019e-01	0	0
A-PEP.SCGN_ADRA2C	Plasma Membrane Invagination (GO:0099024)	3	323	8	3592	4.170	2.866e-02	2.019e-01	0	0
A-PEP.SCGN_ADRA2C	Positive Regulation of Filopodium Assembly (GO:0051491)	3	323	8	3592	4.170	2.866e-02	2.019e-01	0	0
A-PEP.SCGN_ADRA2C	Positive Regulation of Secretion by Cell (GO:1903532)	6	323	27	3592	2.471	2.950e-02	2.052e-01	0	0
A-PEP.SCGN_ADRA2C	Regulation of Heart Contraction (GO:0008016)	6	323	27	3592	2.471	2.950e-02	2.052e-01	0	0
A-PEP.SCGN_ADRA2C	Axon Development (GO:0061564)	8	323	42	3592	2.118	3.075e-02	2.110e-01	0	0
A-PEP.SCGN_ADRA2C	Negative Regulation of Developmental Growth (GO:0048640)	4	323	14	3592	3.177	3.110e-02	2.110e-01	0	0
A-PEP.SCGN_ADRA2C	Negative Regulation of Proteolysis Involved in Protein Catabolic Process (GO:1903051)	4	323	14	3592	3.177	3.110e-02	2.110e-01	0	0
A-PEP.SCGN_ADRA2C	Regulation of Peptide Hormone Secretion (GO:0090276)	4	323	14	3592	3.177	3.110e-02	2.110e-01	0	0
A-PEP.SCGN_ADRA2C	Positive Regulation of Metabolic Process (GO:0009893)	10	323	58	3592	1.917	3.177e-02	2.142e-01	0	0
A-PEP.SCGN_ADRA2C	Positive Regulation of Intracellular Protein Transport (GO:0090316)	7	323	35	3592	2.224	3.314e-02	2.142e-01	0	0
A-PEP.SCGN_ADRA2C	Erythrocyte Differentiation (GO:0030218)	5	323	21	3592	2.648	3.480e-02	2.142e-01	0	0
A-PEP.SCGN_ADRA2C	Positive Regulation of Cell-Substrate Adhesion (GO:0010811)	6	323	28	3592	2.383	3.480e-02	2.142e-01	0	0
A-PEP.SCGN_ADRA2C	Regulation of Proteolysis (GO:0030162)	6	323	28	3592	2.383	3.480e-02	2.142e-01	0	0
A-PEP.SCGN_ADRA2C	Negative Regulation of Apoptotic Signaling Pathway (GO:2001234)	7	323	36	3592	2.162	3.809e-02	2.142e-01	0	0
A-PEP.SCGN_ADRA2C	Proteolysis Involved in Protein Catabolic Process (GO:0051603)	7	323	36	3592	2.162	3.809e-02	2.142e-01	0	0
A-PEP.SCGN_ADRA2C	Golgi to Plasma Membrane Protein Transport (GO:0043001)	4	323	15	3592	2.966	3.949e-02	2.142e-01	0	0
A-PEP.SCGN_ADRA2C	Lysosome Localization (GO:0032418)	4	323	15	3592	2.966	3.949e-02	2.142e-01	0	0
A-PEP.SCGN_ADRA2C	Negative Regulation of Amide Metabolic Process (GO:0034249)	4	323	15	3592	2.966	3.949e-02	2.142e-01	0	0
A-PEP.SCGN_ADRA2C	Positive Regulation of Nitric Oxide Biosynthetic Process (GO:0045429)	4	323	15	3592	2.966	3.949e-02	2.142e-01	0	0
A-PEP.SCGN_ADRA2C	Positive Regulation of Stress Fiber Assembly (GO:0051496)	4	323	15	3592	2.966	3.949e-02	2.142e-01	0	0
A-PEP.SCGN_ADRA2C	Regulation of Supramolecular Fiber Organization (GO:1902903)	4	323	15	3592	2.966	3.949e-02	2.142e-01	0	0
A-PEP.SCGN_ADRA2C	Positive Regulation of NF-kappaB Transcription Factor Activity (GO:0051092)	8	323	44	3592	2.022	3.949e-02	2.142e-01	0	0
A-PEP.SCGN_ADRA2C	MAPK Cascade (GO:0000165)	9	323	52	3592	1.925	3.970e-02	2.142e-01	0	0
A-PEP.SCGN_ADRA2C	Axon Extension (GO:0048675)	3	323	9	3592	3.707	4.018e-02	2.142e-01	0	0
A-PEP.SCGN_ADRA2C	Cytoskeleton-Dependent Intracellular Transport (GO:0030705)	3	323	9	3592	3.707	4.018e-02	2.142e-01	0	0
A-PEP.SCGN_ADRA2C	Endoplasmic Reticulum Tubular Network Organization (GO:0071786)	3	323	9	3592	3.707	4.018e-02	2.142e-01	0	0
A-PEP.SCGN_ADRA2C	GPCR Sgnlng Pway. Coupled to Cyclic Nucleotide Second Messenger (GO:0007187)	3	323	9	3592	3.707	4.018e-02	2.142e-01	0	0
A-PEP.SCGN_ADRA2C	NADH Metabolic Process (GO:0006734)	3	323	9	3592	3.707	4.018e-02	2.142e-01	0	0
A-PEP.SCGN_ADRA2C	Negative Regulation of Calcium Ion Transmembrane Transport (GO:1903170)	3	323	9	3592	3.707	4.018e-02	2.142e-01	0	0
A-PEP.SCGN_ADRA2C	Negative Regulation of Endoplasmic Reticulum Unfolded Protein Response (GO:1900102)	3	323	9	3592	3.707	4.018e-02	2.142e-01	0	0
A-PEP.SCGN_ADRA2C	Negative Regulation of Myeloid Cell Differentiation (GO:0045638)	3	323	9	3592	3.707	4.018e-02	2.142e-01	0	0
A-PEP.SCGN_ADRA2C	Positive Regulation of Macrophage Migration (GO:1905523)	3	323	9	3592	3.707	4.018e-02	2.142e-01	0	0
A-PEP.SCGN_ADRA2C	Positive Regulation of Mononuclear Cell Migration (GO:0071677)	3	323	9	3592	3.707	4.018e-02	2.142e-01	0	0
A-PEP.SCGN_ADRA2C	Regulation of Cardiac Conduction (GO:1903779)	3	323	9	3592	3.707	4.018e-02	2.142e-01	0	0
A-PEP.SCGN_ADRA2C	Regulation of Plasminogen Activation (GO:0010755)	3	323	9	3592	3.707	4.018e-02	2.142e-01	0	0
A-PEP.SCGN_ADRA2C	Regulation of Protein Export From Nucleus (GO:0046825)	3	323	9	3592	3.707	4.018e-02	2.142e-01	0	0
A-PEP.SCGN_ADRA2C	Regulation of Response to Endoplasmic Reticulum Stress (GO:1905897)	3	323	9	3592	3.707	4.018e-02	2.142e-01	0	0
A-PEP.SCGN_ADRA2C	Response to Amino Acid (GO:0043200)	3	323	9	3592	3.707	4.018e-02	2.142e-01	0	0
A-PEP.SCGN_ADRA2C	Response to Misfolded Protein (GO:0051788)	3	323	9	3592	3.707	4.018e-02	2.142e-01	0	0
A-PEP.SCGN_ADRA2C	Regulation of Insulin Secretion (GO:0050796)	6	323	29	3592	2.301	4.069e-02	2.142e-01	0	0
A-PEP.SCGN_ADRA2C	Positive Regulation of Developmental Growth (GO:0048639)	5	323	22	3592	2.527	4.183e-02	2.142e-01	0	0
A-PEP.SCGN_ADRA2C	Positive Regulation of Intrinsic Apoptotic Signaling Pathway (GO:2001244)	5	323	22	3592	2.527	4.183e-02	2.142e-01	0	0
A-PEP.SCGN_ADRA2C	Adenylate Cyclase-Activating Adrenergic Receptor Signaling Pathway (GO:0071880)	2	323	4	3592	5.560	4.280e-02	2.142e-01	0	0
A-PEP.SCGN_ADRA2C	Adenylate Cyclase-Activating Dopamine Receptor Signaling Pathway (GO:0007191)	2	323	4	3592	5.560	4.280e-02	2.142e-01	0	0
A-PEP.SCGN_ADRA2C	Establishment of Golgi Localization (GO:0051683)	2	323	4	3592	5.560	4.280e-02	2.142e-01	0	0
A-PEP.SCGN_ADRA2C	Ganglion Development (GO:0061548)	2	323	4	3592	5.560	4.280e-02	2.142e-01	0	0
A-PEP.SCGN_ADRA2C	MHC Class I Protein Complex Assembly (GO:0002397)	2	323	4	3592	5.560	4.280e-02	2.142e-01	0	0
A-PEP.SCGN_ADRA2C	Mitochondrion-Endoplasmic Reticulum Membrane Tethering (GO:1990456)	2	323	4	3592	5.560	4.280e-02	2.142e-01	0	0
A-PEP.SCGN_ADRA2C	Negative Regulation of Cellular Response to Hypoxia (GO:1900038)	2	323	4	3592	5.560	4.280e-02	2.142e-01	0	0
A-PEP.SCGN_ADRA2C	Negative Regulation of Centrosome Duplication (GO:0010826)	2	323	4	3592	5.560	4.280e-02	2.142e-01	0	0
A-PEP.SCGN_ADRA2C	Negative Regulation of Oxidoreductase Activity (GO:0051354)	2	323	4	3592	5.560	4.280e-02	2.142e-01	0	0
A-PEP.SCGN_ADRA2C	Outer Mitochondrial Membrane Organization (GO:0007008)	2	323	4	3592	5.560	4.280e-02	2.142e-01	0	0
A-PEP.SCGN_ADRA2C	Peptide Antigen Assembly With MHC Class I Protein Complex (GO:0002502)	2	323	4	3592	5.560	4.280e-02	2.142e-01	0	0
A-PEP.SCGN_ADRA2C	Positive Regulation of Acute Inflammatory Response (GO:0002675)	2	323	4	3592	5.560	4.280e-02	2.142e-01	0	0
A-PEP.SCGN_ADRA2C	Positive Regulation of Focal Adhesion Disassembly (GO:0120183)	2	323	4	3592	5.560	4.280e-02	2.142e-01	0	0
A-PEP.SCGN_ADRA2C	Protein Insertion Into Mitochondrial Outer Membrane (GO:0045040)	2	323	4	3592	5.560	4.280e-02	2.142e-01	0	0
A-PEP.SCGN_ADRA2C	Regulation of CD8-positive. Alpha-Beta T Cell Activation (GO:2001185)	2	323	4	3592	5.560	4.280e-02	2.142e-01	0	0
A-PEP.SCGN_ADRA2C	Regulation of Endodeoxyribonuclease Activity (GO:0032071)	2	323	4	3592	5.560	4.280e-02	2.142e-01	0	0
A-PEP.SCGN_ADRA2C	Regulation of Focal Adhesion Disassembly (GO:0120182)	2	323	4	3592	5.560	4.280e-02	2.142e-01	0	0
A-PEP.SCGN_ADRA2C	Response to Fatty Acid (GO:0070542)	2	323	4	3592	5.560	4.280e-02	2.142e-01	0	0
A-PEP.SCGN_ADRA2C	Response to Prostaglandin (GO:0034694)	2	323	4	3592	5.560	4.280e-02	2.142e-01	0	0
A-PEP.SCGN_ADRA2C	Ribosomal Large Subunit Assembly (GO:0000027)	2	323	4	3592	5.560	4.280e-02	2.142e-01	0	0
A-PEP.SCGN_ADRA2C	Ribosomal Small Subunit Export From Nucleus (GO:0000056)	2	323	4	3592	5.560	4.280e-02	2.142e-01	0	0
A-PEP.SCGN_ADRA2C	Sensory Perception of Smell (GO:0007608)	2	323	4	3592	5.560	4.280e-02	2.142e-01	0	0
A-PEP.SCGN_ADRA2C	Substrate-Dependent Cell Migration. Cell Extension (GO:0006930)	2	323	4	3592	5.560	4.280e-02	2.142e-01	0	0
A-PEP.SCGN_ADRA2C	Sympathetic Nervous System Development (GO:0048485)	2	323	4	3592	5.560	4.280e-02	2.142e-01	0	0
A-PEP.SCGN_ADRA2C	Regulation of Apoptotic Process (GO:0042981)	33	323	273	3592	1.344	4.407e-02	2.196e-01	0	0
A-PEP.SCGN_ADRA2C	Positive Regulation of Cellular Component Organization (GO:0051130)	8	323	45	3592	1.977	4.443e-02	2.204e-01	0	0
A-PEP.SCGN_ADRA2C	Mitochondrial Transport (GO:0006839)	4	323	16	3592	2.780	4.904e-02	2.348e-01	0	0
A-PEP.SCGN_ADRA2C	Negative Regulation of Oxidative Stress-Induced Intrinsic Apoptotic Signaling Pathway (GO:1902176)	4	323	16	3592	2.780	4.904e-02	2.348e-01	0	0
A-PEP.SCGN_ADRA2C	Negative Regulation of Response to Endoplasmic Reticulum Stress (GO:1903573)	4	323	16	3592	2.780	4.904e-02	2.348e-01	0	0
A-PEP.SCGN_ADRA2C	Neuron Projection Extension (GO:1990138)	4	323	16	3592	2.780	4.904e-02	2.348e-01	0	0
A-PEP.SCGN_ADRA2C	Positive Regulation of Leukocyte Chemotaxis (GO:0002690)	4	323	16	3592	2.780	4.904e-02	2.348e-01	0	0
A-PEP.SCGN_ADRA2C	Positive Regulation of Nitric Oxide Metabolic Process (GO:1904407)	4	323	16	3592	2.780	4.904e-02	2.348e-01	0	0
A-PEP.SCGN_ADRA2C	Regulation of Receptor Internalization (GO:0002090)	4	323	16	3592	2.780	4.904e-02	2.348e-01	0	0
A-PEP.SCGN_ADRA2C	Response to Epidermal Growth Factor (GO:0070849)	4	323	16	3592	2.780	4.904e-02	2.348e-01	0	0
A-Propr.EPHA3	Regulation of Natural Killer Cell Activation (GO:0032814)	4	379	4	3592	9.478	1.222e-04	1.041e-01	1	1
A-Propr.EPHA3	Anterograde Trans-Synaptic Signaling (GO:0098916)	20	379	80	3592	2.369	1.573e-04	1.041e-01	1	1
A-Propr.EPHA3	Base-Excision Repair (GO:0006284)	6	379	11	3592	5.170	3.864e-04	1.421e-01	1	1
A-Propr.EPHA3	Chemical Synaptic Transmission (GO:0007268)	23	379	105	3592	2.076	4.294e-04	1.421e-01	0	1
A-Propr.EPHA3	Ephrin Receptor Signaling Pathway (GO:0048013)	9	379	25	3592	3.412	6.451e-04	1.544e-01	1	1
A-Propr.EPHA3	Cell Junction Organization (GO:0034330)	9	379	26	3592	3.281	8.962e-04	1.544e-01	1	1
A-Propr.EPHA3	Protein Tetramerization (GO:0051262)	9	379	26	3592	3.281	8.962e-04	1.544e-01	0	1
A-Propr.EPHA3	Positive Regulation of Glycoprotein Biosynthetic Process (GO:0010560)	3	379	3	3592	9.478	1.166e-03	1.544e-01	0	1
A-Propr.EPHA3	Synaptic Vesicle Clustering (GO:0097091)	3	379	3	3592	9.478	1.166e-03	1.544e-01	0	1
A-Propr.EPHA3	Synaptic Vesicle Localization (GO:0097479)	3	379	3	3592	9.478	1.166e-03	1.544e-01	0	1
A-Propr.EPHA3	Antigen Processing and Presentation of Endogenous Peptide Antigen (GO:0002483)	4	379	6	3592	6.318	1.540e-03	1.568e-01	0	1
A-Propr.EPHA3	Early Endosome to Late Endosome Transport (GO:0045022)	4	379	6	3592	6.318	1.540e-03	1.568e-01	0	1
A-Propr.EPHA3	Regulation of Fatty Acid Metabolic Process (GO:0019217)	4	379	6	3592	6.318	1.540e-03	1.568e-01	0	1
A-Propr.EPHA3	Positive Regulation of Leukocyte Mediated Cytotoxicity (GO:0001912)	6	379	15	3592	3.791	2.895e-03	2.277e-01	0	1
A-Propr.EPHA3	Peptidyl-Tyrosine Modification (GO:0018212)	8	379	25	3592	3.033	3.060e-03	2.277e-01	0	1
A-Propr.EPHA3	Regulation of Dopamine Secretion (GO:0014059)	4	379	7	3592	5.416	3.294e-03	2.277e-01	0	1
A-Propr.EPHA3	Regulation of Interleukin-4 Production (GO:0032673)	5	379	11	3592	4.308	3.432e-03	2.277e-01	0	1
A-Propr.EPHA3	Calcium Ion Transport (GO:0006816)	12	379	49	3592	2.321	3.921e-03	2.277e-01	0	1
A-Propr.EPHA3	Positive Regulation of Lymphocyte Activation (GO:0051251)	6	379	16	3592	3.554	4.226e-03	2.277e-01	0	1
A-Propr.EPHA3	MHC Class II Protein Complex Assembly (GO:0002399)	3	379	4	3592	7.108	4.299e-03	2.277e-01	0	1
A-Propr.EPHA3	Negative Regulation of Centrosome Duplication (GO:0010826)	3	379	4	3592	7.108	4.299e-03	2.277e-01	0	1
A-Propr.EPHA3	Peptide Antigen Assembly With MHC Class II Protein Complex (GO:0002503)	3	379	4	3592	7.108	4.299e-03	2.277e-01	0	1
A-Propr.EPHA3	Ribosomal Small Subunit Export From Nucleus (GO:0000056)	3	379	4	3592	7.108	4.299e-03	2.277e-01	0	1
A-Propr.EPHA3	cAMP Biosynthetic Process (GO:0006171)	3	379	4	3592	7.108	4.299e-03	2.277e-01	0	1
A-Propr.EPHA3	cAMP Metabolic Process (GO:0046058)	3	379	4	3592	7.108	4.299e-03	2.277e-01	0	1
A-Propr.EPHA3	Protein Homooligomerization (GO:0051260)	11	379	44	3592	2.369	4.791e-03	2.440e-01	0	1
A-Propr.HAPLN4	Mitochondrial ATP Synthesis Coupled Electron Transport (GO:0042775)	27	353	40	3592	6.869	8.996e-19	1.120e-15	1	0
A-Propr.HAPLN4	Cellular Respiration (GO:0045333)	29	353	47	3592	6.279	1.803e-18	1.122e-15	0	0
A-Propr.HAPLN4	Aerobic Electron Transport Chain (GO:0019646)	26	353	39	3592	6.784	6.611e-18	2.743e-15	0	0
A-Propr.HAPLN4	Aerobic Respiration (GO:0009060)	23	353	41	3592	5.708	1.313e-13	4.087e-11	0	0
A-Propr.HAPLN4	Mitochondrial Electron Transport. NADH to Ubiquinone (GO:0006120)	15	353	19	3592	8.033	1.569e-12	3.906e-10	1	0
A-Propr.HAPLN4	Oxidative Phosphorylation (GO:0006119)	21	353	39	3592	5.479	4.690e-12	9.732e-10	0	0
A-Propr.HAPLN4	Proton Motive Force-Driven Mitochondrial ATP Synthesis (GO:0042776)	19	353	34	3592	5.686	2.116e-11	3.764e-09	0	0
A-Propr.HAPLN4	Proton Motive Force-Driven ATP Synthesis (GO:0015986)	19	353	36	3592	5.370	8.140e-11	1.267e-08	1	0
A-Propr.HAPLN4	Mitochondrial Respiratory Chain Complex I Assembly (GO:0032981)	9	353	14	3592	6.541	9.935e-07	1.220e-04	1	0
A-Propr.HAPLN4	NADH Dehydrogenase Complex Assembly (GO:0010257)	9	353	14	3592	6.541	9.935e-07	1.220e-04	0	0
A-Propr.HAPLN4	Mitochondrial Respiratory Chain Complex Assembly (GO:0033108)	12	353	25	3592	4.884	1.078e-06	1.220e-04	0	0
A-Propr.HAPLN4	Energy Derivation by Oxidation of Organic Compounds (GO:0015980)	10	353	23	3592	4.424	2.631e-05	2.730e-03	1	0
A-Propr.HAPLN4	Translation (GO:0006412)	24	353	109	3592	2.241	9.762e-05	9.074e-03	0	0
A-Propr.HAPLN4	Macromolecule Biosynthetic Process (GO:0009059)	22	353	96	3592	2.332	1.020e-04	9.074e-03	0	0
A-Propr.HAPLN4	Negative Regulation of Apoptotic Process (GO:0043066)	36	353	197	3592	1.860	1.296e-04	1.076e-02	0	0
A-Propr.HAPLN4	Negative Regulation of Programmed Cell Death (GO:0043069)	31	353	162	3592	1.947	1.631e-04	1.269e-02	0	0
A-Propr.HAPLN4	ATP Metabolic Process (GO:0046034)	10	353	29	3592	3.509	2.682e-04	1.964e-02	0	0
A-Propr.HAPLN4	Mitochondrial Electron Transport. Ubiquinol to Cytochrome C (GO:0006122)	5	353	8	3592	6.360	3.887e-04	2.636e-02	0	0
A-Propr.HAPLN4	Electron Transport Chain (GO:0022900)	4	353	5	3592	8.141	4.235e-04	2.636e-02	0	0
A-Propr.HAPLN4	Positive Regulation of Cellular Respiration (GO:1901857)	4	353	5	3592	8.141	4.235e-04	2.636e-02	0	0
A-Propr.HAPLN4	Pyruvate Metabolic Process (GO:0006090)	8	353	21	3592	3.876	5.186e-04	3.075e-02	0	0
A-Propr.HAPLN4	Regulation of Mitochondrial Membrane Potential (GO:0051881)	7	353	17	3592	4.190	6.786e-04	3.775e-02	0	0
A-Propr.HAPLN4	Protein Stabilization (GO:0050821)	22	353	109	3592	2.054	6.973e-04	3.775e-02	0	0
A-Propr.HAPLN4	Hydrogen Peroxide Metabolic Process (GO:0042743)	5	353	9	3592	5.653	8.044e-04	4.053e-02	0	0
A-Propr.HAPLN4	Granulocyte Chemotaxis (GO:0071621)	6	353	13	3592	4.696	8.139e-04	4.053e-02	0	0
A-Propr.HAPLN4	Regulation of Apoptotic Process (GO:0042981)	43	353	273	3592	1.603	8.919e-04	4.271e-02	0	0
A-Propr.HAPLN4	Negative Regulation of Transforming Growth Factor Beta Production (GO:0071635)	3	353	3	3592	10.176	9.418e-04	4.343e-02	0	0
A-Propr.HAPLN4	Purine Ribonucleotide Metabolic Process (GO:0009150)	7	353	18	3592	3.957	1.018e-03	4.526e-02	0	0
A-Propr.HAPLN4	Sodium Ion Export Across Plasma Membrane (GO:0036376)	4	353	6	3592	6.784	1.172e-03	4.907e-02	0	0
A-Propr.HAPLN4	Protein Metabolic Process (GO:0019538)	37	353	228	3592	1.651	1.182e-03	4.907e-02	0	0
A-Propr.HAPLN4	Positive Regulation of Immune System Process (GO:0002684)	5	353	10	3592	5.088	1.480e-03	5.758e-02	0	0
A-Propr.HAPLN4	Tricarboxylic Acid Cycle (GO:0006099)	5	353	10	3592	5.088	1.480e-03	5.758e-02	0	0
A-Propr.HAPLN4	Negative Regulation of Apoptotic Signaling Pathway (GO:2001234)	10	353	36	3592	2.827	1.817e-03	6.855e-02	0	0
A-Propr.HAPLN4	Negative Regulation of Amide Metabolic Process (GO:0034249)	6	353	15	3592	4.070	2.001e-03	6.921e-02	0	0
A-Propr.HAPLN4	Positive Regulation of Transferase Activity (GO:0051347)	6	353	15	3592	4.070	2.001e-03	6.921e-02	0	0
A-Propr.HAPLN4	Potassium Ion Import Across Plasma Membrane (GO:1990573)	6	353	15	3592	4.070	2.001e-03	6.921e-02	0	0
A-Propr.HAPLN4	Positive Regulation of Cellular Component Biogenesis (GO:0044089)	10	353	37	3592	2.750	2.277e-03	7.306e-02	0	0
A-Propr.HAPLN4	Potassium Ion Transmembrane Transport (GO:0071805)	10	353	37	3592	2.750	2.277e-03	7.306e-02	0	0
A-Propr.HAPLN4	Positive Regulation of Mitophagy (GO:1901526)	5	353	11	3592	4.625	2.497e-03	7.306e-02	0	0
A-Propr.HAPLN4	Cellular Response to Superoxide (GO:0071451)	4	353	7	3592	5.815	2.523e-03	7.306e-02	0	0
A-Propr.HAPLN4	Clathrin Coat Assembly (GO:0048268)	4	353	7	3592	5.815	2.523e-03	7.306e-02	0	0
A-Propr.HAPLN4	Intracellular Potassium Ion Homeostasis (GO:0030007)	4	353	7	3592	5.815	2.523e-03	7.306e-02	0	0
A-Propr.HAPLN4	Removal of Superoxide Radicals (GO:0019430)	4	353	7	3592	5.815	2.523e-03	7.306e-02	0	0
A-Propr.HAPLN4	Regulation of Protein-Containing Complex Assembly (GO:0043254)	13	353	57	3592	2.321	2.829e-03	7.959e-02	0	0
A-Propr.HAPLN4	Regulation of Mitophagy (GO:1901524)	6	353	16	3592	3.816	2.941e-03	7.959e-02	0	0
A-Propr.HAPLN4	Regulation of T Cell Activation (GO:0050863)	6	353	16	3592	3.816	2.941e-03	7.959e-02	0	0
A-Propr.HAPLN4	Negative Regulation of Neuron Apoptotic Process (GO:0043524)	10	353	39	3592	2.609	3.477e-03	8.402e-02	0	0
A-Propr.HAPLN4	ATP Synthesis Coupled Electron Transport (GO:0042773)	3	353	4	3592	7.632	3.492e-03	8.402e-02	0	0
A-Propr.HAPLN4	MHC Class II Protein Complex Assembly (GO:0002399)	3	353	4	3592	7.632	3.492e-03	8.402e-02	0	0
A-Propr.HAPLN4	Peptide Antigen Assembly With MHC Class II Protein Complex (GO:0002503)	3	353	4	3592	7.632	3.492e-03	8.402e-02	0	0
A-Propr.HAPLN4	Respiratory Electron Transport Chain (GO:0022904)	3	353	4	3592	7.632	3.492e-03	8.402e-02	0	0
A-Propr.HAPLN4	Negative Regulation of Intrinsic Apoptotic Signaling Pathway (GO:2001243)	9	353	33	3592	2.775	3.509e-03	8.402e-02	0	0
A-Propr.HAPLN4	Negative Regulation of Amyloid-Beta Formation (GO:1902430)	5	353	12	3592	4.240	3.939e-03	9.081e-02	0	0
A-Propr.HAPLN4	Potassium Ion Homeostasis (GO:0055075)	5	353	12	3592	4.240	3.939e-03	9.081e-02	0	0
A-Propr.HAPLN4	Receptor-Mediated Endocytosis (GO:0006898)	14	353	66	3592	2.158	4.028e-03	9.117e-02	0	0
A-Propr.HAPLN4	Antimicrobial Humoral Immune Response Mediated by Antimicrobial Peptide (GO:0061844)	4	353	8	3592	5.088	4.658e-03	9.506e-02	0	0
A-Propr.HAPLN4	Cell Communication by Electrical Coupling Involved in Cardiac Conduction (GO:0086064)	4	353	8	3592	5.088	4.658e-03	9.506e-02	0	0
A-Propr.HAPLN4	Intracellular Sodium Ion Homeostasis (GO:0006883)	4	353	8	3592	5.088	4.658e-03	9.506e-02	0	0
A-Propr.HAPLN4	Membrane Repolarization (GO:0086009)	4	353	8	3592	5.088	4.658e-03	9.506e-02	0	0
A-Propr.HAPLN4	Protein Localization to Endoplasmic Reticulum (GO:0070972)	4	353	8	3592	5.088	4.658e-03	9.506e-02	0	0
A-Propr.HAPLN4	Sodium Ion Homeostasis (GO:0055078)	4	353	8	3592	5.088	4.658e-03	9.506e-02	0	0
A-Propr.HAPLN4	Cellular Response to Chemical Stress (GO:0062197)	12	353	54	3592	2.261	5.097e-03	1.024e-01	0	0
A-Propr.HAPLN4	Positive Regulation of Protein Metabolic Process (GO:0051247)	17	353	90	3592	1.922	5.705e-03	1.048e-01	0	0
A-Propr.HAPLN4	Nicotinamide Nucleotide Metabolic Process (GO:0046496)	6	353	18	3592	3.392	5.753e-03	1.048e-01	0	0
A-Propr.HAPLN4	ADP Catabolic Process (GO:0046032)	5	353	13	3592	3.914	5.892e-03	1.048e-01	0	0
A-Propr.HAPLN4	Glycolytic Process (GO:0006096)	5	353	13	3592	3.914	5.892e-03	1.048e-01	0	0
A-Propr.HAPLN4	Monoatomic Anion Transport (GO:0006820)	5	353	13	3592	3.914	5.892e-03	1.048e-01	0	0
A-Propr.HAPLN4	Negative Regulation of Amyloid Precursor Protein Catabolic Process (GO:1902992)	5	353	13	3592	3.914	5.892e-03	1.048e-01	0	0
A-Propr.HAPLN4	Purine Ribonucleoside Triphosphate Metabolic Process (GO:0009205)	5	353	13	3592	3.914	5.892e-03	1.048e-01	0	0
A-Propr.HAPLN4	SCF-dependent Proteasomal Ubiquitin-Dependent Protein Catabolic Process (GO:0031146)	5	353	13	3592	3.914	5.892e-03	1.048e-01	0	0
A-Propr.HAPLN4	Regulation of Amyloid-Beta Formation (GO:1902003)	6	353	19	3592	3.213	7.726e-03	1.297e-01	0	0
A-Propr.HAPLN4	Mitochondrial Electron Transport. Cytochrome C to Oxygen (GO:0006123)	4	353	9	3592	4.523	7.740e-03	1.297e-01	0	0
A-Propr.HAPLN4	Neutrophil Chemotaxis (GO:0030593)	4	353	9	3592	4.523	7.740e-03	1.297e-01	0	0
A-Propr.HAPLN4	Positive Regulation of Macrophage Cytokine Production (GO:0060907)	3	353	5	3592	6.105	8.094e-03	1.297e-01	0	0
A-Propr.HAPLN4	Regulation of Macrophage Cytokine Production (GO:0010935)	3	353	5	3592	6.105	8.094e-03	1.297e-01	0	0
A-Propr.HAPLN4	Synapse Pruning (GO:0098883)	3	353	5	3592	6.105	8.094e-03	1.297e-01	0	0
A-Propr.HAPLN4	T Cell Activation Involved in Immune Response (GO:0002286)	3	353	5	3592	6.105	8.094e-03	1.297e-01	0	0
A-Propr.HAPLN4	Carbohydrate Catabolic Process (GO:0016052)	5	353	14	3592	3.634	8.439e-03	1.297e-01	0	0
A-Propr.HAPLN4	Pyridine Nucleotide Catabolic Process (GO:0019364)	5	353	14	3592	3.634	8.439e-03	1.297e-01	0	0
A-Propr.HAPLN4	Regulation of Autophagy of Mitochondrion (GO:1903146)	5	353	14	3592	3.634	8.439e-03	1.297e-01	0	0
A-Propr.HAPLN4	Translational Elongation (GO:0006414)	5	353	14	3592	3.634	8.439e-03	1.297e-01	0	0
A-Propr.HAPLN4	Negative Regulation of Protein-Containing Complex Assembly (GO:0031333)	7	353	26	3592	2.740	1.054e-02	1.574e-01	0	0
A-Propr.HAPLN4	Mitochondrion Organization (GO:0007005)	11	353	52	3592	2.153	1.056e-02	1.574e-01	0	0
A-Propr.HAPLN4	Regulation of Neuron Apoptotic Process (GO:0043523)	12	353	59	3592	2.070	1.062e-02	1.574e-01	0	0
A-Propr.HAPLN4	Clathrin-Dependent Endocytosis (GO:0072583)	5	353	15	3592	3.392	1.166e-02	1.624e-01	0	0
A-Propr.HAPLN4	Establishment of Protein Localization to Mitochondrion (GO:0072655)	5	353	15	3592	3.392	1.166e-02	1.624e-01	0	0
A-Propr.HAPLN4	Regulation of Supramolecular Fiber Organization (GO:1902903)	5	353	15	3592	3.392	1.166e-02	1.624e-01	0	0
A-Propr.HAPLN4	+ Reg of Myeloid Leukocyte Cytokine Production Inv in Imm Resp (GO:0061081)	4	353	10	3592	4.070	1.191e-02	1.624e-01	0	0
A-Propr.HAPLN4	Antigen Processing and Presentation of Exogenous Peptide Antigen via MHC Class II (GO:0019886)	4	353	10	3592	4.070	1.191e-02	1.624e-01	0	0
A-Propr.HAPLN4	Chaperone-Mediated Protein Complex Assembly (GO:0051131)	4	353	10	3592	4.070	1.191e-02	1.624e-01	0	0
A-Propr.HAPLN4	Superoxide Metabolic Process (GO:0006801)	4	353	10	3592	4.070	1.191e-02	1.624e-01	0	0
A-Propr.HAPLN4	Positive Regulation of MAPK Cascade (GO:0043410)	21	353	128	3592	1.669	1.200e-02	1.624e-01	0	0
A-Propr.HAPLN4	Protein-Containing Complex Assembly (GO:0065003)	19	353	113	3592	1.711	1.281e-02	1.712e-01	0	0
A-Propr.HAPLN4	Regulation of Proteasomal Protein Catabolic Process (GO:0061136)	7	353	27	3592	2.638	1.307e-02	1.712e-01	0	0
A-Propr.HAPLN4	Sodium Ion Transmembrane Transport (GO:0035725)	7	353	27	3592	2.638	1.307e-02	1.712e-01	0	0
A-Propr.HAPLN4	Positive Regulation of Supramolecular Fiber Organization (GO:1902905)	8	353	34	3592	2.394	1.484e-02	1.798e-01	0	0
A-Propr.HAPLN4	Receptor Internalization (GO:0031623)	8	353	34	3592	2.394	1.484e-02	1.798e-01	0	0
A-Propr.HAPLN4	GTP Metabolic Process (GO:0046039)	3	353	6	3592	5.088	1.502e-02	1.798e-01	0	0
A-Propr.HAPLN4	Host-Mediated Suppression of Symbiont Invasion (GO:0046597)	3	353	6	3592	5.088	1.502e-02	1.798e-01	0	0
A-Propr.HAPLN4	Hydrogen Peroxide Catabolic Process (GO:0042744)	3	353	6	3592	5.088	1.502e-02	1.798e-01	0	0
A-Propr.HAPLN4	Membrane Repolarization During Action Potential (GO:0086011)	3	353	6	3592	5.088	1.502e-02	1.798e-01	0	0
A-Propr.HAPLN4	Mitochondrial Calcium Ion Transmembrane Transport (GO:0006851)	3	353	6	3592	5.088	1.502e-02	1.798e-01	0	0
A-Propr.HAPLN4	Negative Regulation of Autophagosome Assembly (GO:1902902)	3	353	6	3592	5.088	1.502e-02	1.798e-01	0	0
A-Propr.HAPLN4	Neuron Remodeling (GO:0016322)	3	353	6	3592	5.088	1.502e-02	1.798e-01	0	0
A-Propr.HAPLN4	Positive Regulation of Lymphocyte Activation (GO:0051251)	5	353	16	3592	3.180	1.562e-02	1.852e-01	0	0
A-Propr.HAPLN4	Neutrophil Migration (GO:1990266)	4	353	11	3592	3.700	1.730e-02	1.994e-01	0	0
A-Propr.HAPLN4	Protein Neddylation (GO:0045116)	4	353	11	3592	3.700	1.730e-02	1.994e-01	0	0
A-Propr.HAPLN4	Protein Targeting to Lysosome (GO:0006622)	4	353	11	3592	3.700	1.730e-02	1.994e-01	0	0
A-Propr.HAPLN4	Gene Expression (GO:0010467)	22	353	141	3592	1.588	1.799e-02	2.038e-01	0	0
A-Propr.HAPLN4	Negative Regulation of Epithelial Cell Proliferation (GO:0050680)	7	353	29	3592	2.456	1.936e-02	2.038e-01	0	0
A-Propr.HAPLN4	Regulation of Immune Response (GO:0050776)	6	353	23	3592	2.655	2.053e-02	2.038e-01	0	0
A-Propr.HAPLN4	Positive Regulation of ERK1 and ERK2 Cascade (GO:0070374)	11	353	57	3592	1.964	2.069e-02	2.038e-01	0	0
A-Propr.HAPLN4	Positive Regulation of Protein Modification by Small Protein Conjugation or Removal (GO:1903322)	8	353	36	3592	2.261	2.081e-02	2.038e-01	0	0
A-Propr.HAPLN4	Positive Regulation of Translation (GO:0045727)	8	353	36	3592	2.261	2.081e-02	2.038e-01	0	0
A-Propr.HAPLN4	Positive Regulation of Cytokine Production (GO:0001819)	17	353	103	3592	1.679	2.142e-02	2.038e-01	0	0
A-Propr.HAPLN4	Antigen Processing and Presentation of Peptide Antigen via MHC Class II (GO:0002495)	4	353	12	3592	3.392	2.397e-02	2.038e-01	0	0
A-Propr.HAPLN4	Antimicrobial Humoral Response (GO:0019730)	4	353	12	3592	3.392	2.397e-02	2.038e-01	0	0
A-Propr.HAPLN4	Positive Regulation of Protein Ubiquitination (GO:0031398)	8	353	37	3592	2.200	2.436e-02	2.038e-01	0	0
A-Propr.HAPLN4	Cellular Response to Dopamine (GO:1903351)	3	353	7	3592	4.361	2.439e-02	2.038e-01	0	0
A-Propr.HAPLN4	Magnesium Ion Homeostasis (GO:0010960)	3	353	7	3592	4.361	2.439e-02	2.038e-01	0	0
A-Propr.HAPLN4	Mitochondrial Genome Maintenance (GO:0000002)	3	353	7	3592	4.361	2.439e-02	2.038e-01	0	0
A-Propr.HAPLN4	Modification-Dependent Macromolecule Catabolic Process (GO:0043632)	3	353	7	3592	4.361	2.439e-02	2.038e-01	0	0
A-Propr.HAPLN4	Positive Regulation of CD4-positive. Alpha-Beta T Cell Activation (GO:2000516)	3	353	7	3592	4.361	2.439e-02	2.038e-01	0	0
A-Propr.HAPLN4	Positive Regulation of Collagen Biosynthetic Process (GO:0032967)	3	353	7	3592	4.361	2.439e-02	2.038e-01	0	0
A-Propr.HAPLN4	Positive Regulation of Collagen Metabolic Process (GO:0010714)	3	353	7	3592	4.361	2.439e-02	2.038e-01	0	0
A-Propr.HAPLN4	Positive Regulation of Heart Contraction (GO:0045823)	3	353	7	3592	4.361	2.439e-02	2.038e-01	0	0
A-Propr.HAPLN4	Regulation of Amyloid Fibril Formation (GO:1905906)	3	353	7	3592	4.361	2.439e-02	2.038e-01	0	0
A-Propr.HAPLN4	Regulation of Oxidative Stress-Induced Neuron Intrinsic Apoptotic Signaling Pathway (GO:1903376)	3	353	7	3592	4.361	2.439e-02	2.038e-01	0	0
A-Propr.HAPLN4	Regulation of Proteolysis Involved in Protein Catabolic Process (GO:1903050)	3	353	7	3592	4.361	2.439e-02	2.038e-01	0	0
A-Propr.HAPLN4	'De Novo' Post-Translational Protein Folding (GO:0051084)	6	353	24	3592	2.544	2.518e-02	2.038e-01	0	0
A-Propr.HAPLN4	Positive Regulation of Immune Response (GO:0050778)	6	353	24	3592	2.544	2.518e-02	2.038e-01	0	0
A-Propr.HAPLN4	Substantia Nigra Development (GO:0021762)	6	353	24	3592	2.544	2.518e-02	2.038e-01	0	0
A-Propr.HAPLN4	Positive Regulation of Axonogenesis (GO:0050772)	5	353	18	3592	2.827	2.602e-02	2.038e-01	0	0
A-Propr.HAPLN4	Positive Regulation of Proteolysis (GO:0045862)	5	353	18	3592	2.827	2.602e-02	2.038e-01	0	0
A-Propr.HAPLN4	+ Reg of CD4-+. CD25-+. Alpha-Beta Regulatory T Cell Differentiation (GO:0032831)	2	353	3	3592	6.784	2.702e-02	2.038e-01	0	0
A-Propr.HAPLN4	ADP Transport (GO:0015866)	2	353	3	3592	6.784	2.702e-02	2.038e-01	0	0
A-Propr.HAPLN4	Amylin Receptor Signaling Pathway (GO:0097647)	2	353	3	3592	6.784	2.702e-02	2.038e-01	0	0
A-Propr.HAPLN4	Endoplasmic Reticulum Tubular Network Formation (GO:0071787)	2	353	3	3592	6.784	2.702e-02	2.038e-01	0	0
A-Propr.HAPLN4	Extracellular Exosome Biogenesis (GO:0097734)	2	353	3	3592	6.784	2.702e-02	2.038e-01	0	0
A-Propr.HAPLN4	Glomerular Filtration (GO:0003094)	2	353	3	3592	6.784	2.702e-02	2.038e-01	0	0
A-Propr.HAPLN4	Immunoglobulin Mediated Immune Response (GO:0016064)	2	353	3	3592	6.784	2.702e-02	2.038e-01	0	0
A-Propr.HAPLN4	Lactate Metabolic Process (GO:0006089)	2	353	3	3592	6.784	2.702e-02	2.038e-01	0	0
A-Propr.HAPLN4	Macrophage Chemotaxis (GO:0048246)	2	353	3	3592	6.784	2.702e-02	2.038e-01	0	0
A-Propr.HAPLN4	Macrophage Migration (GO:1905517)	2	353	3	3592	6.784	2.702e-02	2.038e-01	0	0
A-Propr.HAPLN4	Malate Metabolic Process (GO:0006108)	2	353	3	3592	6.784	2.702e-02	2.038e-01	0	0
A-Propr.HAPLN4	Malate-Aspartate Shuttle (GO:0043490)	2	353	3	3592	6.784	2.702e-02	2.038e-01	0	0
A-Propr.HAPLN4	Mitochondrial DNA Metabolic Process (GO:0032042)	2	353	3	3592	6.784	2.702e-02	2.038e-01	0	0
A-Propr.HAPLN4	Negative Regulation of Chemokine-Mediated Signaling Pathway (GO:0070100)	2	353	3	3592	6.784	2.702e-02	2.038e-01	0	0
A-Propr.HAPLN4	Negative Regulation of Mitophagy (GO:1901525)	2	353	3	3592	6.784	2.702e-02	2.038e-01	0	0
A-Propr.HAPLN4	Negative Regulation of Nucleobase-Containing Compound Metabolic Process (GO:0045934)	2	353	3	3592	6.784	2.702e-02	2.038e-01	0	0
A-Propr.HAPLN4	Negative Regulation of Striated Muscle Cell Apoptotic Process (GO:0010664)	2	353	3	3592	6.784	2.702e-02	2.038e-01	0	0
A-Propr.HAPLN4	Negative Regulation of Systemic Arterial Blood Pressure (GO:0003085)	2	353	3	3592	6.784	2.702e-02	2.038e-01	0	0
A-Propr.HAPLN4	Negative Regulation of Triglyceride Metabolic Process (GO:0090209)	2	353	3	3592	6.784	2.702e-02	2.038e-01	0	0
A-Propr.HAPLN4	Neuronal Action Potential (GO:0019228)	2	353	3	3592	6.784	2.702e-02	2.038e-01	0	0
A-Propr.HAPLN4	Positive Regulation of CD4-positive. Alpha-Beta T Cell Differentiation (GO:0043372)	2	353	3	3592	6.784	2.702e-02	2.038e-01	0	0
A-Propr.HAPLN4	Positive Regulation of Monocyte Differentiation (GO:0045657)	2	353	3	3592	6.784	2.702e-02	2.038e-01	0	0
A-Propr.HAPLN4	Positive Regulation of Protein K63-linked Ubiquitination (GO:1902523)	2	353	3	3592	6.784	2.702e-02	2.038e-01	0	0
A-Propr.HAPLN4	Positive Regulation of Sodium Ion Transmembrane Transport (GO:1902307)	2	353	3	3592	6.784	2.702e-02	2.038e-01	0	0
A-Propr.HAPLN4	Positive Regulation of T Cell Mediated Immune Response to Tumor Cell (GO:0002842)	2	353	3	3592	6.784	2.702e-02	2.038e-01	0	0
A-Propr.HAPLN4	Regulation of Hepatocyte Proliferation (GO:2000345)	2	353	3	3592	6.784	2.702e-02	2.038e-01	0	0
A-Propr.HAPLN4	Regulation of Mammary Gland Epithelial Cell Proliferation (GO:0033599)	2	353	3	3592	6.784	2.702e-02	2.038e-01	0	0
A-Propr.HAPLN4	Regulation of Osteoclast Development (GO:2001204)	2	353	3	3592	6.784	2.702e-02	2.038e-01	0	0
A-Propr.HAPLN4	Regulation of Transforming Growth Factor Beta1 Production (GO:0032908)	2	353	3	3592	6.784	2.702e-02	2.038e-01	0	0
A-Propr.HAPLN4	Sphingomyelin Metabolic Process (GO:0006684)	2	353	3	3592	6.784	2.702e-02	2.038e-01	0	0
A-Propr.HAPLN4	TORC2 Signaling (GO:0038203)	2	353	3	3592	6.784	2.702e-02	2.038e-01	0	0
A-Propr.HAPLN4	Metal Ion Transport (GO:0030001)	10	353	52	3592	1.957	2.739e-02	2.051e-01	0	0
A-Propr.HAPLN4	Potassium Ion Transport (GO:0006813)	7	353	31	3592	2.298	2.751e-02	2.051e-01	0	0
A-Propr.HAPLN4	Positive Regulation of Neurogenesis (GO:0050769)	6	353	25	3592	2.442	3.048e-02	2.225e-01	0	0
A-Propr.HAPLN4	Response to Type II Interferon (GO:0034341)	6	353	25	3592	2.442	3.048e-02	2.225e-01	0	0
A-Propr.HAPLN4	Cytoplasmic Translation (GO:0002181)	12	353	68	3592	1.796	3.092e-02	2.225e-01	0	0
A-Propr.HAPLN4	Antigen Processing and Presentation of Exogenous Peptide Antigen (GO:0002478)	4	353	13	3592	3.131	3.201e-02	2.225e-01	0	0
A-Propr.HAPLN4	Heart Contraction (GO:0060047)	4	353	13	3592	3.131	3.201e-02	2.225e-01	0	0
A-Propr.HAPLN4	Microglial Cell Activation (GO:0001774)	4	353	13	3592	3.131	3.201e-02	2.225e-01	0	0
A-Propr.HAPLN4	Mitochondrial Membrane Organization (GO:0007006)	4	353	13	3592	3.131	3.201e-02	2.225e-01	0	0
A-Propr.HAPLN4	Negative Regulation of Macroautophagy (GO:0016242)	4	353	13	3592	3.131	3.201e-02	2.225e-01	0	0
A-Propr.HAPLN4	Positive Regulation of Rho Protein Signal Transduction (GO:0035025)	4	353	13	3592	3.131	3.201e-02	2.225e-01	0	0
A-Propr.HAPLN4	Regulation of Oxidative Stress-Induced Intrinsic Apoptotic Signaling Pathway (GO:1902175)	4	353	13	3592	3.131	3.201e-02	2.225e-01	0	0
A-Propr.HAPLN4	Regulation of Release of Cytochrome C From Mitochondria (GO:0090199)	4	353	13	3592	3.131	3.201e-02	2.225e-01	0	0
A-Propr.HAPLN4	Inorganic Cation Import Across Plasma Membrane (GO:0098659)	7	353	32	3592	2.226	3.235e-02	2.225e-01	0	0
A-Propr.HAPLN4	Monoatomic Cation Homeostasis (GO:0055080)	7	353	32	3592	2.226	3.235e-02	2.225e-01	0	0
A-Propr.HAPLN4	Response to Reactive Oxygen Species (GO:0000302)	7	353	32	3592	2.226	3.235e-02	2.225e-01	0	0
A-Propr.HAPLN4	Regulation of Protein Ubiquitination (GO:0031396)	10	353	54	3592	1.884	3.477e-02	2.313e-01	0	0
A-Propr.HAPLN4	Regulation of ERK1 and ERK2 Cascade (GO:0070372)	15	353	93	3592	1.641	3.568e-02	2.313e-01	0	0
A-Propr.HAPLN4	Acidic Amino Acid Transport (GO:0015800)	3	353	8	3592	3.816	3.622e-02	2.313e-01	0	0
A-Propr.HAPLN4	Activation of Protein Kinase B Activity (GO:0032148)	3	353	8	3592	3.816	3.622e-02	2.313e-01	0	0
A-Propr.HAPLN4	Adenine Nucleotide Transport (GO:0051503)	3	353	8	3592	3.816	3.622e-02	2.313e-01	0	0
A-Propr.HAPLN4	Dicarboxylic Acid Transport (GO:0006835)	3	353	8	3592	3.816	3.622e-02	2.313e-01	0	0
A-Propr.HAPLN4	Maintenance of Protein Localization in Organelle (GO:0072595)	3	353	8	3592	3.816	3.622e-02	2.313e-01	0	0
A-Propr.HAPLN4	Neuron Maturation (GO:0042551)	3	353	8	3592	3.816	3.622e-02	2.313e-01	0	0
A-Propr.HAPLN4	Outflow Tract Septum Morphogenesis (GO:0003148)	3	353	8	3592	3.816	3.622e-02	2.313e-01	0	0
A-Propr.HAPLN4	Peptide Antigen Assembly With MHC Protein Complex (GO:0002501)	3	353	8	3592	3.816	3.622e-02	2.313e-01	0	0
A-Propr.HAPLN4	Positive Regulation of Autophagy of Mitochondrion (GO:1903599)	3	353	8	3592	3.816	3.622e-02	2.313e-01	0	0
A-Propr.HAPLN4	Positive Regulation of Potassium Ion Transmembrane Transport (GO:1901381)	3	353	8	3592	3.816	3.622e-02	2.313e-01	0	0
A-Propr.HAPLN4	Regulation of Collagen Biosynthetic Process (GO:0032965)	3	353	8	3592	3.816	3.622e-02	2.313e-01	0	0
A-Propr.HAPLN4	Regulation of Intrinsic Apoptotic Signaling Pathway in Response to DNA Damage (GO:1902229)	3	353	8	3592	3.816	3.622e-02	2.313e-01	0	0
A-Propr.HAPLN4	Negative Regulation of Response to Stimulus (GO:0048585)	6	353	26	3592	2.348	3.646e-02	2.316e-01	0	0
A-Propr.PCDH8	Regulation of Natural Killer Cell Activation (GO:0032814)	4	377	4	3592	9.528	1.196e-04	1.587e-01	1	1
A-Propr.PCDH8	Fc-epsilon Receptor Signaling Pathway (GO:0038095)	7	377	15	3592	4.446	4.042e-04	1.935e-01	1	1
A-Propr.PCDH8	Ephrin Receptor Signaling Pathway (GO:0048013)	9	377	25	3592	3.430	6.201e-04	1.935e-01	1	1
A-Propr.PCDH8	Fc Receptor Signaling Pathway (GO:0038093)	7	377	16	3592	4.168	6.545e-04	1.935e-01	0	1
A-Propr.PCDH8	Protein Import Into Nucleus (GO:0006606)	10	377	31	3592	3.074	8.413e-04	1.935e-01	1	1
A-Propr.PCDH8	Cell Surface Receptor Protein Tyrosine Kinase Signaling Pathway (GO:0007169)	25	377	127	3592	1.876	1.213e-03	1.935e-01	1	1
A-Propr.PCDH8	Antigen Processing and Presentation of Endogenous Peptide Antigen (GO:0002483)	4	377	6	3592	6.352	1.509e-03	1.935e-01	0	1
A-Propr.PCDH8	Positive Regulation of Natural Killer Cell Activation (GO:0032816)	4	377	6	3592	6.352	1.509e-03	1.935e-01	0	1
A-Propr.PCDH8	Neuron Projection Guidance (GO:0097485)	15	377	63	3592	2.269	1.684e-03	1.935e-01	0	1
A-Propr.PCDH8	TOR Signaling (GO:0031929)	6	377	14	3592	4.083	1.852e-03	1.935e-01	0	1
A-Propr.PCDH8	Protein Phosphorylation (GO:0006468)	29	377	161	3592	1.716	2.177e-03	1.935e-01	0	1
A-Propr.PCDH8	Cellular Response to Calcium Ion (GO:0071277)	7	377	19	3592	3.510	2.180e-03	1.935e-01	0	1
A-Propr.PCDH8	Import Into Nucleus (GO:0051170)	9	377	30	3592	2.858	2.697e-03	1.935e-01	0	1
A-Propr.PCDH8	Cellular Response to Growth Hormone Stimulus (GO:0071378)	4	377	7	3592	5.444	3.230e-03	1.935e-01	0	1
A-Propr.PCDH8	Cellular Response to Lectin (GO:1990858)	5	377	11	3592	4.331	3.352e-03	1.935e-01	0	1
A-Propr.PCDH8	Stimulatory C-type Lectin Receptor Signaling Pathway (GO:0002223)	5	377	11	3592	4.331	3.352e-03	1.935e-01	0	1
A-Propr.PCDH8	Establishment of Protein Localization to Organelle (GO:0072594)	10	377	37	3592	2.575	3.716e-03	1.935e-01	0	1
A-Propr.PCDH8	Mononuclear Cell Differentiation (GO:1903131)	6	377	16	3592	3.573	4.115e-03	1.935e-01	0	1
A-Propr.PCDH8	Intracellular Sterol Transport (GO:0032366)	3	377	4	3592	7.146	4.233e-03	1.935e-01	0	1
A-Propr.PCDH8	MHC Class II Protein Complex Assembly (GO:0002399)	3	377	4	3592	7.146	4.233e-03	1.935e-01	0	1
A-Propr.PCDH8	Negative Regulation of Centrosome Duplication (GO:0010826)	3	377	4	3592	7.146	4.233e-03	1.935e-01	0	1
A-Propr.PCDH8	Negative Regulation of Cholesterol Storage (GO:0010887)	3	377	4	3592	7.146	4.233e-03	1.935e-01	0	1
A-Propr.PCDH8	Nucleotide-Binding Domain. Leucine Rich Repeat Containing Receptor Signaling Pathway (GO:0035872)	3	377	4	3592	7.146	4.233e-03	1.935e-01	0	1
A-Propr.PCDH8	Peptide Antigen Assembly With MHC Class II Protein Complex (GO:0002503)	3	377	4	3592	7.146	4.233e-03	1.935e-01	0	1
A-Propr.PCDH8	Positive Regulation of Striated Muscle Cell Differentiation (GO:0051155)	3	377	4	3592	7.146	4.233e-03	1.935e-01	0	1
A-Propr.PCDH8	Ribosomal Small Subunit Export From Nucleus (GO:0000056)	3	377	4	3592	7.146	4.233e-03	1.935e-01	0	1
A-Propr.PCDH8	cAMP Biosynthetic Process (GO:0006171)	3	377	4	3592	7.146	4.233e-03	1.935e-01	0	1
A-Propr.PCDH8	cAMP Metabolic Process (GO:0046058)	3	377	4	3592	7.146	4.233e-03	1.935e-01	0	1
A-Propr.PCDH8	protein-DNA Complex Organization (GO:0071824)	3	377	4	3592	7.146	4.233e-03	1.935e-01	0	1
A-Propr.PCDH8	Regulation of Cell-Matrix Adhesion (GO:0001952)	9	377	32	3592	2.680	4.374e-03	1.935e-01	0	1
A-Propr.PCDH8	Phosphorylation (GO:0016310)	23	377	125	3592	1.753	4.662e-03	1.948e-01	0	1
A-Propr.PCDH8	Negative Regulation of Cytokine Production (GO:0001818)	14	377	63	3592	2.117	4.697e-03	1.948e-01	0	1
A-Propr.PCDH8	Innate Immune Response Activating Cell Surface Receptor Signaling Pathway (GO:0002220)	5	377	12	3592	3.970	5.258e-03	2.114e-01	0	1
A-Propr.PCDH8	Positive Regulation of Fatty Acid Metabolic Process (GO:0045923)	4	377	8	3592	4.764	5.928e-03	2.248e-01	0	1
A-Propr.PCDH8	TORC1 Signaling (GO:0038202)	4	377	8	3592	4.764	5.928e-03	2.248e-01	0	1
A-Propr.PCDH8	Antigen Processing and Presentation of Exogenous Peptide Antigen (GO:0002478)	5	377	13	3592	3.665	7.819e-03	2.453e-01	0	1
A-Propr.PCDH8	Nuclear Transport (GO:0051169)	5	377	13	3592	3.665	7.819e-03	2.453e-01	0	1
A-Propr.PCDH8	Negative Regulation of Type I Interferon Production (GO:0032480)	6	377	18	3592	3.176	7.954e-03	2.453e-01	0	1
A-Propr.PCDH8	Nucleocytoplasmic Transport (GO:0006913)	6	377	18	3592	3.176	7.954e-03	2.453e-01	0	1
A-Propr.PCDH8	Positive Regulation of Lymphocyte Proliferation (GO:0050671)	7	377	24	3592	2.779	9.427e-03	2.453e-01	0	1
A-Propr.PCDH8	Aggrephagy (GO:0035973)	3	377	5	3592	5.717	9.760e-03	2.453e-01	0	1
A-Propr.PCDH8	Cyclic Nucleotide Biosynthetic Process (GO:0009190)	3	377	5	3592	5.717	9.760e-03	2.453e-01	0	1
A-Propr.PCDH8	Glomerular Epithelial Cell Development (GO:0072310)	3	377	5	3592	5.717	9.760e-03	2.453e-01	0	1
A-Propr.PCDH8	Negative Regulation of Epithelial Cell Apoptotic Process (GO:1904036)	3	377	5	3592	5.717	9.760e-03	2.453e-01	0	1
A-Propr.PCDH8	Neutrophil Activation Involved in Immune Response (GO:0002283)	3	377	5	3592	5.717	9.760e-03	2.453e-01	0	1
A-Propr.PCDH8	Peroxisome Proliferator Activated Receptor Signaling Pathway (GO:0035357)	3	377	5	3592	5.717	9.760e-03	2.453e-01	0	1
A-Propr.PCDH8	Positive Regulation of Alpha-Beta T Cell Activation (GO:0046635)	3	377	5	3592	5.717	9.760e-03	2.453e-01	0	1
A-Propr.PCDH8	Regulation of Receptor Signaling Pathway via STAT (GO:1904892)	3	377	5	3592	5.717	9.760e-03	2.453e-01	0	1
A-Propr.PCDH8	Ribosomal Large Subunit Export From Nucleus (GO:0000055)	3	377	5	3592	5.717	9.760e-03	2.453e-01	0	1
A-Propr.PCDH8	T Cell Activation Involved in Immune Response (GO:0002286)	3	377	5	3592	5.717	9.760e-03	2.453e-01	0	1
A-Propr.PCDH8	White Fat Cell Differentiation (GO:0050872)	3	377	5	3592	5.717	9.760e-03	2.453e-01	0	1
A-Propr.PCDH8	Negative Regulation of Vascular Associated Smooth Muscle Cell Proliferation (GO:1904706)	4	377	9	3592	4.235	9.796e-03	2.453e-01	0	1
A-Propr.PCDH8	Regulation of Defense Response to Virus (GO:0050688)	4	377	9	3592	4.235	9.796e-03	2.453e-01	0	1
A-Propr.PCDH8	Regulation of Type I Interferon Production (GO:0032479)	8	377	30	3592	2.541	1.003e-02	2.464e-01	0	1
ATF3	Regulation of Apoptotic Process (GO:0042981)	51	357	273	3592	1.880	3.201e-06	4.196e-03	1	0
ATF3	Nucleosome Assembly (GO:0006334)	6	357	8	3592	7.546	2.181e-05	1.429e-02	1	0
ATF3	Positive Regulation of Response to Stimulus (GO:0048584)	10	357	24	3592	4.192	4.548e-05	1.829e-02	1	0
ATF3	protein-DNA Complex Assembly (GO:0065004)	6	357	9	3592	6.708	5.995e-05	1.829e-02	0	0
ATF3	Regulation of Oxidative Stress-Induced Intrinsic Apoptotic Signaling Pathway (GO:1902175)	7	357	13	3592	5.418	9.136e-05	1.829e-02	1	0
ATF3	Positive Regulation of Telomere Maintenance via Telomerase (GO:0032212)	8	357	17	3592	4.735	9.574e-05	1.829e-02	1	0
ATF3	Positive Regulation of Protein Localization to Nucleus (GO:1900182)	13	357	41	3592	3.190	9.836e-05	1.829e-02	0	0
ATF3	Protein Stabilization (GO:0050821)	24	357	109	3592	2.215	1.169e-04	1.829e-02	0	0
ATF3	Chaperone Mediated Protein Folding Independent of Cofactor (GO:0051086)	5	357	7	3592	7.187	1.674e-04	1.829e-02	0	0
ATF3	Positive Regulation of Protein Localization to Cajal Body (GO:1904871)	5	357	7	3592	7.187	1.674e-04	1.829e-02	0	0
ATF3	Positive Regulation of Telomerase RNA Localization to Cajal Body (GO:1904874)	5	357	7	3592	7.187	1.674e-04	1.829e-02	0	0
ATF3	Regulation of Protein Localization to Cajal Body (GO:1904869)	5	357	7	3592	7.187	1.674e-04	1.829e-02	0	0
ATF3	Response to Endoplasmic Reticulum Stress (GO:0034976)	22	357	100	3592	2.214	2.281e-04	2.300e-02	0	0
ATF3	Positive Regulation of Telomere Maintenance via Telomere Lengthening (GO:1904358)	8	357	19	3592	4.236	2.488e-04	2.330e-02	0	0
ATF3	Regulation of Cell Population Proliferation (GO:0042127)	42	357	248	3592	1.704	2.718e-04	2.376e-02	0	0
ATF3	Negative Regulation of Apoptotic Process (GO:0043066)	35	357	197	3592	1.788	3.574e-04	2.928e-02	0	0
ATF3	Peptide Antigen Assembly With MHC Protein Complex (GO:0002501)	5	357	8	3592	6.289	4.102e-04	2.987e-02	0	0
ATF3	Regulation of Telomerase RNA Localization to Cajal Body (GO:1904872)	5	357	8	3592	6.289	4.102e-04	2.987e-02	0	0
ATF3	Negative Regulation of Oxidative Stress-Induced Intrinsic Apoptotic Signaling Pathway (GO:1902176)	7	357	16	3592	4.402	4.671e-04	3.223e-02	0	0
ATF3	Positive Regulation of Multicellular Organismal Process (GO:0051240)	26	357	135	3592	1.938	5.961e-04	3.908e-02	0	0
ATF3	Protein Secretion (GO:0009306)	7	357	17	3592	4.143	7.271e-04	4.539e-02	0	0
ATF3	Positive Regulation of Intrinsic Apoptotic Signaling Pathway (GO:2001244)	8	357	22	3592	3.659	8.052e-04	4.627e-02	0	0
ATF3	Positive Regulation of Mononuclear Cell Migration (GO:0071677)	5	357	9	3592	5.590	8.479e-04	4.627e-02	0	0
ATF3	Regulation of Calcium Ion Import (GO:0090279)	5	357	9	3592	5.590	8.479e-04	4.627e-02	0	0
ATF3	DNA Metabolic Process (GO:0006259)	16	357	69	3592	2.333	8.917e-04	4.627e-02	0	0
ATF3	Negative Regulation of Intrinsic Apoptotic Signaling Pathway (GO:2001243)	10	357	33	3592	3.049	9.460e-04	4.627e-02	0	0
ATF3	Positive Regulation of Smooth Muscle Cell Apoptotic Process (GO:0034393)	3	357	3	3592	10.062	9.743e-04	4.627e-02	0	0
ATF3	Protein Transport (GO:0015031)	23	357	118	3592	1.961	1.035e-03	4.627e-02	0	0
ATF3	Positive Regulation of Cellular Component Organization (GO:0051130)	12	357	45	3592	2.683	1.066e-03	4.627e-02	0	0
ATF3	Negative Regulation of RNA Biosynthetic Process (GO:1902679)	28	357	155	3592	1.818	1.073e-03	4.627e-02	0	0
ATF3	Positive Regulation of DNA Biosynthetic Process (GO:2000573)	8	357	23	3592	3.500	1.129e-03	4.627e-02	0	0
ATF3	Regulation of Smooth Muscle Cell Proliferation (GO:0048660)	8	357	23	3592	3.500	1.129e-03	4.627e-02	0	0
ATF3	Regulation of Fatty Acid Metabolic Process (GO:0019217)	4	357	6	3592	6.708	1.224e-03	4.719e-02	0	0
ATF3	Regulation of Macrophage Migration (GO:1905521)	4	357	6	3592	6.708	1.224e-03	4.719e-02	0	0
ATF3	Regulation of Cell Differentiation (GO:0045595)	16	357	72	3592	2.236	1.452e-03	5.438e-02	0	0
ATF3	'De Novo' Post-Translational Protein Folding (GO:0051084)	8	357	24	3592	3.354	1.550e-03	5.451e-02	0	0
ATF3	Chaperone-Mediated Protein Complex Assembly (GO:0051131)	5	357	10	3592	5.031	1.558e-03	5.451e-02	0	0
ATF3	Telomere Maintenance (GO:0000723)	7	357	19	3592	3.707	1.580e-03	5.451e-02	0	0
ATF3	Glucose Homeostasis (GO:0042593)	10	357	36	3592	2.795	1.980e-03	6.655e-02	0	0
ATF3	Nucleosome Organization (GO:0034728)	6	357	15	3592	4.025	2.123e-03	6.957e-02	0	0
ATF3	Cellular Response to Heat (GO:0034605)	7	357	20	3592	3.522	2.227e-03	7.120e-02	0	0
ATF3	Regulation of Signal Transduction (GO:0009966)	16	357	76	3592	2.118	2.635e-03	8.226e-02	0	0
ATF3	Regulation of Telomere Maintenance via Telomerase (GO:0032210)	8	357	26	3592	3.096	2.756e-03	8.404e-02	0	0
ATF3	Cellular Response to Unfolded Protein (GO:0034620)	9	357	32	3592	2.830	3.014e-03	8.602e-02	0	0
ATF3	Telomere Organization (GO:0032200)	6	357	16	3592	3.773	3.116e-03	8.602e-02	0	0
ATF3	Positive Regulation of Cellular Process (GO:0048522)	32	357	198	3592	1.626	3.257e-03	8.602e-02	0	0
ATF3	Positive Regulation of Programmed Cell Death (GO:0043068)	19	357	99	3592	1.931	3.352e-03	8.602e-02	0	0
ATF3	Negative Regulation of DNA-templated Transcription (GO:0045892)	45	357	305	3592	1.485	3.369e-03	8.602e-02	0	0
ATF3	Cell Junction Disassembly (GO:0150146)	3	357	4	3592	7.546	3.609e-03	8.602e-02	0	0
ATF3	MHC Class II Protein Complex Assembly (GO:0002399)	3	357	4	3592	7.546	3.609e-03	8.602e-02	0	0
ATF3	Monocyte Differentiation (GO:0030224)	3	357	4	3592	7.546	3.609e-03	8.602e-02	0	0
ATF3	Peptide Antigen Assembly With MHC Class II Protein Complex (GO:0002503)	3	357	4	3592	7.546	3.609e-03	8.602e-02	0	0
ATF3	Positive Regulation of Telomere Maintenance in Response to DNA Damage (GO:1904507)	3	357	4	3592	7.546	3.609e-03	8.602e-02	0	0
ATF3	Regulation of DNA Strand Elongation (GO:0060382)	3	357	4	3592	7.546	3.609e-03	8.602e-02	0	0
ATF3	Regulation of Telomere Maintenance in Response to DNA Damage (GO:1904505)	3	357	4	3592	7.546	3.609e-03	8.602e-02	0	0
ATF3	Positive Regulation of Apoptotic Process (GO:0043065)	22	357	122	3592	1.814	3.715e-03	8.697e-02	0	0
ATF3	Positive Regulation of RNA Biosynthetic Process (GO:1902680)	30	357	185	3592	1.632	4.132e-03	9.503e-02	0	0
ATF3	Positive Regulation of DNA-templated Transcription (GO:0045893)	53	357	377	3592	1.414	4.266e-03	9.636e-02	0	0
ATF3	Positive Regulation of Protein-Containing Complex Assembly (GO:0031334)	11	357	46	3592	2.406	4.354e-03	9.636e-02	0	0
ATF3	Cellular Response to Glucose Starvation (GO:0042149)	6	357	17	3592	3.551	4.419e-03	9.636e-02	0	0
ATF3	Negative Regulation of Cellular Process (GO:0048523)	30	357	186	3592	1.623	4.483e-03	9.636e-02	0	0
ATF3	Antimicrobial Humoral Immune Response Mediated by Antimicrobial Peptide (GO:0061844)	4	357	8	3592	5.031	4.855e-03	9.945e-02	0	0
ATF3	Positive Regulation of Protein Processing (GO:0010954)	4	357	8	3592	5.031	4.855e-03	9.945e-02	0	0
ATF3	Protein Localization to Endoplasmic Reticulum (GO:0070972)	4	357	8	3592	5.031	4.855e-03	9.945e-02	0	0
ATF3	Positive Regulation of Cell Population Proliferation (GO:0008284)	26	357	156	3592	1.677	5.123e-03	1.033e-01	0	0
ATF3	Fat Cell Differentiation (GO:0045444)	7	357	23	3592	3.062	5.417e-03	1.076e-01	0	0
ATF3	Positive Regulation of Biosynthetic Process (GO:0009891)	10	357	41	3592	2.454	5.562e-03	1.088e-01	0	0
ATF3	Positive Regulation of Intracellular Protein Transport (GO:0090316)	9	357	35	3592	2.587	5.803e-03	1.119e-01	0	0
ATF3	Cellular Response to Topologically Incorrect Protein (GO:0035967)	6	357	18	3592	3.354	6.083e-03	1.139e-01	0	0
ATF3	Purine Ribonucleotide Metabolic Process (GO:0009150)	6	357	18	3592	3.354	6.083e-03	1.139e-01	0	0
ATF3	Substantia Nigra Development (GO:0021762)	7	357	24	3592	2.935	7.009e-03	1.245e-01	0	0
ATF3	Cellular Response to Chemokine (GO:1990869)	4	357	9	3592	4.472	8.060e-03	1.245e-01	0	0
ATF3	Maintenance of Blood-Brain Barrier (GO:0035633)	4	357	9	3592	4.472	8.060e-03	1.245e-01	0	0
ATF3	Positive Regulation of Neural Precursor Cell Proliferation (GO:2000179)	4	357	9	3592	4.472	8.060e-03	1.245e-01	0	0
ATF3	Regulation of Protein Export From Nucleus (GO:0046825)	4	357	9	3592	4.472	8.060e-03	1.245e-01	0	0
ATF3	Response to Misfolded Protein (GO:0051788)	4	357	9	3592	4.472	8.060e-03	1.245e-01	0	0
ATF3	Cellular Response to Prostaglandin Stimulus (GO:0071379)	3	357	5	3592	6.037	8.358e-03	1.245e-01	0	0
ATF3	Defense Response to Fungus (GO:0050832)	3	357	5	3592	6.037	8.358e-03	1.245e-01	0	0
ATF3	Myelin Maintenance (GO:0043217)	3	357	5	3592	6.037	8.358e-03	1.245e-01	0	0
ATF3	Myelination in Peripheral Nervous System (GO:0022011)	3	357	5	3592	6.037	8.358e-03	1.245e-01	0	0
ATF3	Myoblast Fusion (GO:0007520)	3	357	5	3592	6.037	8.358e-03	1.245e-01	0	0
ATF3	Regulation of Mononuclear Cell Migration (GO:0071675)	3	357	5	3592	6.037	8.358e-03	1.245e-01	0	0
ATF3	Regulation of Plasma Membrane Repair (GO:1905684)	3	357	5	3592	6.037	8.358e-03	1.245e-01	0	0
ATF3	Regulation of Transforming Growth Factor Beta Production (GO:0071634)	3	357	5	3592	6.037	8.358e-03	1.245e-01	0	0
ATF3	Regulation of Trophoblast Cell Migration (GO:1901163)	3	357	5	3592	6.037	8.358e-03	1.245e-01	0	0
ATF3	Synapse Pruning (GO:0098883)	3	357	5	3592	6.037	8.358e-03	1.245e-01	0	0
ATF3	White Fat Cell Differentiation (GO:0050872)	3	357	5	3592	6.037	8.358e-03	1.245e-01	0	0
ATF3	Adenylate Cyclase-Activating G Protein-Coupled Receptor Signaling Pathway (GO:0007189)	11	357	50	3592	2.214	8.487e-03	1.245e-01	0	0
ATF3	ERAD Pathway (GO:0036503)	11	357	50	3592	2.214	8.487e-03	1.245e-01	0	0
ATF3	Positive Regulation of Cellular Component Biogenesis (GO:0044089)	9	357	37	3592	2.447	8.555e-03	1.245e-01	0	0
ATF3	Positive Regulation of Fat Cell Differentiation (GO:0045600)	5	357	14	3592	3.593	8.852e-03	1.245e-01	0	0
ATF3	Cellular Response to Alcohol (GO:0097306)	7	357	25	3592	2.817	8.924e-03	1.245e-01	0	0
ATF3	Positive Regulation of Nucleocytoplasmic Transport (GO:0046824)	7	357	25	3592	2.817	8.924e-03	1.245e-01	0	0
ATF3	Response to Type II Interferon (GO:0034341)	7	357	25	3592	2.817	8.924e-03	1.245e-01	0	0
ATF3	Recombinational Repair (GO:0000725)	6	357	20	3592	3.018	1.071e-02	1.477e-01	0	0
ATF3	Positive Regulation of DNA Repair (GO:0045739)	8	357	32	3592	2.515	1.092e-02	1.492e-01	0	0
ATF3	Positive Regulation of Intracellular Signal Transduction (GO:1902533)	38	357	265	3592	1.443	1.110e-02	1.500e-01	0	0
ATF3	Negative Regulation of Neuron Apoptotic Process (GO:0043524)	9	357	39	3592	2.322	1.220e-02	1.618e-01	0	0
ATF3	Regulation of Embryonic Development (GO:0045995)	5	357	15	3592	3.354	1.222e-02	1.618e-01	0	0
ATF3	Negative Regulation of Gene Expression (GO:0010629)	22	357	135	3592	1.640	1.256e-02	1.646e-01	0	0
ATF3	Negative Regulation of Cell Population Proliferation (GO:0008285)	21	357	128	3592	1.651	1.354e-02	1.735e-01	0	0
ATF3	Cellular Response to Ketone (GO:1901655)	6	357	21	3592	2.875	1.376e-02	1.735e-01	0	0
ATF3	Positive Regulation of miRNA Transcription (GO:1902895)	6	357	21	3592	2.875	1.376e-02	1.735e-01	0	0
ATF3	Regulation of Protein Modification by Small Protein Conjugation or Removal (GO:1903320)	6	357	21	3592	2.875	1.376e-02	1.735e-01	0	0
ATF3	Protein-Containing Complex Assembly (GO:0065003)	19	357	113	3592	1.692	1.434e-02	1.791e-01	0	0
ATF3	Cytoplasmic Translation (GO:0002181)	13	357	68	3592	1.924	1.466e-02	1.797e-01	0	0
ATF3	Regulation of Protein Ubiquitination (GO:0031396)	11	357	54	3592	2.050	1.516e-02	1.797e-01	0	0
ATF3	- Reg of Oxidative Stress-Induced Neuron Intrinsic Apoptotic Sgnlng Pway (GO:1903377)	3	357	6	3592	5.031	1.549e-02	1.797e-01	0	0
ATF3	RNA-templated DNA Biosynthetic Process (GO:0006278)	3	357	6	3592	5.031	1.549e-02	1.797e-01	0	0
ATF3	T Cell Homeostasis (GO:0043029)	3	357	6	3592	5.031	1.549e-02	1.797e-01	0	0
ATF3	T Cell Migration (GO:0072678)	3	357	6	3592	5.031	1.549e-02	1.797e-01	0	0
ATF3	Telomere Maintenance via Telomerase (GO:0007004)	3	357	6	3592	5.031	1.549e-02	1.797e-01	0	0
ATF3	Telomere Maintenance via Telomere Lengthening (GO:0010833)	3	357	6	3592	5.031	1.549e-02	1.797e-01	0	0
ATF3	Negative Regulation of Programmed Cell Death (GO:0043069)	25	357	162	3592	1.553	1.577e-02	1.813e-01	0	0
ATF3	Regulation of RNA Biosynthetic Process (GO:2001141)	20	357	122	3592	1.649	1.590e-02	1.813e-01	0	0
ATF3	Positive Regulation of Lymphocyte Activation (GO:0051251)	5	357	16	3592	3.144	1.635e-02	1.817e-01	0	0
ATF3	Regulation of Lipid Metabolic Process (GO:0019216)	5	357	16	3592	3.144	1.635e-02	1.817e-01	0	0
ATF3	Regulation of T Cell Activation (GO:0050863)	5	357	16	3592	3.144	1.635e-02	1.817e-01	0	0
ATF3	Chloride Transmembrane Transport (GO:1902476)	6	357	22	3592	2.744	1.738e-02	1.870e-01	0	0
ATF3	Regulation of Nitric Oxide Biosynthetic Process (GO:0045428)	6	357	22	3592	2.744	1.738e-02	1.870e-01	0	0
ATF3	Positive Regulation of Transcription by RNA Polymerase II (GO:0045944)	38	357	273	3592	1.401	1.759e-02	1.870e-01	0	0
ATF3	Establishment of Protein Localization to Extracellular Region (GO:0035592)	4	357	11	3592	3.659	1.798e-02	1.870e-01	0	0
ATF3	Intermediate Filament Organization (GO:0045109)	4	357	11	3592	3.659	1.798e-02	1.870e-01	0	0
ATF3	Lipid Droplet Organization (GO:0034389)	4	357	11	3592	3.659	1.798e-02	1.870e-01	0	0
ATF3	Positive Regulation of ERAD Pathway (GO:1904294)	4	357	11	3592	3.659	1.798e-02	1.870e-01	0	0
ATF3	Regulation of ERAD Pathway (GO:1904292)	4	357	11	3592	3.659	1.798e-02	1.870e-01	0	0
ATF3	Negative Regulation of Cell Migration (GO:0030336)	12	357	63	3592	1.916	1.920e-02	1.978e-01	0	0
ATF3	Positive Regulation of Proteasomal Protein Catabolic Process (GO:1901800)	11	357	56	3592	1.976	1.971e-02	1.978e-01	0	0
ATF3	ATP Metabolic Process (GO:0046034)	7	357	29	3592	2.429	2.049e-02	1.978e-01	0	0
ATF3	Muscle Organ Development (GO:0007517)	5	357	17	3592	2.959	2.133e-02	1.978e-01	0	0
ATF3	Positive Regulation of Response to Endoplasmic Reticulum Stress (GO:1905898)	5	357	17	3592	2.959	2.133e-02	1.978e-01	0	0
ATF3	Regulation of Mitochondrial Membrane Potential (GO:0051881)	5	357	17	3592	2.959	2.133e-02	1.978e-01	0	0
ATF3	Positive Regulation of miRNA Metabolic Process (GO:2000630)	6	357	23	3592	2.625	2.161e-02	1.978e-01	0	0
ATF3	Regulation of Protein Import Into Nucleus (GO:0042306)	6	357	23	3592	2.625	2.161e-02	1.978e-01	0	0
ATF3	Regulation of T Cell Proliferation (GO:0042129)	6	357	23	3592	2.625	2.161e-02	1.978e-01	0	0
ATF3	Negative Regulation of Apoptotic Signaling Pathway (GO:2001234)	8	357	36	3592	2.236	2.214e-02	1.978e-01	0	0
ATF3	Regulation of Protein-Containing Complex Assembly (GO:0043254)	11	357	57	3592	1.942	2.232e-02	1.978e-01	0	0
ATF3	Positive Regulation of Developmental Process (GO:0051094)	15	357	87	3592	1.735	2.266e-02	1.978e-01	0	0
ATF3	Antimicrobial Humoral Response (GO:0019730)	4	357	12	3592	3.354	2.490e-02	1.978e-01	0	0
ATF3	Integrated Stress Response Signaling (GO:0140467)	4	357	12	3592	3.354	2.490e-02	1.978e-01	0	0
ATF3	Regulation of DNA Binding (GO:0051101)	4	357	12	3592	3.354	2.490e-02	1.978e-01	0	0
ATF3	Regulation of Nervous System Development (GO:0051960)	4	357	12	3592	3.354	2.490e-02	1.978e-01	0	0
ATF3	Cellular Response to Misfolded Protein (GO:0071218)	3	357	7	3592	4.312	2.514e-02	1.978e-01	0	0
ATF3	Cellular Response to Superoxide (GO:0071451)	3	357	7	3592	4.312	2.514e-02	1.978e-01	0	0
ATF3	Modification-Dependent Macromolecule Catabolic Process (GO:0043632)	3	357	7	3592	4.312	2.514e-02	1.978e-01	0	0
ATF3	Negative Regulation of Receptor Internalization (GO:0002091)	3	357	7	3592	4.312	2.514e-02	1.978e-01	0	0
ATF3	Pore Complex Assembly (GO:0046931)	3	357	7	3592	4.312	2.514e-02	1.978e-01	0	0
ATF3	Positive Regulation of Cell Development (GO:0010720)	3	357	7	3592	4.312	2.514e-02	1.978e-01	0	0
ATF3	Positive Regulation of Neutrophil Migration (GO:1902624)	3	357	7	3592	4.312	2.514e-02	1.978e-01	0	0
ATF3	Positive Regulation of Protein Export From Nucleus (GO:0046827)	3	357	7	3592	4.312	2.514e-02	1.978e-01	0	0
ATF3	Regulation of Neural Precursor Cell Proliferation (GO:2000177)	3	357	7	3592	4.312	2.514e-02	1.978e-01	0	0
ATF3	Removal of Superoxide Radicals (GO:0019430)	3	357	7	3592	4.312	2.514e-02	1.978e-01	0	0
ATF3	Response to Chemokine (GO:1990868)	3	357	7	3592	4.312	2.514e-02	1.978e-01	0	0
ATF3	Response to Ethanol (GO:0045471)	3	357	7	3592	4.312	2.514e-02	1.978e-01	0	0
ATF3	Endoplasmic Reticulum Unfolded Protein Response (GO:0030968)	6	357	24	3592	2.515	2.647e-02	1.978e-01	0	0
ATF3	Positive Regulation of Immune Response (GO:0050778)	6	357	24	3592	2.515	2.647e-02	1.978e-01	0	0
ATF3	Positive Regulation of Lymphocyte Proliferation (GO:0050671)	6	357	24	3592	2.515	2.647e-02	1.978e-01	0	0
ATF3	Regulation of Intrinsic Apoptotic Signaling Pathway (GO:2001242)	6	357	24	3592	2.515	2.647e-02	1.978e-01	0	0
ATF3	Nicotinamide Nucleotide Metabolic Process (GO:0046496)	5	357	18	3592	2.795	2.719e-02	1.978e-01	0	0
ATF3	Regulation of Vascular Associated Smooth Muscle Cell Proliferation (GO:1904705)	5	357	18	3592	2.795	2.719e-02	1.978e-01	0	0
ATF3	Amylin Receptor Signaling Pathway (GO:0097647)	2	357	3	3592	6.708	2.761e-02	1.978e-01	0	0
ATF3	C-terminal Protein Amino Acid Modification (GO:0018410)	2	357	3	3592	6.708	2.761e-02	1.978e-01	0	0
ATF3	Cellular Response to Monoamine Stimulus (GO:0071868)	2	357	3	3592	6.708	2.761e-02	1.978e-01	0	0
ATF3	D-glucose Transmembrane Transport (GO:1904659)	2	357	3	3592	6.708	2.761e-02	1.978e-01	0	0
ATF3	Endosome to Melanosome Transport (GO:0035646)	2	357	3	3592	6.708	2.761e-02	1.978e-01	0	0
ATF3	Endosome to Pigment Granule Transport (GO:0043485)	2	357	3	3592	6.708	2.761e-02	1.978e-01	0	0
ATF3	Humoral Immune Response Mediated by Circulating Immunoglobulin (GO:0002455)	2	357	3	3592	6.708	2.761e-02	1.978e-01	0	0
ATF3	Immunoglobulin Mediated Immune Response (GO:0016064)	2	357	3	3592	6.708	2.761e-02	1.978e-01	0	0
ATF3	Mesenchymal to Epithelial Transition (GO:0060231)	2	357	3	3592	6.708	2.761e-02	1.978e-01	0	0
ATF3	Negative Regulation of Myeloid Leukocyte Mediated Immunity (GO:0002887)	2	357	3	3592	6.708	2.761e-02	1.978e-01	0	0
ATF3	Positive Regulation of Glycoprotein Biosynthetic Process (GO:0010560)	2	357	3	3592	6.708	2.761e-02	1.978e-01	0	0
ATF3	Positive Regulation of Plasminogen Activation (GO:0010756)	2	357	3	3592	6.708	2.761e-02	1.978e-01	0	0
ATF3	Positive Regulation of Protein Exit From Endoplasmic Reticulum (GO:0070863)	2	357	3	3592	6.708	2.761e-02	1.978e-01	0	0
ATF3	Regulation of Carbohydrate Catabolic Process (GO:0043470)	2	357	3	3592	6.708	2.761e-02	1.978e-01	0	0
ATF3	Regulation of G Protein-Coupled Receptor Internalization (GO:1904020)	2	357	3	3592	6.708	2.761e-02	1.978e-01	0	0
ATF3	Regulation of Heme Biosynthetic Process (GO:0070453)	2	357	3	3592	6.708	2.761e-02	1.978e-01	0	0
ATF3	Regulation of Purine Nucleotide Catabolic Process (GO:0033121)	2	357	3	3592	6.708	2.761e-02	1.978e-01	0	0
ATF3	Regulation of Steroid Metabolic Process (GO:0019218)	2	357	3	3592	6.708	2.761e-02	1.978e-01	0	0
ATF3	Regulation of Transforming Growth Factor Beta2 Production (GO:0032909)	2	357	3	3592	6.708	2.761e-02	1.978e-01	0	0
ATF3	Response to Catecholamine (GO:0071869)	2	357	3	3592	6.708	2.761e-02	1.978e-01	0	0
ATF3	Response to Lead Ion (GO:0010288)	2	357	3	3592	6.708	2.761e-02	1.978e-01	0	0
ATF3	T Cell Chemotaxis (GO:0010818)	2	357	3	3592	6.708	2.761e-02	1.978e-01	0	0
ATF3	UV Protection (GO:0009650)	2	357	3	3592	6.708	2.761e-02	1.978e-01	0	0
ATF3	Positive Regulation of Cell Migration (GO:0030335)	19	357	121	3592	1.580	2.806e-02	1.990e-01	0	0
ATF3	Cellular Response to Cytokine Stimulus (GO:0071345)	17	357	105	3592	1.629	2.808e-02	1.990e-01	0	0
ATF3	Epithelial Cell Differentiation (GO:0030855)	7	357	31	3592	2.272	2.907e-02	2.038e-01	0	0
ATF3	Positive Regulation of Inflammatory Response (GO:0050729)	7	357	31	3592	2.272	2.907e-02	2.038e-01	0	0
ATF3	Positive Regulation of Cold-Induced Thermogenesis (GO:0120162)	8	357	38	3592	2.118	3.005e-02	2.087e-01	0	0
ATF3	Adenylate Cyclase-Modulating G Protein-Coupled Receptor Signaling Pathway (GO:0007188)	12	357	67	3592	1.802	3.008e-02	2.087e-01	0	0
ATF3	Mesenchymal Cell Differentiation (GO:0048762)	6	357	25	3592	2.415	3.201e-02	2.124e-01	0	0
ATF3	Monoatomic Anion Transmembrane Transport (GO:0098656)	6	357	25	3592	2.415	3.201e-02	2.124e-01	0	0
ATF3	Positive Regulation of Protein Secretion (GO:0050714)	6	357	25	3592	2.415	3.201e-02	2.124e-01	0	0
ATF3	Granulocyte Chemotaxis (GO:0071621)	4	357	13	3592	3.096	3.321e-02	2.124e-01	0	0
ATF3	Microglial Cell Activation (GO:0001774)	4	357	13	3592	3.096	3.321e-02	2.124e-01	0	0
ATF3	Positive Regulation of ATP Metabolic Process (GO:1903580)	4	357	13	3592	3.096	3.321e-02	2.124e-01	0	0
ATF3	Positive Regulation of Cell-Cell Adhesion (GO:0022409)	4	357	13	3592	3.096	3.321e-02	2.124e-01	0	0
ATF3	Positive Regulation of Peptide Hormone Secretion (GO:0090277)	4	357	13	3592	3.096	3.321e-02	2.124e-01	0	0
ATF3	Positive Regulation of Substrate Adhesion-Dependent Cell Spreading (GO:1900026)	4	357	13	3592	3.096	3.321e-02	2.124e-01	0	0
ATF3	Purine Ribonucleoside Triphosphate Metabolic Process (GO:0009205)	4	357	13	3592	3.096	3.321e-02	2.124e-01	0	0
ATF3	RNA Catabolic Process (GO:0006401)	4	357	13	3592	3.096	3.321e-02	2.124e-01	0	0
ATF3	Regulation of Release of Cytochrome C From Mitochondria (GO:0090199)	4	357	13	3592	3.096	3.321e-02	2.124e-01	0	0
ATF3	Regulation of Vasoconstriction (GO:0019229)	4	357	13	3592	3.096	3.321e-02	2.124e-01	0	0
ATF3	Response to Alcohol (GO:0097305)	4	357	13	3592	3.096	3.321e-02	2.124e-01	0	0
ATF3	SCF-dependent Proteasomal Ubiquitin-Dependent Protein Catabolic Process (GO:0031146)	4	357	13	3592	3.096	3.321e-02	2.124e-01	0	0
ATF3	Autophagosome Maturation (GO:0097352)	5	357	19	3592	2.648	3.398e-02	2.124e-01	0	0
ATF3	Positive Regulation of Smooth Muscle Cell Proliferation (GO:0048661)	5	357	19	3592	2.648	3.398e-02	2.124e-01	0	0
ATF3	Regulation of Amyloid-Beta Formation (GO:1902003)	5	357	19	3592	2.648	3.398e-02	2.124e-01	0	0
ATF3	Regulation of Neurogenesis (GO:0050767)	5	357	19	3592	2.648	3.398e-02	2.124e-01	0	0
ATF3	Response to Hydrogen Peroxide (GO:0042542)	5	357	19	3592	2.648	3.398e-02	2.124e-01	0	0
ATF3	Extrinsic Apoptotic Signaling Pathway (GO:0097191)	7	357	32	3592	2.201	3.415e-02	2.124e-01	0	0
ATF3	Positive Regulation of Protein Localization to Membrane (GO:1905477)	9	357	46	3592	1.969	3.418e-02	2.124e-01	0	0
ATF3	Positive Regulation of Proteasomal Ubiquitin-Dependent Protein Catabolic Process (GO:0032436)	8	357	39	3592	2.064	3.466e-02	2.143e-01	0	0
ATF3	Cellular Response to Chemical Stress (GO:0062197)	10	357	54	3592	1.863	3.719e-02	2.233e-01	0	0
ATF3	- Reg of Endoplasmic Reticulum Stress-Induced Intrinsic Apoptotic Sgnlng Pway (GO:1902236)	3	357	8	3592	3.773	3.731e-02	2.233e-01	0	0
ATF3	Acidic Amino Acid Transport (GO:0015800)	3	357	8	3592	3.773	3.731e-02	2.233e-01	0	0
ATF3	Positive Chemotaxis (GO:0050918)	3	357	8	3592	3.773	3.731e-02	2.233e-01	0	0
ATF3	Positive Regulation by Host of Viral Process (GO:0044794)	3	357	8	3592	3.773	3.731e-02	2.233e-01	0	0
ATF3	Positive Regulation of Small Molecule Metabolic Process (GO:0062013)	3	357	8	3592	3.773	3.731e-02	2.233e-01	0	0
ATF3	Prostanoid Biosynthetic Process (GO:0046457)	3	357	8	3592	3.773	3.731e-02	2.233e-01	0	0
ATF3	Negative Regulation of Translation (GO:0017148)	6	357	26	3592	2.322	3.826e-02	2.280e-01	0	0
ATF3	Extrinsic Apoptotic Signaling Pathway via Death Domain Receptors (GO:0008625)	4	357	14	3592	2.875	4.295e-02	2.350e-01	0	0
ATF3	Reg of Endoplasmic Reticulum Stress-Induced Intrinsic Apoptotic Sgnlng Pway (GO:1902235)	4	357	14	3592	2.875	4.295e-02	2.350e-01	0	0
ATF3	TOR Signaling (GO:0031929)	4	357	14	3592	2.875	4.295e-02	2.350e-01	0	0
ATF3	+ Reg of Phosphatidylinositol 3-Kinase/Prot Kinase B Signal Transduction (GO:0051897)	12	357	71	3592	1.701	4.485e-02	2.350e-01	0	0
ATF3	Chloride Transport (GO:0006821)	6	357	27	3592	2.236	4.523e-02	2.350e-01	0	0
ATF3	Inorganic Anion Transmembrane Transport (GO:0098661)	6	357	27	3592	2.236	4.523e-02	2.350e-01	0	0
ATF3	Negative Regulation of Protein Modification by Small Protein Conjugation or Removal (GO:1903321)	6	357	27	3592	2.236	4.523e-02	2.350e-01	0	0
ATF3	Positive Regulation of Angiogenesis (GO:0045766)	8	357	41	3592	1.963	4.525e-02	2.350e-01	0	0
ATF3	Positive Regulation of Cell Differentiation (GO:0045597)	15	357	95	3592	1.589	4.582e-02	2.350e-01	0	0
ATF3	Double-Strand Break Repair (GO:0006302)	7	357	34	3592	2.072	4.600e-02	2.350e-01	0	0
ATF3	Regulation of Proteasomal Ubiquitin-Dependent Protein Catabolic Process (GO:0032434)	10	357	56	3592	1.797	4.637e-02	2.350e-01	0	0
ATF3	Regulation of DNA-templated Transcription (GO:0006355)	58	357	475	3592	1.229	4.773e-02	2.350e-01	0	0
ATF3	Intracellular Monoatomic Cation Homeostasis (GO:0030003)	11	357	64	3592	1.729	4.814e-02	2.350e-01	0	0
ATF3	Neuron Differentiation (GO:0030182)	9	357	49	3592	1.848	4.901e-02	2.350e-01	0	0
ATF3	Positive Regulation of Ubiquitin-Dependent Protein Catabolic Process (GO:2000060)	9	357	49	3592	1.848	4.901e-02	2.350e-01	0	0
ATF3	Macromolecule Biosynthetic Process (GO:0009059)	15	357	96	3592	1.572	4.959e-02	2.350e-01	0	0
ATF3	Cellular Response to Type II Interferon (GO:0071346)	5	357	21	3592	2.396	5.048e-02	2.350e-01	0	0
ATF3	Regulation of Apoptotic Signaling Pathway (GO:2001233)	5	357	21	3592	2.396	5.048e-02	2.350e-01	0	0
ATF3	Regulation of Fibroblast Proliferation (GO:0048145)	5	357	21	3592	2.396	5.048e-02	2.350e-01	0	0
ATF3	Response to Peptide Hormone (GO:0043434)	5	357	21	3592	2.396	5.048e-02	2.350e-01	0	0
ATF3	Negative Regulation of Cell Motility (GO:2000146)	8	357	42	3592	1.916	5.127e-02	2.350e-01	0	0
ATF3	Adenylate Cyclase-Activating Dopamine Receptor Signaling Pathway (GO:0007191)	2	357	4	3592	5.031	5.161e-02	2.350e-01	0	0
ATF3	Adherens Junction Assembly (GO:0034333)	2	357	4	3592	5.031	5.161e-02	2.350e-01	0	0
ATF3	Calcitonin Family Receptor Signaling Pathway (GO:0097646)	2	357	4	3592	5.031	5.161e-02	2.350e-01	0	0
ATF3	Cellular Response to Prostaglandin E Stimulus (GO:0071380)	2	357	4	3592	5.031	5.161e-02	2.350e-01	0	0
ATF3	Integrin Activation (GO:0033622)	2	357	4	3592	5.031	5.161e-02	2.350e-01	0	0
ATF3	Interleukin-12-Mediated Signaling Pathway (GO:0035722)	2	357	4	3592	5.031	5.161e-02	2.350e-01	0	0
ATF3	Lymphocyte Chemotaxis (GO:0048247)	2	357	4	3592	5.031	5.161e-02	2.350e-01	0	0
ATF3	MHC Class I Protein Complex Assembly (GO:0002397)	2	357	4	3592	5.031	5.161e-02	2.350e-01	0	0
ATF3	Morphogenesis of an Endothelium (GO:0003159)	2	357	4	3592	5.031	5.161e-02	2.350e-01	0	0
ATF3	Negative Regulation of Centrosome Duplication (GO:0010826)	2	357	4	3592	5.031	5.161e-02	2.350e-01	0	0
ATF3	Negative Regulation of Interleukin-1 Beta Production (GO:0032691)	2	357	4	3592	5.031	5.161e-02	2.350e-01	0	0
ATF3	Peptide Antigen Assembly With MHC Class I Protein Complex (GO:0002502)	2	357	4	3592	5.031	5.161e-02	2.350e-01	0	0
ATF3	Positive Regulation of Acute Inflammatory Response (GO:0002675)	2	357	4	3592	5.031	5.161e-02	2.350e-01	0	0
ATF3	Positive Regulation of Amine Transport (GO:0051954)	2	357	4	3592	5.031	5.161e-02	2.350e-01	0	0
ATF3	Positive Regulation of Hormone Secretion (GO:0046887)	2	357	4	3592	5.031	5.161e-02	2.350e-01	0	0
ATF3	Primary miRNA Processing (GO:0031053)	2	357	4	3592	5.031	5.161e-02	2.350e-01	0	0
ATF3	Reg of T Cell Act via T Cell Rec Contact With Ag Bound to MHC Mol on Ag Presenting Cell (GO:2001188)	2	357	4	3592	5.031	5.161e-02	2.350e-01	0	0
ATF3	Regulation of B Cell Differentiation (GO:0045577)	2	357	4	3592	5.031	5.161e-02	2.350e-01	0	0
ATF3	Regulation of Cellular Response to Insulin Stimulus (GO:1900076)	2	357	4	3592	5.031	5.161e-02	2.350e-01	0	0
ATF3	Regulation of Endodeoxyribonuclease Activity (GO:0032071)	2	357	4	3592	5.031	5.161e-02	2.350e-01	0	0
ATF3	Regulation of Epithelial Cell Differentiation (GO:0030856)	2	357	4	3592	5.031	5.161e-02	2.350e-01	0	0
ATF3	Regulation of Leukocyte Activation (GO:0002694)	2	357	4	3592	5.031	5.161e-02	2.350e-01	0	0
ATF3	Regulation of Microglial Cell Migration (GO:1904139)	2	357	4	3592	5.031	5.161e-02	2.350e-01	0	0
ATF3	Regulation of Odontoblast Differentiation (GO:1901329)	2	357	4	3592	5.031	5.161e-02	2.350e-01	0	0
ATF3	Regulation of Protein Exit From Endoplasmic Reticulum (GO:0070861)	2	357	4	3592	5.031	5.161e-02	2.350e-01	0	0
ATF3	Regulation of Retinoic Acid Receptor Signaling Pathway (GO:0048385)	2	357	4	3592	5.031	5.161e-02	2.350e-01	0	0
ATF3	Regulation of Tumor Necrosis Factor Superfamily Cytokine Production (GO:1903555)	2	357	4	3592	5.031	5.161e-02	2.350e-01	0	0
ATF3	Response to Glucagon (GO:0033762)	2	357	4	3592	5.031	5.161e-02	2.350e-01	0	0
ATF3	Ribosomal Small Subunit Export From Nucleus (GO:0000056)	2	357	4	3592	5.031	5.161e-02	2.350e-01	0	0
ATF3	Signaling Receptor Ligand Precursor Processing (GO:0140448)	2	357	4	3592	5.031	5.161e-02	2.350e-01	0	0
ATF3	Negative Regulation of Transcription by RNA Polymerase II (GO:0000122)	30	357	224	3592	1.348	5.172e-02	2.350e-01	0	0
ATF3	Chemokine-Mediated Signaling Pathway (GO:0070098)	3	357	9	3592	3.354	5.193e-02	2.350e-01	0	0
ATF3	DNA Replication (GO:0006260)	3	357	9	3592	3.354	5.193e-02	2.350e-01	0	0
ATF3	Hydrogen Peroxide Metabolic Process (GO:0042743)	3	357	9	3592	3.354	5.193e-02	2.350e-01	0	0
ATF3	Mitochondrion Transport Along Microtubule (GO:0047497)	3	357	9	3592	3.354	5.193e-02	2.350e-01	0	0
ATF3	NADH Metabolic Process (GO:0006734)	3	357	9	3592	3.354	5.193e-02	2.350e-01	0	0
ATF3	Neutrophil Chemotaxis (GO:0030593)	3	357	9	3592	3.354	5.193e-02	2.350e-01	0	0
ATF3	Positive Regulation of Amyloid-Beta Formation (GO:1902004)	3	357	9	3592	3.354	5.193e-02	2.350e-01	0	0
ATF3	Positive Regulation of Immune Effector Process (GO:0002699)	3	357	9	3592	3.354	5.193e-02	2.350e-01	0	0
ATF3	Positive Regulation of Macrophage Migration (GO:1905523)	3	357	9	3592	3.354	5.193e-02	2.350e-01	0	0
ATF3	Positive Regulation of Protein Targeting to Membrane (GO:0090314)	3	357	9	3592	3.354	5.193e-02	2.350e-01	0	0
ATF3	Positive Regulation of Vascular Associated Smooth Muscle Cell Proliferation (GO:1904707)	3	357	9	3592	3.354	5.193e-02	2.350e-01	0	0
ATF3	Regulation of Monoatomic Ion Transmembrane Transport (GO:0034765)	3	357	9	3592	3.354	5.193e-02	2.350e-01	0	0
ATF3	Regulation of Plasminogen Activation (GO:0010755)	3	357	9	3592	3.354	5.193e-02	2.350e-01	0	0
ATF3	Cellular Response to UV (GO:0034644)	7	357	35	3592	2.012	5.280e-02	2.350e-01	0	0
ATF3	Skeletal System Development (GO:0001501)	7	357	35	3592	2.012	5.280e-02	2.350e-01	0	0
ATF3	Autophagosome Assembly (GO:0000045)	6	357	28	3592	2.156	5.295e-02	2.350e-01	0	0
ATF3	Autophagosome Organization (GO:1905037)	6	357	28	3592	2.156	5.295e-02	2.350e-01	0	0
ATF3	Positive Regulation of Cell-Substrate Adhesion (GO:0010811)	6	357	28	3592	2.156	5.295e-02	2.350e-01	0	0
ATF3	Regulation of miRNA Transcription (GO:1902893)	6	357	28	3592	2.156	5.295e-02	2.350e-01	0	0
ATF3	Cellular Response to Oxidative Stress (GO:0034599)	11	357	65	3592	1.703	5.302e-02	2.350e-01	0	0
ATF3	Inflammatory Response (GO:0006954)	11	357	65	3592	1.703	5.302e-02	2.350e-01	0	0
ATF3	Regulation of Translation (GO:0006417)	11	357	65	3592	1.703	5.302e-02	2.350e-01	0	0
ATF3	Regulation of Gene Expression (GO:0010468)	43	357	341	3592	1.269	5.395e-02	2.350e-01	0	0
ATF3	Cholesterol Transport (GO:0030301)	4	357	15	3592	2.683	5.413e-02	2.350e-01	0	0
ATF3	Positive Regulation of Insulin Secretion (GO:0032024)	4	357	15	3592	2.683	5.413e-02	2.350e-01	0	0
ATF3	Positive Regulation of Leukocyte Mediated Cytotoxicity (GO:0001912)	4	357	15	3592	2.683	5.413e-02	2.350e-01	0	0
ATF3	Positive Regulation of Nitric Oxide Biosynthetic Process (GO:0045429)	4	357	15	3592	2.683	5.413e-02	2.350e-01	0	0
ATF3	Positive Regulation of T Cell Proliferation (GO:0042102)	4	357	15	3592	2.683	5.413e-02	2.350e-01	0	0
ATF3	Potassium Ion Import Across Plasma Membrane (GO:1990573)	4	357	15	3592	2.683	5.413e-02	2.350e-01	0	0
ATF3	Regulation of Hippo Signaling (GO:0035330)	4	357	15	3592	2.683	5.413e-02	2.350e-01	0	0
Ab-LTMR.CCKAR	Proton Motive Force-Driven ATP Synthesis (GO:0015986)	16	351	36	3592	4.548	5.837e-08	6.181e-05	1	0
Ab-LTMR.CCKAR	Proton Motive Force-Driven Mitochondrial ATP Synthesis (GO:0042776)	15	351	34	3592	4.515	1.736e-07	8.066e-05	0	0
Ab-LTMR.CCKAR	Oxidative Phosphorylation (GO:0006119)	16	351	39	3592	4.198	2.285e-07	8.066e-05	0	0
Ab-LTMR.CCKAR	ATP Biosynthetic Process (GO:0006754)	9	351	13	3592	7.085	3.695e-07	9.783e-05	1	0
Ab-LTMR.CCKAR	Cellular Respiration (GO:0045333)	15	351	47	3592	3.266	2.132e-05	4.516e-03	1	0
Ab-LTMR.CCKAR	Aerobic Electron Transport Chain (GO:0019646)	13	351	39	3592	3.411	4.556e-05	8.042e-03	0	0
Ab-LTMR.CCKAR	Monoatomic Anion Transmembrane Transport (GO:0098656)	10	351	25	3592	4.093	5.973e-05	8.158e-03	1	0
Ab-LTMR.CCKAR	Mitochondrial ATP Synthesis Coupled Electron Transport (GO:0042775)	13	351	40	3592	3.326	6.163e-05	8.158e-03	0	0
Ab-LTMR.CCKAR	Aerobic Respiration (GO:0009060)	13	351	41	3592	3.245	8.240e-05	9.696e-03	0	0
Ab-LTMR.CCKAR	Chloride Transmembrane Transport (GO:1902476)	9	351	22	3592	4.186	1.151e-04	1.137e-02	0	0
Ab-LTMR.CCKAR	Tricarboxylic Acid Cycle (GO:0006099)	6	351	10	3592	6.140	1.248e-04	1.137e-02	1	0
Ab-LTMR.CCKAR	Inorganic Anion Transmembrane Transport (GO:0098661)	10	351	27	3592	3.790	1.289e-04	1.137e-02	0	0
Ab-LTMR.CCKAR	Synaptic Transmission. GABAergic (GO:0051932)	5	351	7	3592	7.310	1.542e-04	1.256e-02	0	0
Ab-LTMR.CCKAR	Response to Unfolded Protein (GO:0006986)	10	351	28	3592	3.655	1.833e-04	1.387e-02	0	0
Ab-LTMR.CCKAR	Establishment of Protein Localization to Mitochondrion (GO:0072655)	7	351	15	3592	4.776	2.579e-04	1.821e-02	0	0
Ab-LTMR.CCKAR	Electron Transport Chain (GO:0022900)	4	351	5	3592	8.187	4.142e-04	2.580e-02	0	0
Ab-LTMR.CCKAR	acetyl-CoA Biosynthetic Process (GO:0006085)	4	351	5	3592	8.187	4.142e-04	2.580e-02	0	0
Ab-LTMR.CCKAR	Sterol Transport (GO:0015918)	6	351	12	3592	5.117	4.628e-04	2.723e-02	0	0
Ab-LTMR.CCKAR	Chloride Transport (GO:0006821)	9	351	27	3592	3.411	6.963e-04	3.881e-02	0	0
Ab-LTMR.CCKAR	Pyruvate Decarboxylation to acetyl-CoA (GO:0006086)	3	351	3	3592	10.234	9.259e-04	4.903e-02	0	0
Ab-LTMR.CCKAR	Protein Deneddylation (GO:0000338)	4	351	6	3592	6.822	1.147e-03	5.782e-02	0	0
Ab-LTMR.CCKAR	Protein Targeting to Mitochondrion (GO:0006626)	7	351	19	3592	3.770	1.429e-03	6.639e-02	0	0
Ab-LTMR.CCKAR	Regulation of Plasma Membrane Bounded Cell Projection Organization (GO:0120035)	5	351	10	3592	5.117	1.442e-03	6.639e-02	0	0
Ab-LTMR.CCKAR	Protein Transmembrane Import Into Intracellular Organelle (GO:0044743)	4	351	7	3592	5.848	2.470e-03	1.090e-01	0	0
Ab-LTMR.CCKAR	Regulation of Protein Modification by Small Protein Conjugation or Removal (GO:1903320)	7	351	21	3592	3.411	2.775e-03	1.163e-01	0	0
Ab-LTMR.CCKAR	Neuron Projection Extension (GO:1990138)	6	351	16	3592	3.838	2.856e-03	1.163e-01	0	0
Ab-LTMR.CCKAR	Monoatomic Ion Transport (GO:0006811)	9	351	33	3592	2.791	3.376e-03	1.299e-01	0	0
Ab-LTMR.CCKAR	Respiratory Electron Transport Chain (GO:0022904)	3	351	4	3592	7.675	3.434e-03	1.299e-01	0	0
Ab-LTMR.CCKAR	Heme Metabolic Process (GO:0042168)	4	351	8	3592	5.117	4.561e-03	1.610e-01	0	0
Ab-LTMR.CCKAR	Lipid Catabolic Process (GO:0016042)	4	351	8	3592	5.117	4.561e-03	1.610e-01	0	0
Ab-LTMR.CCKAR	Regulation of Protein Ubiquitination (GO:0031396)	12	351	54	3592	2.274	4.867e-03	1.663e-01	0	0
Ab-LTMR.CCKAR	ATP Metabolic Process (GO:0046034)	8	351	29	3592	2.823	5.235e-03	1.732e-01	0	0
Ab-LTMR.CCKAR	Protein Targeting (GO:0006605)	11	351	48	3592	2.345	5.409e-03	1.736e-01	0	0
Ab-LTMR.CCKAR	Monoatomic Anion Transport (GO:0006820)	5	351	13	3592	3.936	5.749e-03	1.791e-01	0	0
Ab-LTMR.CCKAR	Anterograde Axonal Transport (GO:0008089)	6	351	19	3592	3.232	7.515e-03	1.992e-01	0	0
Ab-LTMR.CCKAR	Gamma-Aminobutyric Acid Signaling Pathway (GO:0007214)	4	351	9	3592	4.548	7.584e-03	1.992e-01	0	0
Ab-LTMR.CCKAR	Potassium Ion Transmembrane Transport (GO:0071805)	9	351	37	3592	2.489	7.668e-03	1.992e-01	0	0
Ab-LTMR.CCKAR	Neuron Projection Morphogenesis (GO:0048812)	13	351	64	3592	2.079	7.689e-03	1.992e-01	0	0
Ab-LTMR.CCKAR	Heme Biosynthetic Process (GO:0006783)	3	351	5	3592	6.140	7.964e-03	1.992e-01	0	0
Ab-LTMR.CCKAR	Nucleobase-Containing Compound Metabolic Process (GO:0006139)	3	351	5	3592	6.140	7.964e-03	1.992e-01	0	0
Ab-LTMR.CCKAR	Porphyrin-Containing Compound Biosynthetic Process (GO:0006779)	3	351	5	3592	6.140	7.964e-03	1.992e-01	0	0
Ab-LTMR.CCKAR	Regulation of Establishment of Protein Localization (GO:0070201)	3	351	5	3592	6.140	7.964e-03	1.992e-01	0	0
Ab-LTMR.CCKAR	Potassium Ion Transport (GO:0006813)	8	351	31	3592	2.641	8.090e-03	1.992e-01	0	0
Ab-LTMR.CCKAR	Axonal Transport (GO:0098930)	6	351	20	3592	3.070	9.871e-03	2.376e-01	0	0
Ab-LTMR.ETV1	Translation (GO:0006412)	66	283	109	3592	7.685	2.063e-47	1.655e-44	1	0
Ab-LTMR.ETV1	Macromolecule Biosynthetic Process (GO:0009059)	59	283	96	3592	7.801	8.845e-43	3.547e-40	0	0
Ab-LTMR.ETV1	Gene Expression (GO:0010467)	60	283	141	3592	5.401	2.442e-31	6.527e-29	0	0
Ab-LTMR.ETV1	Cytoplasmic Translation (GO:0002181)	41	283	68	3592	7.653	3.582e-29	7.182e-27	0	0
Ab-LTMR.ETV1	Protein Metabolic Process (GO:0019538)	72	283	228	3592	4.008	6.948e-28	1.114e-25	1	0
Ab-LTMR.ETV1	Mitochondrial Translation (GO:0032543)	22	283	29	3592	9.629	2.285e-19	3.055e-17	1	0
Ab-LTMR.ETV1	Mitochondrial Gene Expression (GO:0140053)	21	283	29	3592	9.191	7.959e-18	9.119e-16	0	0
Ab-LTMR.ETV1	Ribosomal Small Subunit Biogenesis (GO:0042274)	18	283	29	3592	7.878	1.276e-13	1.279e-11	1	0
Ab-LTMR.ETV1	Ribonucleoprotein Complex Biogenesis (GO:0022613)	21	283	43	3592	6.199	7.048e-13	6.281e-11	0	0
Ab-LTMR.ETV1	Ribosome Biogenesis (GO:0042254)	21	283	50	3592	5.331	2.710e-11	2.173e-09	0	0
Ab-LTMR.ETV1	ATP Metabolic Process (GO:0046034)	12	283	29	3592	5.252	6.982e-07	4.666e-05	1	0
Ab-LTMR.ETV1	rRNA Processing (GO:0006364)	12	283	29	3592	5.252	6.982e-07	4.666e-05	0	0
Ab-LTMR.ETV1	Pyruvate Metabolic Process (GO:0006090)	10	283	21	3592	6.044	1.274e-06	7.860e-05	0	0
Ab-LTMR.ETV1	Ribosomal Small Subunit Assembly (GO:0000028)	6	283	7	3592	10.879	1.488e-06	8.526e-05	0	0
Ab-LTMR.ETV1	ADP Catabolic Process (GO:0046032)	7	283	13	3592	6.834	1.988e-05	9.379e-04	0	0
Ab-LTMR.ETV1	Glycolytic Process (GO:0006096)	7	283	13	3592	6.834	1.988e-05	9.379e-04	0	0
Ab-LTMR.ETV1	Ribosome Assembly (GO:0042255)	7	283	13	3592	6.834	1.988e-05	9.379e-04	0	0
Ab-LTMR.ETV1	Nicotinamide Nucleotide Metabolic Process (GO:0046496)	8	283	18	3592	5.641	2.930e-05	1.306e-03	0	0
Ab-LTMR.ETV1	Superoxide Metabolic Process (GO:0006801)	6	283	10	3592	7.616	3.637e-05	1.417e-03	0	0
Ab-LTMR.ETV1	Carbohydrate Catabolic Process (GO:0016052)	7	283	14	3592	6.346	3.710e-05	1.417e-03	0	0
Ab-LTMR.ETV1	Pyridine Nucleotide Catabolic Process (GO:0019364)	7	283	14	3592	6.346	3.710e-05	1.417e-03	0	0
Ab-LTMR.ETV1	Cellular Response to Superoxide (GO:0071451)	5	283	7	3592	9.066	5.399e-05	1.883e-03	0	0
Ab-LTMR.ETV1	Removal of Superoxide Radicals (GO:0019430)	5	283	7	3592	9.066	5.399e-05	1.883e-03	0	0
Ab-LTMR.ETV1	rRNA Metabolic Process (GO:0016072)	10	283	31	3592	4.094	7.852e-05	2.624e-03	0	0
Ab-LTMR.ETV1	Response to Unfolded Protein (GO:0006986)	9	283	28	3592	4.080	1.864e-04	5.980e-03	0	0
Ab-LTMR.ETV1	NADH Metabolic Process (GO:0006734)	5	283	9	3592	7.051	2.836e-04	8.749e-03	0	0
Ab-LTMR.ETV1	Proteolysis Involved in Protein Catabolic Process (GO:0051603)	10	283	36	3592	3.526	3.155e-04	9.371e-03	0	0
Ab-LTMR.ETV1	Endoplasmic Reticulum Tubular Network Formation (GO:0071787)	3	283	3	3592	12.693	4.843e-04	1.333e-02	0	0
Ab-LTMR.ETV1	Fructose 1.6-Bisphosphate Metabolic Process (GO:0030388)	3	283	3	3592	12.693	4.843e-04	1.333e-02	0	0
Ab-LTMR.ETV1	Glycolytic Process Through Glucose-6-Phosphate (GO:0061620)	4	283	6	3592	8.462	4.985e-04	1.333e-02	0	0
Ab-LTMR.ETV1	Chaperone-Mediated Protein Complex Assembly (GO:0051131)	5	283	10	3592	6.346	5.309e-04	1.373e-02	0	0
Ab-LTMR.ETV1	Protein Stabilization (GO:0050821)	19	283	109	3592	2.212	6.912e-04	1.732e-02	0	0
Ab-LTMR.ETV1	Positive Regulation of Mitophagy (GO:1901526)	5	283	11	3592	5.769	9.110e-04	2.214e-02	0	0
Ab-LTMR.ETV1	Clathrin Coat Assembly (GO:0048268)	4	283	7	3592	7.253	1.091e-03	2.500e-02	0	0
Ab-LTMR.ETV1	Modification-Dependent Macromolecule Catabolic Process (GO:0043632)	4	283	7	3592	7.253	1.091e-03	2.500e-02	0	0
Ab-LTMR.ETV1	Energy Derivation by Oxidation of Organic Compounds (GO:0015980)	7	283	23	3592	3.863	1.425e-03	3.143e-02	0	0
Ab-LTMR.ETV1	protein-RNA Complex Assembly (GO:0022618)	10	283	43	3592	2.952	1.450e-03	3.143e-02	0	0
Ab-LTMR.ETV1	Protein Catabolic Process (GO:0030163)	10	283	44	3592	2.885	1.749e-03	3.691e-02	0	0
Ab-LTMR.ETV1	Maturation of LSU-rRNA (GO:0000470)	3	283	4	3592	9.519	1.824e-03	3.750e-02	0	0
Ab-LTMR.ETV1	Positive Regulation of Autophagy of Mitochondrion (GO:1903599)	4	283	8	3592	6.346	2.048e-03	4.105e-02	0	0
Ab-LTMR.ETV1	Regulation of Apoptotic Process (GO:0042981)	35	283	273	3592	1.627	2.146e-03	4.198e-02	0	0
Ab-LTMR.ETV1	Ribosomal Large Subunit Biogenesis (GO:0042273)	5	283	13	3592	4.882	2.224e-03	4.247e-02	0	0
Ab-LTMR.ETV1	Regulation of Protein Ubiquitination (GO:0031396)	11	283	54	3592	2.586	2.666e-03	4.939e-02	0	0
Ab-LTMR.ETV1	Negative Regulation of Apoptotic Process (GO:0043066)	27	283	197	3592	1.740	2.710e-03	4.939e-02	0	0
Ab-LTMR.ETV1	Negative Regulation of Proteolysis Involved in Protein Catabolic Process (GO:1903051)	5	283	14	3592	4.533	3.240e-03	5.774e-02	0	0
Ab-LTMR.ETV1	Negative Regulation of Programmed Cell Death (GO:0043069)	23	283	162	3592	1.802	3.540e-03	6.172e-02	0	0
Ab-LTMR.ETV1	Canonical Glycolysis (GO:0061621)	3	283	5	3592	7.616	4.294e-03	7.174e-02	0	0
Ab-LTMR.ETV1	Glucose Catabolic Process to Pyruvate (GO:0061718)	3	283	5	3592	7.616	4.294e-03	7.174e-02	0	0
Ab-LTMR.ETV1	Regulation of Protein Modification by Small Protein Conjugation or Removal (GO:1903320)	6	283	21	3592	3.626	4.466e-03	7.309e-02	0	0
Ab-LTMR.ETV1	Maturation of SSU-rRNA (GO:0030490)	4	283	10	3592	5.077	5.411e-03	8.679e-02	0	0
Ab-LTMR.ETV1	Regulation of Programmed Cell Death (GO:0043067)	13	283	78	3592	2.115	7.084e-03	1.114e-01	0	0
Ab-LTMR.ETV1	Negative Regulation of Organelle Organization (GO:0010639)	6	283	23	3592	3.311	7.266e-03	1.121e-01	0	0
Ab-LTMR.ETV1	Positive Regulation of p38MAPK Cascade (GO:1900745)	3	283	6	3592	6.346	8.089e-03	1.138e-01	0	0
Ab-LTMR.ETV1	Purine Ribonucleoside Triphosphate Biosynthetic Process (GO:0009206)	3	283	6	3592	6.346	8.089e-03	1.138e-01	0	0
Ab-LTMR.ETV1	RNA-templated DNA Biosynthetic Process (GO:0006278)	3	283	6	3592	6.346	8.089e-03	1.138e-01	0	0
Ab-LTMR.ETV1	Telomere Maintenance via Telomerase (GO:0007004)	3	283	6	3592	6.346	8.089e-03	1.138e-01	0	0
Ab-LTMR.ETV1	Telomere Maintenance via Telomere Lengthening (GO:0010833)	3	283	6	3592	6.346	8.089e-03	1.138e-01	0	0
Ab-LTMR.ETV1	'De Novo' Post-Translational Protein Folding (GO:0051084)	6	283	24	3592	3.173	9.062e-03	1.253e-01	0	0
Ab-LTMR.ETV1	Negative Regulation of Neuron Apoptotic Process (GO:0043524)	8	283	39	3592	2.604	9.579e-03	1.301e-01	0	0
Ab-LTMR.ETV1	Cellular Respiration (GO:0045333)	9	283	47	3592	2.430	9.730e-03	1.301e-01	0	0
Ab-LTMR.ETV1	Negative Regulation of Ubiquitin-Dependent Protein Catabolic Process (GO:2000059)	5	283	18	3592	3.526	1.067e-02	1.403e-01	0	0
Ab-LTMR.ETV1	Negative Regulation of Amyloid-Beta Formation (GO:1902430)	4	283	12	3592	4.231	1.124e-02	1.454e-01	0	0
Ab-LTMR.ETV1	Regulation of Protein-Containing Complex Assembly (GO:0043254)	10	283	57	3592	2.227	1.222e-02	1.555e-01	0	0
Ab-LTMR.ETV1	Negative Regulation of Intrinsic Apoptotic Signaling Pathway (GO:2001243)	7	283	33	3592	2.692	1.256e-02	1.574e-01	0	0
Ab-LTMR.ETV1	Mitochondrial Membrane Organization (GO:0007006)	4	283	13	3592	3.905	1.525e-02	1.700e-01	0	0
Ab-LTMR.ETV1	Negative Regulation of Amyloid Precursor Protein Catabolic Process (GO:1902992)	4	283	13	3592	3.905	1.525e-02	1.700e-01	0	0
Ab-LTMR.ETV1	Positive Regulation of ATP Metabolic Process (GO:1903580)	4	283	13	3592	3.905	1.525e-02	1.700e-01	0	0
Ab-LTMR.ETV1	Regulation of Neuron Apoptotic Process (GO:0043523)	10	283	59	3592	2.151	1.546e-02	1.700e-01	0	0
Ab-LTMR.ETV1	ADP Transport (GO:0015866)	2	283	3	3592	8.462	1.759e-02	1.700e-01	0	0
Ab-LTMR.ETV1	Glomerular Filtration (GO:0003094)	2	283	3	3592	8.462	1.759e-02	1.700e-01	0	0
Ab-LTMR.ETV1	Lactate Metabolic Process (GO:0006089)	2	283	3	3592	8.462	1.759e-02	1.700e-01	0	0
Ab-LTMR.ETV1	Malate Metabolic Process (GO:0006108)	2	283	3	3592	8.462	1.759e-02	1.700e-01	0	0
Ab-LTMR.ETV1	Malate-Aspartate Shuttle (GO:0043490)	2	283	3	3592	8.462	1.759e-02	1.700e-01	0	0
Ab-LTMR.ETV1	Maturation of LSU-rRNA Frm Tricistronic rRNA Trnscpt (GO:0000463)	2	283	3	3592	8.462	1.759e-02	1.700e-01	0	0
Ab-LTMR.ETV1	Negative Regulation of JUN Kinase Activity (GO:0043508)	2	283	3	3592	8.462	1.759e-02	1.700e-01	0	0
Ab-LTMR.ETV1	Negative Regulation of Systemic Arterial Blood Pressure (GO:0003085)	2	283	3	3592	8.462	1.759e-02	1.700e-01	0	0
Ab-LTMR.ETV1	Neuronal Action Potential (GO:0019228)	2	283	3	3592	8.462	1.759e-02	1.700e-01	0	0
Ab-LTMR.ETV1	Positive Regulation of Smooth Muscle Cell Apoptotic Process (GO:0034393)	2	283	3	3592	8.462	1.759e-02	1.700e-01	0	0
Ab-LTMR.ETV1	Positive Regulation of T Cell Mediated Immune Response to Tumor Cell (GO:0002842)	2	283	3	3592	8.462	1.759e-02	1.700e-01	0	0
Ab-LTMR.ETV1	Protein Alkylation (GO:0008213)	2	283	3	3592	8.462	1.759e-02	1.700e-01	0	0
Ab-LTMR.ETV1	Synaptic Vesicle Clustering (GO:0097091)	2	283	3	3592	8.462	1.759e-02	1.700e-01	0	0
Ab-LTMR.ETV1	Synaptic Vesicle Localization (GO:0097479)	2	283	3	3592	8.462	1.759e-02	1.700e-01	0	0
Ab-LTMR.ETV1	TORC2 Signaling (GO:0038203)	2	283	3	3592	8.462	1.759e-02	1.700e-01	0	0
Ab-LTMR.ETV1	Neuron Apoptotic Process (GO:0051402)	4	283	14	3592	3.626	2.005e-02	1.753e-01	0	0
Ab-LTMR.ETV1	TOR Signaling (GO:0031929)	4	283	14	3592	3.626	2.005e-02	1.753e-01	0	0
Ab-LTMR.ETV1	Activation of Protein Kinase B Activity (GO:0032148)	3	283	8	3592	4.760	2.011e-02	1.753e-01	0	0
Ab-LTMR.ETV1	Antimicrobial Humoral Immune Response Mediated by Antimicrobial Peptide (GO:0061844)	3	283	8	3592	4.760	2.011e-02	1.753e-01	0	0
Ab-LTMR.ETV1	Mitochondrial Electron Transport. Ubiquinol to Cytochrome C (GO:0006122)	3	283	8	3592	4.760	2.011e-02	1.753e-01	0	0
Ab-LTMR.ETV1	Prostanoid Metabolic Process (GO:0006692)	3	283	8	3592	4.760	2.011e-02	1.753e-01	0	0
Ab-LTMR.ETV1	Regulation of ATP Biosynthetic Process (GO:2001169)	3	283	8	3592	4.760	2.011e-02	1.753e-01	0	0
Ab-LTMR.ETV1	Regulation of Intrinsic Apoptotic Signaling Pathway in Response to DNA Damage (GO:1902229)	3	283	8	3592	4.760	2.011e-02	1.753e-01	0	0
Ab-LTMR.ETV1	Regulation of Mitochondrial Membrane Permeability (GO:0046902)	3	283	8	3592	4.760	2.011e-02	1.753e-01	0	0
Ab-LTMR.ETV1	RNA Processing (GO:0006396)	11	283	71	3592	1.966	2.153e-02	1.856e-01	0	0
Ab-LTMR.ETV1	Positive Regulation of Macroautophagy (GO:0016239)	7	283	37	3592	2.401	2.310e-02	1.950e-01	0	0
Ab-LTMR.ETV1	Positive Regulation of Protein Ubiquitination (GO:0031398)	7	283	37	3592	2.401	2.310e-02	1.950e-01	0	0
Ab-LTMR.ETV1	Cellular Response to Chemical Stress (GO:0062197)	9	283	54	3592	2.115	2.340e-02	1.955e-01	0	0
Ab-LTMR.ETV1	Positive Regulation of Intrinsic Apoptotic Signaling Pathway (GO:2001244)	5	283	22	3592	2.885	2.531e-02	2.020e-01	0	0
Ab-LTMR.ETV1	Apoptotic Mitochondrial Changes (GO:0008637)	4	283	15	3592	3.385	2.569e-02	2.020e-01	0	0
Ab-LTMR.ETV1	Negative Regulation of Amide Metabolic Process (GO:0034249)	4	283	15	3592	3.385	2.569e-02	2.020e-01	0	0
Ab-LTMR.ETV1	Negative Regulation of JNK Cascade (GO:0046329)	4	283	15	3592	3.385	2.569e-02	2.020e-01	0	0
Ab-LTMR.ETV1	Positive Regulation of T Cell Proliferation (GO:0042102)	4	283	15	3592	3.385	2.569e-02	2.020e-01	0	0
Ab-LTMR.ETV1	Purine Ribonucleotide Biosynthetic Process (GO:0009152)	4	283	15	3592	3.385	2.569e-02	2.020e-01	0	0
Ab-LTMR.ETV1	Endoplasmic Reticulum Tubular Network Organization (GO:0071786)	3	283	9	3592	4.231	2.844e-02	2.058e-01	0	0
Ab-LTMR.ETV1	Hydrogen Peroxide Metabolic Process (GO:0042743)	3	283	9	3592	4.231	2.844e-02	2.058e-01	0	0
Ab-LTMR.ETV1	Iron Ion Transport (GO:0006826)	3	283	9	3592	4.231	2.844e-02	2.058e-01	0	0
Ab-LTMR.ETV1	Maturation of SSU-rRNA Frm Tricistronic rRNA Trnscpt (GO:0000462)	3	283	9	3592	4.231	2.844e-02	2.058e-01	0	0
Ab-LTMR.ETV1	Negative Regulation of Myeloid Cell Differentiation (GO:0045638)	3	283	9	3592	4.231	2.844e-02	2.058e-01	0	0
Ab-LTMR.ETV1	Regulation of Protein Export From Nucleus (GO:0046825)	3	283	9	3592	4.231	2.844e-02	2.058e-01	0	0
Ab-LTMR.ETV1	Regulation of Ubiquitin Protein Ligase Activity (GO:1904666)	3	283	9	3592	4.231	2.844e-02	2.058e-01	0	0
Ab-LTMR.ETV1	Unsaturated Fatty Acid Metabolic Process (GO:0033559)	3	283	9	3592	4.231	2.844e-02	2.058e-01	0	0
Ab-LTMR.ETV1	Aerobic Electron Transport Chain (GO:0019646)	7	283	39	3592	2.278	3.018e-02	2.058e-01	0	0
Ab-LTMR.ETV1	Action Potential (GO:0001508)	5	283	23	3592	2.759	3.032e-02	2.058e-01	0	0
Ab-LTMR.ETV1	Regulation of Cellular Localization (GO:0060341)	6	283	31	3592	2.457	3.116e-02	2.058e-01	0	0
Ab-LTMR.ETV1	Chaperone Cofactor-Dependent Protein Refolding (GO:0051085)	4	283	16	3592	3.173	3.219e-02	2.058e-01	0	0
Ab-LTMR.ETV1	Mitochondrial Transport (GO:0006839)	4	283	16	3592	3.173	3.219e-02	2.058e-01	0	0
Ab-LTMR.ETV1	Negative Regulation of Proteasomal Protein Catabolic Process (GO:1901799)	4	283	16	3592	3.173	3.219e-02	2.058e-01	0	0
Ab-LTMR.ETV1	Regulation of Mitophagy (GO:1901524)	4	283	16	3592	3.173	3.219e-02	2.058e-01	0	0
Ab-LTMR.ETV1	ATP Transport (GO:0015867)	2	283	4	3592	6.346	3.336e-02	2.058e-01	0	0
Ab-LTMR.ETV1	Cellular Response to Cadmium Ion (GO:0071276)	2	283	4	3592	6.346	3.336e-02	2.058e-01	0	0
Ab-LTMR.ETV1	Fructose 6-Phosphate Metabolic Process (GO:0006002)	2	283	4	3592	6.346	3.336e-02	2.058e-01	0	0
Ab-LTMR.ETV1	Ketone Biosynthetic Process (GO:0042181)	2	283	4	3592	6.346	3.336e-02	2.058e-01	0	0
Ab-LTMR.ETV1	Long-Chain Fatty Acid Biosynthetic Process (GO:0042759)	2	283	4	3592	6.346	3.336e-02	2.058e-01	0	0
Ab-LTMR.ETV1	Macromolecule Methylation (GO:0043414)	2	283	4	3592	6.346	3.336e-02	2.058e-01	0	0
Ab-LTMR.ETV1	Positive Regulation of Acute Inflammatory Response (GO:0002675)	2	283	4	3592	6.346	3.336e-02	2.058e-01	0	0
Ab-LTMR.ETV1	Positive Regulation of Immune Response to Tumor Cell (GO:0002839)	2	283	4	3592	6.346	3.336e-02	2.058e-01	0	0
Ab-LTMR.ETV1	Positive Regulation of Intrinsic Apoptotic Signaling Pathway by P53 Class Mediator (GO:1902255)	2	283	4	3592	6.346	3.336e-02	2.058e-01	0	0
Ab-LTMR.ETV1	Protein Repair (GO:0030091)	2	283	4	3592	6.346	3.336e-02	2.058e-01	0	0
Ab-LTMR.ETV1	Regulation of T Cell Mediated Immune Response to Tumor Cell (GO:0002840)	2	283	4	3592	6.346	3.336e-02	2.058e-01	0	0
Ab-LTMR.ETV1	Renal Filtration (GO:0097205)	2	283	4	3592	6.346	3.336e-02	2.058e-01	0	0
Ab-LTMR.ETV1	Ribosomal Small Subunit Export From Nucleus (GO:0000056)	2	283	4	3592	6.346	3.336e-02	2.058e-01	0	0
Ab-LTMR.ETV1	Mitochondrial ATP Synthesis Coupled Electron Transport (GO:0042775)	7	283	40	3592	2.221	3.420e-02	2.094e-01	0	0
Ab-LTMR.ETV1	Cell Morphogenesis Involved in Neuron Differentiation (GO:0048667)	6	283	32	3592	2.380	3.591e-02	2.166e-01	0	0
Ab-LTMR.ETV1	Myeloid Cell Differentiation (GO:0030099)	5	283	24	3592	2.644	3.592e-02	2.166e-01	0	0
Ab-LTMR.ETV1	Positive Regulation of Ubiquitin-Protein Transferase Activity (GO:0051443)	3	283	10	3592	3.808	3.831e-02	2.276e-01	0	0
Ab-LTMR.ETV1	Regulation of Necroptotic Process (GO:0060544)	3	283	10	3592	3.808	3.831e-02	2.276e-01	0	0
Ab-LTMR.ETV1	Positive Regulation of Telomere Maintenance via Telomerase (GO:0032212)	4	283	17	3592	2.986	3.956e-02	2.299e-01	0	0
Ab-LTMR.ETV1	Protein Secretion (GO:0009306)	4	283	17	3592	2.986	3.956e-02	2.299e-01	0	0
Ab-LTMR.ETV1	Regulation of Mitochondrial Membrane Potential (GO:0051881)	4	283	17	3592	2.986	3.956e-02	2.299e-01	0	0
Ab-LTMR.ETV1	Axon Development (GO:0061564)	7	283	42	3592	2.115	4.330e-02	2.498e-01	0	0
Ab-LTMR.LGI2	ATP Metabolic Process (GO:0046034)	12	356	29	3592	4.175	8.155e-06	4.550e-03	1	0
Ab-LTMR.LGI2	Chaperone-Mediated Protein Complex Assembly (GO:0051131)	7	356	10	3592	7.063	8.183e-06	4.550e-03	1	0
Ab-LTMR.LGI2	'De Novo' Post-Translational Protein Folding (GO:0051084)	10	356	24	3592	4.204	4.438e-05	1.645e-02	1	0
Ab-LTMR.LGI2	Monoatomic Anion Transport (GO:0006820)	7	356	13	3592	5.433	8.971e-05	2.494e-02	1	0
Ab-LTMR.LGI2	Purine Ribonucleotide Transport (GO:0015868)	5	356	7	3592	7.207	1.652e-04	3.674e-02	1	0
Ab-LTMR.LGI2	Monoatomic Ion Transport (GO:0006811)	11	356	33	3592	3.363	2.015e-04	3.734e-02	0	0
Ab-LTMR.LGI2	Organic Anion Transport (GO:0015711)	8	356	19	3592	4.248	2.440e-04	3.791e-02	0	0
Ab-LTMR.LGI2	Sensory Perception of Pain (GO:0019233)	6	356	11	3592	5.504	2.727e-04	3.791e-02	0	0
Ab-LTMR.LGI2	Monoatomic Anion Transmembrane Transport (GO:0098656)	9	356	25	3592	3.632	4.033e-04	4.254e-02	0	0
Ab-LTMR.LGI2	Adenine Nucleotide Transport (GO:0051503)	5	356	8	3592	6.306	4.047e-04	4.254e-02	0	0
Ab-LTMR.LGI2	Stress Granule Disassembly (GO:0035617)	4	356	5	3592	8.072	4.378e-04	4.254e-02	0	0
Ab-LTMR.LGI2	Chaperone Cofactor-Dependent Protein Refolding (GO:0051085)	7	356	16	3592	4.414	4.591e-04	4.254e-02	0	0
Ab-LTMR.LGI2	Cellular Response to Osmotic Stress (GO:0071470)	5	356	9	3592	5.605	8.369e-04	7.159e-02	0	0
Ab-LTMR.LGI2	Dense Core Granule Cytoskeletal Transport (GO:0099519)	3	356	3	3592	10.090	9.661e-04	7.162e-02	0	0
Ab-LTMR.LGI2	Protein Hexamerization (GO:0034214)	3	356	3	3592	10.090	9.661e-04	7.162e-02	0	0
Ab-LTMR.LGI2	Response to Unfolded Protein (GO:0006986)	9	356	28	3592	3.243	1.041e-03	7.237e-02	0	0
Ab-LTMR.LGI2	Purine Ribonucleoside Triphosphate Biosynthetic Process (GO:0009206)	4	356	6	3592	6.727	1.211e-03	7.480e-02	0	0
Ab-LTMR.LGI2	protein-RNA Complex Disassembly (GO:0032988)	4	356	6	3592	6.727	1.211e-03	7.480e-02	0	0
Ab-LTMR.LGI2	Carbohydrate Metabolic Process (GO:0005975)	6	356	14	3592	4.324	1.368e-03	8.005e-02	0	0
Ab-LTMR.LGI2	Cellular Response to Chemical Stress (GO:0062197)	13	356	54	3592	2.429	1.817e-03	1.010e-01	0	0
Ab-LTMR.LGI2	Protein Stabilization (GO:0050821)	21	356	109	3592	1.944	1.910e-03	1.011e-01	0	0
Ab-LTMR.LGI2	Purine Ribonucleotide Biosynthetic Process (GO:0009152)	6	356	15	3592	4.036	2.092e-03	1.015e-01	0	0
Ab-LTMR.LGI2	Protein Maturation (GO:0051604)	13	356	55	3592	2.385	2.171e-03	1.015e-01	0	0
Ab-LTMR.LGI2	Cellular Response to Heat (GO:0034605)	7	356	20	3592	3.531	2.190e-03	1.015e-01	0	0
Ab-LTMR.LGI2	Lipid Droplet Organization (GO:0034389)	5	356	11	3592	4.586	2.593e-03	1.154e-01	0	0
Ab-LTMR.LGI2	Cellular Response to Unfolded Protein (GO:0034620)	9	356	32	3592	2.838	2.956e-03	1.264e-01	0	0
Ab-LTMR.LGI2	Inorganic Anion Transmembrane Transport (GO:0098661)	8	356	27	3592	2.990	3.522e-03	1.327e-01	0	0
Ab-LTMR.LGI2	Aspartate Transmembrane Transport (GO:0015810)	3	356	4	3592	7.567	3.579e-03	1.327e-01	0	0
Ab-LTMR.LGI2	Attachment of GPI Anchor to Protein (GO:0016255)	3	356	4	3592	7.567	3.579e-03	1.327e-01	0	0
Ab-LTMR.LGI2	Cyclic Nucleotide Transport (GO:0070729)	3	356	4	3592	7.567	3.579e-03	1.327e-01	0	0
Ab-LTMR.LGI2	Chloride Transmembrane Transport (GO:1902476)	7	356	22	3592	3.210	4.047e-03	1.421e-01	0	0
Ab-LTMR.LGI2	Retrograde Axonal Transport (GO:0008090)	5	356	12	3592	4.204	4.089e-03	1.421e-01	0	0
Ab-LTMR.LGI2	Proton Transmembrane Transport (GO:1902600)	6	356	17	3592	3.561	4.357e-03	1.425e-01	0	0
Ab-LTMR.LGI2	Sensory Perception (GO:0007600)	6	356	17	3592	3.561	4.357e-03	1.425e-01	0	0
Ab-LTMR.LGI2	Negative Regulation of Organelle Organization (GO:0010639)	7	356	23	3592	3.071	5.333e-03	1.694e-01	0	0
Ab-LTMR.LGI2	Gluconeogenesis (GO:0006094)	5	356	13	3592	3.881	6.112e-03	1.788e-01	0	0
Ab-LTMR.LGI2	Granulocyte Chemotaxis (GO:0071621)	5	356	13	3592	3.881	6.112e-03	1.788e-01	0	0
Ab-LTMR.LGI2	Organic Cation Transport (GO:0015695)	5	356	13	3592	3.881	6.112e-03	1.788e-01	0	0
Ab-LTMR.LGI2	Cellular Response to Light Stimulus (GO:0071482)	7	356	24	3592	2.943	6.902e-03	1.957e-01	0	0
Ab-LTMR.LGI2	Glycoprotein Biosynthetic Process (GO:0009101)	8	356	30	3592	2.691	7.128e-03	1.957e-01	0	0
Ab-LTMR.LGI2	Response to Misfolded Protein (GO:0051788)	4	356	9	3592	4.484	7.979e-03	1.957e-01	0	0
Ab-LTMR.LGI2	Organelle Disassembly (GO:1903008)	6	356	19	3592	3.186	8.051e-03	1.957e-01	0	0
Ab-LTMR.LGI2	Cellular Response to Arsenic-Containing Substance (GO:0071243)	3	356	5	3592	6.054	8.292e-03	1.957e-01	0	0
Ab-LTMR.LGI2	Protein K48-linked Deubiquitination (GO:0071108)	3	356	5	3592	6.054	8.292e-03	1.957e-01	0	0
Ab-LTMR.LGI2	Regulation of Melanin Biosynthetic Process (GO:0048021)	3	356	5	3592	6.054	8.292e-03	1.957e-01	0	0
Ab-LTMR.LGI2	Very Long-Chain Fatty Acid Biosynthetic Process (GO:0042761)	3	356	5	3592	6.054	8.292e-03	1.957e-01	0	0
Ab-LTMR.LGI2	Potassium Ion Transmembrane Transport (GO:0071805)	9	356	37	3592	2.454	8.402e-03	1.957e-01	0	0
Ab-LTMR.LGI2	Regulation of Protein-Containing Complex Assembly (GO:0043254)	12	356	57	3592	2.124	8.575e-03	1.957e-01	0	0
Ab-LTMR.LGI2	GPI Anchored Protein Biosynthesis (GO:0180046)	5	356	14	3592	3.604	8.747e-03	1.957e-01	0	0
Ab-LTMR.LGI2	Potassium Ion Transport (GO:0006813)	8	356	31	3592	2.604	8.800e-03	1.957e-01	0	0
Ab-LTMR.LGI2	Anterograde Trans-Synaptic Signaling (GO:0098916)	15	356	80	3592	1.892	1.059e-02	2.309e-01	0	0
Ab-LTMR.LGI2	Negative Regulation of Protein-Containing Complex Assembly (GO:0031333)	7	356	26	3592	2.717	1.103e-02	2.359e-01	0	0
Ab-LTMR.LGI2	Hexose Biosynthetic Process (GO:0019319)	5	356	15	3592	3.363	1.207e-02	2.481e-01	0	0
Ab-LTMR.LGI2	Vesicle Transport Along Microtubule (GO:0047496)	5	356	15	3592	3.363	1.207e-02	2.481e-01	0	0
Ab-LTMR.LGI2	L-amino Acid Transport (GO:0015807)	4	356	10	3592	4.036	1.227e-02	2.481e-01	0	0
Ab-LTMR.NSG2	Proton Motive Force-Driven Mitochondrial ATP Synthesis (GO:0042776)	15	354	34	3592	4.477	1.945e-07	1.517e-04	1	0
Ab-LTMR.NSG2	Oxidative Phosphorylation (GO:0006119)	16	354	39	3592	4.163	2.575e-07	1.517e-04	0	0
Ab-LTMR.NSG2	Proton Motive Force-Driven ATP Synthesis (GO:0015986)	15	354	36	3592	4.228	4.848e-07	1.904e-04	0	0
Ab-LTMR.NSG2	Cytoplasmic Translation (GO:0002181)	21	354	68	3592	3.134	9.969e-07	2.936e-04	1	0
Ab-LTMR.NSG2	Aerobic Electron Transport Chain (GO:0019646)	15	354	39	3592	3.903	1.658e-06	3.905e-04	1	0
Ab-LTMR.NSG2	Mitochondrial ATP Synthesis Coupled Electron Transport (GO:0042775)	15	354	40	3592	3.805	2.417e-06	4.548e-04	0	0
Ab-LTMR.NSG2	Mitochondrial Electron Transport. NADH to Ubiquinone (GO:0006120)	10	354	19	3592	5.340	3.132e-06	4.548e-04	0	0
Ab-LTMR.NSG2	Macromolecule Biosynthetic Process (GO:0009059)	25	354	96	3592	2.642	3.189e-06	4.548e-04	0	0
Ab-LTMR.NSG2	Aerobic Respiration (GO:0009060)	15	354	41	3592	3.712	3.475e-06	4.548e-04	0	0
Ab-LTMR.NSG2	Cellular Respiration (GO:0045333)	16	354	47	3592	3.454	4.884e-06	5.753e-04	0	0
Ab-LTMR.NSG2	ATP Metabolic Process (GO:0046034)	11	354	29	3592	3.849	4.926e-05	5.275e-03	1	0
Ab-LTMR.NSG2	Protein Metabolic Process (GO:0019538)	41	354	228	3592	1.825	6.752e-05	6.628e-03	1	0
Ab-LTMR.NSG2	Granulocyte Chemotaxis (GO:0071621)	7	354	13	3592	5.464	8.649e-05	7.837e-03	0	0
Ab-LTMR.NSG2	Translation (GO:0006412)	24	354	109	3592	2.234	1.021e-04	8.595e-03	0	0
Ab-LTMR.NSG2	Nicotinamide Nucleotide Metabolic Process (GO:0046496)	8	354	18	3592	4.510	1.484e-04	1.165e-02	0	0
Ab-LTMR.NSG2	Response to Unfolded Protein (GO:0006986)	10	354	28	3592	3.624	1.969e-04	1.449e-02	0	0
Ab-LTMR.NSG2	Protein Neddylation (GO:0045116)	6	354	11	3592	5.535	2.643e-04	1.770e-02	0	0
Ab-LTMR.NSG2	'De Novo' Post-Translational Protein Folding (GO:0051084)	9	354	24	3592	3.805	2.705e-04	1.770e-02	0	0
Ab-LTMR.NSG2	Antimicrobial Humoral Immune Response Mediated by Antimicrobial Peptide (GO:0061844)	5	354	8	3592	6.342	3.940e-04	2.270e-02	0	0
Ab-LTMR.NSG2	Regulation of Cell Communication by Electrical Coupling (GO:0010649)	4	354	5	3592	8.118	4.282e-04	2.270e-02	0	0
Ab-LTMR.NSG2	Synapse Pruning (GO:0098883)	4	354	5	3592	8.118	4.282e-04	2.270e-02	0	0
Ab-LTMR.NSG2	T Cell Activation Involved in Immune Response (GO:0002286)	4	354	5	3592	8.118	4.282e-04	2.270e-02	0	0
Ab-LTMR.NSG2	Chaperone Cofactor-Dependent Protein Refolding (GO:0051085)	7	354	16	3592	4.439	4.433e-04	2.270e-02	0	0
Ab-LTMR.NSG2	Pyruvate Metabolic Process (GO:0006090)	8	354	21	3592	3.865	5.288e-04	2.492e-02	0	0
Ab-LTMR.NSG2	Regulation of Protein Modification by Small Protein Conjugation or Removal (GO:1903320)	8	354	21	3592	3.865	5.288e-04	2.492e-02	0	0
Ab-LTMR.NSG2	Cellular Response to Unfolded Protein (GO:0034620)	10	354	32	3592	3.171	6.749e-04	3.058e-02	0	0
Ab-LTMR.NSG2	Neutrophil Chemotaxis (GO:0030593)	5	354	9	3592	5.637	8.152e-04	3.357e-02	0	0
Ab-LTMR.NSG2	ADP Catabolic Process (GO:0046032)	6	354	13	3592	4.683	8.265e-04	3.357e-02	0	0
Ab-LTMR.NSG2	Glycolytic Process (GO:0006096)	6	354	13	3592	4.683	8.265e-04	3.357e-02	0	0
Ab-LTMR.NSG2	Positive Regulation of T Cell Mediated Immune Response to Tumor Cell (GO:0002842)	3	354	3	3592	10.147	9.499e-04	3.730e-02	0	0
Ab-LTMR.NSG2	Carbohydrate Catabolic Process (GO:0016052)	6	354	14	3592	4.349	1.328e-03	4.887e-02	0	0
Ab-LTMR.NSG2	Pyridine Nucleotide Catabolic Process (GO:0019364)	6	354	14	3592	4.349	1.328e-03	4.887e-02	0	0
Ab-LTMR.NSG2	Chaperone-Mediated Protein Complex Assembly (GO:0051131)	5	354	10	3592	5.073	1.499e-03	5.046e-02	0	0
Ab-LTMR.NSG2	Regulation of Protein Neddylation (GO:2000434)	5	354	10	3592	5.073	1.499e-03	5.046e-02	0	0
Ab-LTMR.NSG2	Superoxide Metabolic Process (GO:0006801)	5	354	10	3592	5.073	1.499e-03	5.046e-02	0	0
Ab-LTMR.NSG2	Regulation of Protein Ubiquitination (GO:0031396)	13	354	54	3592	2.443	1.726e-03	5.646e-02	0	0
Ab-LTMR.NSG2	Regulation of B Cell Proliferation (GO:0030888)	6	354	15	3592	4.059	2.031e-03	6.467e-02	0	0
Ab-LTMR.NSG2	Cellular Response to Heat (GO:0034605)	7	354	20	3592	3.551	2.119e-03	6.570e-02	0	0
Ab-LTMR.NSG2	Neutrophil Migration (GO:1990266)	5	354	11	3592	4.612	2.529e-03	6.676e-02	0	0
Ab-LTMR.NSG2	Positive Regulation of B Cell Proliferation (GO:0030890)	5	354	11	3592	4.612	2.529e-03	6.676e-02	0	0
Ab-LTMR.NSG2	Positive Regulation of Mitophagy (GO:1901526)	5	354	11	3592	4.612	2.529e-03	6.676e-02	0	0
Ab-LTMR.NSG2	Cellular Response to Superoxide (GO:0071451)	4	354	7	3592	5.798	2.550e-03	6.676e-02	0	0
Ab-LTMR.NSG2	Intracellular Lipid Transport (GO:0032365)	4	354	7	3592	5.798	2.550e-03	6.676e-02	0	0
Ab-LTMR.NSG2	Modification-Dependent Macromolecule Catabolic Process (GO:0043632)	4	354	7	3592	5.798	2.550e-03	6.676e-02	0	0
Ab-LTMR.NSG2	Removal of Superoxide Radicals (GO:0019430)	4	354	7	3592	5.798	2.550e-03	6.676e-02	0	0
Ab-LTMR.NSG2	Mitochondrial Transport (GO:0006839)	6	354	16	3592	3.805	2.984e-03	7.641e-02	0	0
Ab-LTMR.NSG2	Regulation of Heart Contraction (GO:0008016)	8	354	27	3592	3.006	3.399e-03	7.976e-02	0	0
Ab-LTMR.NSG2	Calcium-Dependent Activation of Synaptic Vesicle Fusion (GO:0099502)	3	354	4	3592	7.610	3.521e-03	7.976e-02	0	0
Ab-LTMR.NSG2	Cell Junction Disassembly (GO:0150146)	3	354	4	3592	7.610	3.521e-03	7.976e-02	0	0
Ab-LTMR.NSG2	Positive Regulation of Immune Response to Tumor Cell (GO:0002839)	3	354	4	3592	7.610	3.521e-03	7.976e-02	0	0
Ab-LTMR.NSG2	Positive Regulation of Synaptic Vesicle Fusion to Presynaptic Active Zone Membrane (GO:0031632)	3	354	4	3592	7.610	3.521e-03	7.976e-02	0	0
Ab-LTMR.NSG2	Regulation of T Cell Mediated Immune Response to Tumor Cell (GO:0002840)	3	354	4	3592	7.610	3.521e-03	7.976e-02	0	0
Ab-LTMR.NSG2	Negative Regulation of Programmed Cell Death (GO:0043069)	27	354	162	3592	1.691	3.881e-03	8.522e-02	0	0
Ab-LTMR.NSG2	Antimicrobial Humoral Response (GO:0019730)	5	354	12	3592	4.228	3.988e-03	8.522e-02	0	0
Ab-LTMR.NSG2	Regulation of Cardiac Muscle Contraction by Calcium Ion Signaling (GO:0010882)	5	354	12	3592	4.228	3.988e-03	8.522e-02	0	0
Ab-LTMR.NSG2	Positive Regulation of Protein-Containing Complex Assembly (GO:0031334)	11	354	46	3592	2.426	4.078e-03	8.522e-02	0	0
Ab-LTMR.NSG2	Protein Stabilization (GO:0050821)	20	354	109	3592	1.862	4.123e-03	8.522e-02	0	0
Ab-LTMR.NSG2	Regulation of Mitochondrial Membrane Potential (GO:0051881)	6	354	17	3592	3.581	4.235e-03	8.601e-02	0	0
Ab-LTMR.NSG2	Protein Modification by Small Protein Conjugation (GO:0032446)	24	354	140	3592	1.739	4.401e-03	8.787e-02	0	0
Ab-LTMR.NSG2	Positive Regulation of Autophagy of Mitochondrion (GO:1903599)	4	354	8	3592	5.073	4.706e-03	8.942e-02	0	0
Ab-LTMR.NSG2	Regulation of ATP Biosynthetic Process (GO:2001169)	4	354	8	3592	5.073	4.706e-03	8.942e-02	0	0
Ab-LTMR.NSG2	Relaxation of Cardiac Muscle (GO:0055119)	4	354	8	3592	5.073	4.706e-03	8.942e-02	0	0
Ab-LTMR.NSG2	Gene Expression (GO:0010467)	24	354	141	3592	1.727	4.833e-03	9.037e-02	0	0
Ab-LTMR.NSG2	Negative Regulation of Organelle Organization (GO:0010639)	7	354	23	3592	3.088	5.168e-03	9.512e-02	0	0
Ab-LTMR.NSG2	Ribosomal Small Subunit Biogenesis (GO:0042274)	8	354	29	3592	2.799	5.515e-03	9.844e-02	0	0
Ab-LTMR.NSG2	rRNA Processing (GO:0006364)	8	354	29	3592	2.799	5.515e-03	9.844e-02	0	0
Ab-LTMR.NSG2	Synaptic Vesicle Exocytosis (GO:0016079)	6	354	18	3592	3.382	5.834e-03	1.004e-01	0	0
Ab-LTMR.NSG2	ATP Biosynthetic Process (GO:0006754)	5	354	13	3592	3.903	5.965e-03	1.004e-01	0	0
Ab-LTMR.NSG2	Microglial Cell Activation (GO:0001774)	5	354	13	3592	3.903	5.965e-03	1.004e-01	0	0
Ab-LTMR.NSG2	Regulation of Oxidative Stress-Induced Intrinsic Apoptotic Signaling Pathway (GO:1902175)	5	354	13	3592	3.903	5.965e-03	1.004e-01	0	0
Ab-LTMR.NSG2	Modification-Dependent Protein Catabolic Process (GO:0019941)	18	354	98	3592	1.864	6.299e-03	1.045e-01	0	0
Ab-LTMR.NSG2	Positive Regulation of Lymphocyte Proliferation (GO:0050671)	7	354	24	3592	2.960	6.692e-03	1.095e-01	0	0
Ab-LTMR.NSG2	Hydrogen Peroxide Metabolic Process (GO:0042743)	4	354	9	3592	4.510	7.820e-03	1.137e-01	0	0
Ab-LTMR.NSG2	NADH Metabolic Process (GO:0006734)	4	354	9	3592	4.510	7.820e-03	1.137e-01	0	0
Ab-LTMR.NSG2	Positive Regulation of Cation Channel Activity (GO:2001259)	4	354	9	3592	4.510	7.820e-03	1.137e-01	0	0
Ab-LTMR.NSG2	Reg of Cardiac Muscle Contraction by Reg of the Release of Sequestered Calcium Ion (GO:0010881)	4	354	9	3592	4.510	7.820e-03	1.137e-01	0	0
Ab-LTMR.NSG2	Regulation of Cardiac Muscle Contraction (GO:0055117)	4	354	9	3592	4.510	7.820e-03	1.137e-01	0	0
Ab-LTMR.NSG2	Relaxation of Muscle (GO:0090075)	4	354	9	3592	4.510	7.820e-03	1.137e-01	0	0
Ab-LTMR.NSG2	Autophagosome Maturation (GO:0097352)	6	354	19	3592	3.204	7.833e-03	1.137e-01	0	0
Ab-LTMR.NSG2	Positive Regulation of Cellular Component Biogenesis (GO:0044089)	9	354	37	3592	2.468	8.102e-03	1.137e-01	0	0
Ab-LTMR.NSG2	Calcium Import Into the Mitochondrion (GO:0036444)	3	354	5	3592	6.088	8.160e-03	1.137e-01	0	0
Ab-LTMR.NSG2	Intermediate Filament Bundle Assembly (GO:0045110)	3	354	5	3592	6.088	8.160e-03	1.137e-01	0	0
Ab-LTMR.NSG2	Negative Regulation of Interleukin-1 Production (GO:0032692)	3	354	5	3592	6.088	8.160e-03	1.137e-01	0	0
Ab-LTMR.NSG2	Positive Regulation of Alpha-Beta T Cell Activation (GO:0046635)	3	354	5	3592	6.088	8.160e-03	1.137e-01	0	0
Ab-LTMR.NSG2	Regulation of Protein-Containing Complex Assembly (GO:0043254)	12	354	57	3592	2.136	8.206e-03	1.137e-01	0	0
Ab-LTMR.NSG2	Regulation of Cell Communication (GO:0010646)	7	354	25	3592	2.841	8.526e-03	1.156e-01	0	0
Ab-LTMR.NSG2	Regulation of Blood Circulation (GO:1903522)	5	354	14	3592	3.624	8.541e-03	1.156e-01	0	0
Ab-LTMR.NSG2	Negative Regulation of Apoptotic Process (GO:0043066)	30	354	197	3592	1.545	9.182e-03	1.229e-01	0	0
Ab-LTMR.NSG2	Positive Regulation of Cellular Component Organization (GO:0051130)	10	354	45	3592	2.255	1.044e-02	1.382e-01	0	0
Ab-LTMR.NSG2	Regulation of Release of Sequestered Calcium Ion Into Cytosol by Sarcoplasmic Reticulum (GO:0010880)	4	354	10	3592	4.059	1.203e-02	1.558e-01	0	0
Ab-LTMR.NSG2	Tricarboxylic Acid Cycle (GO:0006099)	4	354	10	3592	4.059	1.203e-02	1.558e-01	0	0
Ab-LTMR.NSG2	Negative Regulation of Intrinsic Apoptotic Signaling Pathway (GO:2001243)	8	354	33	3592	2.460	1.258e-02	1.611e-01	0	0
Ab-LTMR.NSG2	Heart Process (GO:0003015)	3	354	6	3592	5.073	1.513e-02	1.801e-01	0	0
Ab-LTMR.NSG2	Mitochondrial Calcium Ion Transmembrane Transport (GO:0006851)	3	354	6	3592	5.073	1.513e-02	1.801e-01	0	0
Ab-LTMR.NSG2	Negative Regulation of Interleukin-6 Production (GO:0032715)	3	354	6	3592	5.073	1.513e-02	1.801e-01	0	0
Ab-LTMR.NSG2	Neuron Remodeling (GO:0016322)	3	354	6	3592	5.073	1.513e-02	1.801e-01	0	0
Ab-LTMR.NSG2	Protein Deneddylation (GO:0000338)	3	354	6	3592	5.073	1.513e-02	1.801e-01	0	0
Ab-LTMR.NSG2	Protein Insertion Into ER Membrane by Stop-Transfer Membrane-Anchor Sequence (GO:0045050)	3	354	6	3592	5.073	1.513e-02	1.801e-01	0	0
Ab-LTMR.NSG2	Very Long-Chain Fatty Acid Metabolic Process (GO:0000038)	3	354	6	3592	5.073	1.513e-02	1.801e-01	0	0
Ab-LTMR.NSG2	Regulation of Apoptotic Process (GO:0042981)	38	354	273	3592	1.412	1.549e-02	1.807e-01	0	0
Ab-LTMR.NSG2	Negative Regulation of Proteasomal Protein Catabolic Process (GO:1901799)	5	354	16	3592	3.171	1.580e-02	1.807e-01	0	0
Ab-LTMR.NSG2	Positive Regulation of Lymphocyte Activation (GO:0051251)	5	354	16	3592	3.171	1.580e-02	1.807e-01	0	0
Ab-LTMR.NSG2	Regulation of T Cell Activation (GO:0050863)	5	354	16	3592	3.171	1.580e-02	1.807e-01	0	0
Ab-LTMR.NSG2	Import Into the Mitochondrion (GO:0170036)	4	354	11	3592	3.690	1.746e-02	1.923e-01	0	0
Ab-LTMR.NSG2	Intermediate Filament Organization (GO:0045109)	4	354	11	3592	3.690	1.746e-02	1.923e-01	0	0
Ab-LTMR.NSG2	Negative Regulation of Lymphocyte Proliferation (GO:0050672)	4	354	11	3592	3.690	1.746e-02	1.923e-01	0	0
Ab-LTMR.NSG2	Negative Regulation of Proteasomal Ubiquitin-Dependent Protein Catabolic Process (GO:0032435)	4	354	11	3592	3.690	1.746e-02	1.923e-01	0	0
Ab-LTMR.NSG2	Proteasomal Protein Catabolic Process (GO:0010498)	24	354	158	3592	1.541	1.942e-02	2.038e-01	0	0
Ab-LTMR.NSG2	Regulation of Interleukin-6 Production (GO:0032675)	7	354	29	3592	2.449	1.964e-02	2.038e-01	0	0
Ab-LTMR.NSG2	Regulation of T Cell Proliferation (GO:0042129)	6	354	23	3592	2.647	2.080e-02	2.038e-01	0	0
Ab-LTMR.NSG2	Positive Regulation of Protein Modification by Small Protein Conjugation or Removal (GO:1903322)	8	354	36	3592	2.255	2.114e-02	2.038e-01	0	0
Ab-LTMR.NSG2	Proteolysis Involved in Protein Catabolic Process (GO:0051603)	8	354	36	3592	2.255	2.114e-02	2.038e-01	0	0
Ab-LTMR.NSG2	ERAD Pathway (GO:0036503)	10	354	50	3592	2.029	2.159e-02	2.038e-01	0	0
Ab-LTMR.NSG2	Ribonucleoprotein Complex Biogenesis (GO:0022613)	9	354	43	3592	2.124	2.168e-02	2.038e-01	0	0
Ab-LTMR.NSG2	Positive Regulation of Cytokine Production (GO:0001819)	17	354	103	3592	1.675	2.196e-02	2.038e-01	0	0
Ab-LTMR.NSG2	Cellular Response to Oxidative Stress (GO:0034599)	12	354	65	3592	1.873	2.279e-02	2.038e-01	0	0
Ab-LTMR.NSG2	Calcium Ion Homeostasis (GO:0055074)	7	354	30	3592	2.368	2.352e-02	2.038e-01	0	0
Ab-LTMR.NSG2	Phagocytosis (GO:0006909)	7	354	30	3592	2.368	2.352e-02	2.038e-01	0	0
Ab-LTMR.NSG2	COPII-coated Vesicle Budding (GO:0090114)	4	354	12	3592	3.382	2.420e-02	2.038e-01	0	0
Ab-LTMR.NSG2	Negative Regulation of Type II Interferon Production (GO:0032689)	4	354	12	3592	3.382	2.420e-02	2.038e-01	0	0
Ab-LTMR.NSG2	Sterol Transport (GO:0015918)	4	354	12	3592	3.382	2.420e-02	2.038e-01	0	0
Ab-LTMR.NSG2	Tail-Anchored Membrane Protein Insertion Into ER Membrane (GO:0071816)	4	354	12	3592	3.382	2.420e-02	2.038e-01	0	0
Ab-LTMR.NSG2	- Reg of Mt Outer Membrane Permeabilization Inv in Apoptotic Sgnlng Pway (GO:1901029)	3	354	7	3592	4.349	2.457e-02	2.038e-01	0	0
Ab-LTMR.NSG2	Cellular Response to Interferon-Beta (GO:0035458)	3	354	7	3592	4.349	2.457e-02	2.038e-01	0	0
Ab-LTMR.NSG2	Negative Regulation of Mitochondrial Membrane Permeability (GO:0035795)	3	354	7	3592	4.349	2.457e-02	2.038e-01	0	0
Ab-LTMR.NSG2	Regulation of Dopamine Secretion (GO:0014059)	3	354	7	3592	4.349	2.457e-02	2.038e-01	0	0
Ab-LTMR.NSG2	Regulation of Immune Effector Process (GO:0002697)	3	354	7	3592	4.349	2.457e-02	2.038e-01	0	0
Ab-LTMR.NSG2	Regulation of Inclusion Body Assembly (GO:0090083)	3	354	7	3592	4.349	2.457e-02	2.038e-01	0	0
Ab-LTMR.NSG2	Positive Regulation of Protein Ubiquitination (GO:0031398)	8	354	37	3592	2.194	2.473e-02	2.038e-01	0	0
Ab-LTMR.NSG2	Regulation of Tumor Necrosis Factor Production (GO:0032680)	9	354	44	3592	2.076	2.497e-02	2.038e-01	0	0
Ab-LTMR.NSG2	Endoplasmic Reticulum Unfolded Protein Response (GO:0030968)	6	354	24	3592	2.537	2.550e-02	2.038e-01	0	0
Ab-LTMR.NSG2	Negative Regulation of Protein Ubiquitination (GO:0031397)	6	354	24	3592	2.537	2.550e-02	2.038e-01	0	0
Ab-LTMR.NSG2	Positive Regulation of Immune Response (GO:0050778)	6	354	24	3592	2.537	2.550e-02	2.038e-01	0	0
Ab-LTMR.NSG2	Substantia Nigra Development (GO:0021762)	6	354	24	3592	2.537	2.550e-02	2.038e-01	0	0
Ab-LTMR.NSG2	Positive Regulation of Leukocyte Cell-Cell Adhesion (GO:1903039)	5	354	18	3592	2.819	2.631e-02	2.038e-01	0	0
Ab-LTMR.NSG2	+ Reg of CD4-+. CD25-+. Alpha-Beta Regulatory T Cell Differentiation (GO:0032831)	2	354	3	3592	6.765	2.716e-02	2.038e-01	0	0
Ab-LTMR.NSG2	ADP Transport (GO:0015866)	2	354	3	3592	6.765	2.716e-02	2.038e-01	0	0
Ab-LTMR.NSG2	Cellular Response to Muramyl Dipeptide (GO:0071225)	2	354	3	3592	6.765	2.716e-02	2.038e-01	0	0
Ab-LTMR.NSG2	Establishment of Mitochondrion Localization. Microtubule-Mediated (GO:0034643)	2	354	3	3592	6.765	2.716e-02	2.038e-01	0	0
Ab-LTMR.NSG2	Humoral Immune Response Mediated by Circulating Immunoglobulin (GO:0002455)	2	354	3	3592	6.765	2.716e-02	2.038e-01	0	0
Ab-LTMR.NSG2	Immunoglobulin Mediated Immune Response (GO:0016064)	2	354	3	3592	6.765	2.716e-02	2.038e-01	0	0
Ab-LTMR.NSG2	Malate Metabolic Process (GO:0006108)	2	354	3	3592	6.765	2.716e-02	2.038e-01	0	0
Ab-LTMR.NSG2	Malate-Aspartate Shuttle (GO:0043490)	2	354	3	3592	6.765	2.716e-02	2.038e-01	0	0
Ab-LTMR.NSG2	Negative Regulation of Cartilage Development (GO:0061037)	2	354	3	3592	6.765	2.716e-02	2.038e-01	0	0
Ab-LTMR.NSG2	Negative Regulation of Chondrocyte Differentiation (GO:0032331)	2	354	3	3592	6.765	2.716e-02	2.038e-01	0	0
Ab-LTMR.NSG2	Negative Regulation of JUN Kinase Activity (GO:0043508)	2	354	3	3592	6.765	2.716e-02	2.038e-01	0	0
Ab-LTMR.NSG2	Negative Regulation of Systemic Arterial Blood Pressure (GO:0003085)	2	354	3	3592	6.765	2.716e-02	2.038e-01	0	0
Ab-LTMR.NSG2	Negative Regulation of Transforming Growth Factor Beta Production (GO:0071635)	2	354	3	3592	6.765	2.716e-02	2.038e-01	0	0
Ab-LTMR.NSG2	Neuronal Action Potential (GO:0019228)	2	354	3	3592	6.765	2.716e-02	2.038e-01	0	0
Ab-LTMR.NSG2	Positive Regulation of CD4-positive. Alpha-Beta T Cell Differentiation (GO:0043372)	2	354	3	3592	6.765	2.716e-02	2.038e-01	0	0
Ab-LTMR.NSG2	Positive Regulation of Monocyte Differentiation (GO:0045657)	2	354	3	3592	6.765	2.716e-02	2.038e-01	0	0
Ab-LTMR.NSG2	Positive Regulation of Smooth Muscle Cell Apoptotic Process (GO:0034393)	2	354	3	3592	6.765	2.716e-02	2.038e-01	0	0
Ab-LTMR.NSG2	Regulation of T Cell Differentiation in Thymus (GO:0033081)	2	354	3	3592	6.765	2.716e-02	2.038e-01	0	0
Ab-LTMR.NSG2	Regulation of Transforming Growth Factor Beta1 Production (GO:0032908)	2	354	3	3592	6.765	2.716e-02	2.038e-01	0	0
Ab-LTMR.NSG2	Regulation of acetyl-CoA Biosynthetic Process From Pyruvate (GO:0010510)	2	354	3	3592	6.765	2.716e-02	2.038e-01	0	0
Ab-LTMR.NSG2	Response to Muramyl Dipeptide (GO:0032495)	2	354	3	3592	6.765	2.716e-02	2.038e-01	0	0
Ab-LTMR.NSG2	Ubiquitin-Dependent Protein Catabolic Process via the C-end Degron Rule Pathway (GO:0140627)	2	354	3	3592	6.765	2.716e-02	2.038e-01	0	0
Ab-LTMR.NSG2	Regulation of Cellular Localization (GO:0060341)	7	354	31	3592	2.291	2.790e-02	2.067e-01	0	0
Ab-LTMR.NSG2	rRNA Metabolic Process (GO:0016072)	7	354	31	3592	2.291	2.790e-02	2.067e-01	0	0
Ab-LTMR.NSG2	Endoplasmic Reticulum Organization (GO:0007029)	6	354	25	3592	2.435	3.086e-02	2.254e-01	0	0
Ab-LTMR.NSG2	Mitochondrial Respiratory Chain Complex Assembly (GO:0033108)	6	354	25	3592	2.435	3.086e-02	2.254e-01	0	0
Ab-LTMR.NSG2	Gluconeogenesis (GO:0006094)	4	354	13	3592	3.122	3.231e-02	2.254e-01	0	0
Ab-LTMR.NSG2	Heart Contraction (GO:0060047)	4	354	13	3592	3.122	3.231e-02	2.254e-01	0	0
Ab-LTMR.NSG2	Long-Term Synaptic Potentiation (GO:0060291)	4	354	13	3592	3.122	3.231e-02	2.254e-01	0	0
Ab-LTMR.NSG2	Mitochondrial Membrane Organization (GO:0007006)	4	354	13	3592	3.122	3.231e-02	2.254e-01	0	0
Ab-LTMR.NSG2	Positive Regulation of ATP Metabolic Process (GO:1903580)	4	354	13	3592	3.122	3.231e-02	2.254e-01	0	0
Ab-LTMR.NSG2	Ribosome Assembly (GO:0042255)	4	354	13	3592	3.122	3.231e-02	2.254e-01	0	0
Ab-LTMR.NSG2	SCF-dependent Proteasomal Ubiquitin-Dependent Protein Catabolic Process (GO:0031146)	4	354	13	3592	3.122	3.231e-02	2.254e-01	0	0
Ab-LTMR.NSG2	Monoatomic Cation Homeostasis (GO:0055080)	7	354	32	3592	2.220	3.279e-02	2.254e-01	0	0
Ab-LTMR.NSG2	Positive Regulation of T Cell Activation (GO:0050870)	7	354	32	3592	2.220	3.279e-02	2.254e-01	0	0
Ab-LTMR.NSG2	Positive Regulation of B Cell Activation (GO:0050871)	5	354	19	3592	2.670	3.290e-02	2.254e-01	0	0
Ab-LTMR.NSG2	Protein Targeting to Mitochondrion (GO:0006626)	5	354	19	3592	2.670	3.290e-02	2.254e-01	0	0
Ab-LTMR.NSG2	Negative Regulation of Cellular Component Organization (GO:0051129)	8	354	39	3592	2.081	3.316e-02	2.258e-01	0	0
Ab-LTMR.NSG2	Cellular Response to Chemical Stress (GO:0062197)	10	354	54	3592	1.879	3.536e-02	2.336e-01	0	0
Ab-LTMR.NSG2	Central Nervous System Development (GO:0007417)	15	354	93	3592	1.637	3.647e-02	2.336e-01	0	0
Ab-LTMR.NSG2	Activation of Protein Kinase B Activity (GO:0032148)	3	354	8	3592	3.805	3.649e-02	2.336e-01	0	0
Ab-LTMR.NSG2	Adenine Nucleotide Transport (GO:0051503)	3	354	8	3592	3.805	3.649e-02	2.336e-01	0	0
Ab-LTMR.NSG2	Establishment of Protein Localization to Mitochondrial Membrane (GO:0090151)	3	354	8	3592	3.805	3.649e-02	2.336e-01	0	0
Ab-LTMR.NSG2	Heme Metabolic Process (GO:0042168)	3	354	8	3592	3.805	3.649e-02	2.336e-01	0	0
Ab-LTMR.NSG2	Negative Regulation of Inclusion Body Assembly (GO:0090084)	3	354	8	3592	3.805	3.649e-02	2.336e-01	0	0
Ab-LTMR.NSG2	Neuron Maturation (GO:0042551)	3	354	8	3592	3.805	3.649e-02	2.336e-01	0	0
Ab-LTMR.NSG2	Regulation of Intrinsic Apoptotic Signaling Pathway in Response to DNA Damage (GO:1902229)	3	354	8	3592	3.805	3.649e-02	2.336e-01	0	0
Ab-LTMR.NSG2	Regulation of Mitochondrial Membrane Permeability (GO:0046902)	3	354	8	3592	3.805	3.649e-02	2.336e-01	0	0
Ab-LTMR.NSG2	Vasodilation (GO:0042311)	3	354	8	3592	3.805	3.649e-02	2.336e-01	0	0
Ab-LTMR.NSG2	Protein Ubiquitination (GO:0016567)	23	354	160	3592	1.459	3.890e-02	2.477e-01	0	0
Ab-LTMR.NSG2	Negative Regulation of Cytokine Production (GO:0001818)	11	354	63	3592	1.772	4.135e-02	2.495e-01	0	0
Ab-LTMR.NSG2	Carbohydrate Metabolic Process (GO:0005975)	4	354	14	3592	2.899	4.181e-02	2.495e-01	0	0
Ab-LTMR.NSG2	Macrophage Activation (GO:0042116)	4	354	14	3592	2.899	4.181e-02	2.495e-01	0	0
Ab-LTMR.NSG2	Mitochondrial Respiratory Chain Complex I Assembly (GO:0032981)	4	354	14	3592	2.899	4.181e-02	2.495e-01	0	0
Ab-LTMR.NSG2	NADH Dehydrogenase Complex Assembly (GO:0010257)	4	354	14	3592	2.899	4.181e-02	2.495e-01	0	0
Ab-LTMR.NSG2	Negative Regulation of Intrinsic Apoptotic Signaling Pathway in Response to DNA Damage (GO:1902230)	4	354	14	3592	2.899	4.181e-02	2.495e-01	0	0
Ab-LTMR.NSG2	Positive Regulation of T Cell Mediated Immunity (GO:0002711)	4	354	14	3592	2.899	4.181e-02	2.495e-01	0	0
Ab-LTMR.NSG2	Post-Translational Protein Modification (GO:0043687)	4	354	14	3592	2.899	4.181e-02	2.495e-01	0	0
Ab-LTMR.NSG2	Regulation of Cardiac Muscle Hypertrophy (GO:0010611)	4	354	14	3592	2.899	4.181e-02	2.495e-01	0	0
Ab-LTMR.NSG2	Regulation of Interleukin-10 Production (GO:0032653)	4	354	14	3592	2.899	4.181e-02	2.495e-01	0	0
Ab-LTMR.NSG2	Negative Regulation of Protein Modification by Small Protein Conjugation or Removal (GO:1903321)	6	354	27	3592	2.255	4.366e-02	2.495e-01	0	0
Ab-LTMR.NSG2	Ubiquitin-Dependent Protein Catabolic Process (GO:0006511)	25	354	181	3592	1.402	4.884e-02	2.495e-01	0	0
Ab-LTMR.NSG2	Erythrocyte Differentiation (GO:0030218)	5	354	21	3592	2.416	4.895e-02	2.495e-01	0	0
Ab-LTMR.NSG2	Glucose Metabolic Process (GO:0006006)	5	354	21	3592	2.416	4.895e-02	2.495e-01	0	0
Ab-LTMR.NSG2	Synaptic Vesicle Recycling (GO:0036465)	5	354	21	3592	2.416	4.895e-02	2.495e-01	0	0
Ab-LTMR.NSG2	Intracellular Calcium Ion Homeostasis (GO:0006874)	8	354	42	3592	1.933	4.917e-02	2.495e-01	0	0
Ab-LTMR.NSG2	ATP Synthesis Coupled Electron Transport (GO:0042773)	2	354	4	3592	5.073	5.081e-02	2.495e-01	0	0
Ab-LTMR.NSG2	ATP Transport (GO:0015867)	2	354	4	3592	5.073	5.081e-02	2.495e-01	0	0
Ab-LTMR.NSG2	Cellular Response to Cholesterol (GO:0071397)	2	354	4	3592	5.073	5.081e-02	2.495e-01	0	0
Ab-LTMR.NSG2	Cellular Response to Sterol (GO:0036315)	2	354	4	3592	5.073	5.081e-02	2.495e-01	0	0
Ab-LTMR.NSG2	Fatty Acid Transmembrane Transport (GO:1902001)	2	354	4	3592	5.073	5.081e-02	2.495e-01	0	0
Ab-LTMR.NSG2	Glucose 6-Phosphate Metabolic Process (GO:0051156)	2	354	4	3592	5.073	5.081e-02	2.495e-01	0	0
Ab-LTMR.NSG2	Glycerophospholipid Catabolic Process (GO:0046475)	2	354	4	3592	5.073	5.081e-02	2.495e-01	0	0
Ab-LTMR.NSG2	Intracellular Sterol Transport (GO:0032366)	2	354	4	3592	5.073	5.081e-02	2.495e-01	0	0
Ab-LTMR.NSG2	MHC Class II Protein Complex Assembly (GO:0002399)	2	354	4	3592	5.073	5.081e-02	2.495e-01	0	0
Ab-LTMR.NSG2	Mitochondrion-Endoplasmic Reticulum Membrane Tethering (GO:1990456)	2	354	4	3592	5.073	5.081e-02	2.495e-01	0	0
Ab-LTMR.NSG2	Myeloid Cell Activation Involved in Immune Response (GO:0002275)	2	354	4	3592	5.073	5.081e-02	2.495e-01	0	0
Ab-LTMR.NSG2	Negative Regulation by Host of Viral Genome Replication (GO:0044828)	2	354	4	3592	5.073	5.081e-02	2.495e-01	0	0
Ab-LTMR.NSG2	Negative Regulation of Interleukin-1 Beta Production (GO:0032691)	2	354	4	3592	5.073	5.081e-02	2.495e-01	0	0
Ab-LTMR.NSG2	Peptide Antigen Assembly With MHC Class II Protein Complex (GO:0002503)	2	354	4	3592	5.073	5.081e-02	2.495e-01	0	0
Ab-LTMR.NSG2	Peptide Hormone Secretion (GO:0030072)	2	354	4	3592	5.073	5.081e-02	2.495e-01	0	0
Ab-LTMR.NSG2	Positive Regulation of ATP Biosynthetic Process (GO:2001171)	2	354	4	3592	5.073	5.081e-02	2.495e-01	0	0
Ab-LTMR.NSG2	Positive Regulation of Acute Inflammatory Response (GO:0002675)	2	354	4	3592	5.073	5.081e-02	2.495e-01	0	0
Ab-LTMR.NSG2	Positive Regulation of Focal Adhesion Disassembly (GO:0120183)	2	354	4	3592	5.073	5.081e-02	2.495e-01	0	0
Ab-LTMR.NSG2	Positive Regulation of Purine Nucleotide Biosynthetic Process (GO:1900373)	2	354	4	3592	5.073	5.081e-02	2.495e-01	0	0
Ab-LTMR.NSG2	Positive Regulation of Syncytium Formation by Plasma Membrane Fusion (GO:0060143)	2	354	4	3592	5.073	5.081e-02	2.495e-01	0	0
Ab-LTMR.NSG2	Protein Repair (GO:0030091)	2	354	4	3592	5.073	5.081e-02	2.495e-01	0	0
Ab-LTMR.NSG2	Regulation of CD8-positive. Alpha-Beta T Cell Proliferation (GO:2000564)	2	354	4	3592	5.073	5.081e-02	2.495e-01	0	0
Ab-LTMR.NSG2	Regulation of Circadian Sleep/Wake Cycle. Sleep (GO:0045187)	2	354	4	3592	5.073	5.081e-02	2.495e-01	0	0
Ab-LTMR.NSG2	Regulation of Dopamine Metabolic Process (GO:0042053)	2	354	4	3592	5.073	5.081e-02	2.495e-01	0	0
Ab-LTMR.NSG2	Regulation of Endoplasmic Reticulum Unfolded Protein Response (GO:1900101)	2	354	4	3592	5.073	5.081e-02	2.495e-01	0	0
Ab-LTMR.NSG2	Regulation of Focal Adhesion Disassembly (GO:0120182)	2	354	4	3592	5.073	5.081e-02	2.495e-01	0	0
Ab-LTMR.NSG2	Regulation of Keratinocyte Migration (GO:0051547)	2	354	4	3592	5.073	5.081e-02	2.495e-01	0	0
Ab-LTMR.NSG2	Regulation of Leukocyte Activation (GO:0002694)	2	354	4	3592	5.073	5.081e-02	2.495e-01	0	0
Ab-LTMR.NSG2	Vitamin Transport (GO:0051180)	2	354	4	3592	5.073	5.081e-02	2.495e-01	0	0
Ab-LTMR.NSG2	Positive Regulation of Intracellular Protein Transport (GO:0090316)	7	354	35	3592	2.029	5.082e-02	2.495e-01	0	0
Ab-LTMR.NSG2	Mitochondrion Transport Along Microtubule (GO:0047497)	3	354	9	3592	3.382	5.083e-02	2.495e-01	0	0
Ab-LTMR.NSG2	Organic Hydroxy Compound Transport (GO:0015850)	3	354	9	3592	3.382	5.083e-02	2.495e-01	0	0
Ab-LTMR.NSG2	Positive Regulation of Immune Effector Process (GO:0002699)	3	354	9	3592	3.382	5.083e-02	2.495e-01	0	0
Ab-LTMR.NSG2	Positive Regulation of Vascular Endothelial Growth Factor Production (GO:0010575)	3	354	9	3592	3.382	5.083e-02	2.495e-01	0	0
Ab-LTMR.NSG2	Regulation of Microtubule Nucleation (GO:0010968)	3	354	9	3592	3.382	5.083e-02	2.495e-01	0	0
Ab-LTMR.NSG2	Regulation of Plasminogen Activation (GO:0010755)	3	354	9	3592	3.382	5.083e-02	2.495e-01	0	0
Ab-LTMR.NSG2	Regulation of Protein Export From Nucleus (GO:0046825)	3	354	9	3592	3.382	5.083e-02	2.495e-01	0	0
Ab-LTMR.NSG2	Response to Misfolded Protein (GO:0051788)	3	354	9	3592	3.382	5.083e-02	2.495e-01	0	0
Ab-LTMR.NSG2	Regulation of Type II Interferon Production (GO:0032649)	6	354	28	3592	2.174	5.114e-02	2.495e-01	0	0
Ab-LTMR.NSG2	Ribosome Biogenesis (GO:0042254)	9	354	50	3592	1.826	5.237e-02	2.495e-01	0	0
Ab-LTMR.NSG2	Apoptotic Mitochondrial Changes (GO:0008637)	4	354	15	3592	2.706	5.273e-02	2.495e-01	0	0
Ab-LTMR.NSG2	Fc-epsilon Receptor Signaling Pathway (GO:0038095)	4	354	15	3592	2.706	5.273e-02	2.495e-01	0	0
Ab-LTMR.NSG2	Hexose Biosynthetic Process (GO:0019319)	4	354	15	3592	2.706	5.273e-02	2.495e-01	0	0
Ab-LTMR.NSG2	Monocarboxylic Acid Biosynthetic Process (GO:0072330)	4	354	15	3592	2.706	5.273e-02	2.495e-01	0	0
Ab-LTMR.NSG2	Negative Regulation of T Cell Activation (GO:0050868)	4	354	15	3592	2.706	5.273e-02	2.495e-01	0	0
Ab-LTMR.NSG2	Positive Regulation of Microtubule Polymerization (GO:0031116)	4	354	15	3592	2.706	5.273e-02	2.495e-01	0	0
Ab-LTMR.NSG2	Positive Regulation of T Cell Proliferation (GO:0042102)	4	354	15	3592	2.706	5.273e-02	2.495e-01	0	0
Ab-LTMR.NSG2	Protein Insertion Into ER Membrane (GO:0045048)	4	354	15	3592	2.706	5.273e-02	2.495e-01	0	0
C-LTMR.CDH9	Cell-Cell Adhesion via Plasma-Membrane Adhesion Molecules (GO:0098742)	12	333	38	3592	3.406	9.717e-05	6.031e-02	1	1
C-LTMR.CDH9	Synaptic Transmission. GABAergic (GO:0051932)	5	333	7	3592	7.705	1.194e-04	6.031e-02	1	1
C-LTMR.CDH9	Positive Regulation of Cell Cycle Process (GO:0090068)	8	333	23	3592	3.752	7.082e-04	1.707e-01	1	1
C-LTMR.CDH9	Regulation of Heart Rate by Cardiac Conduction (GO:0086091)	8	333	23	3592	3.752	7.082e-04	1.707e-01	1	1
C-LTMR.CDH9	Synaptic Membrane Adhesion (GO:0099560)	4	333	6	3592	7.191	9.361e-04	1.707e-01	1	1
C-LTMR.CDH9	Axonogenesis (GO:0007409)	18	333	89	3592	2.182	1.052e-03	1.707e-01	0	1
C-LTMR.CDH9	Neuron Differentiation (GO:0030182)	12	333	49	3592	2.642	1.296e-03	1.707e-01	0	1
C-LTMR.CDH9	Synapse Organization (GO:0050808)	14	333	63	3592	2.397	1.461e-03	1.707e-01	0	1
C-LTMR.CDH9	Membrane Depolarization During Cardiac Muscle Cell Action Potential (GO:0086012)	5	333	11	3592	4.903	1.918e-03	1.707e-01	0	1
C-LTMR.CDH9	Positive Regulation of Cytokinesis (GO:0032467)	4	333	7	3592	6.164	2.025e-03	1.707e-01	0	1
C-LTMR.CDH9	Ruffle Organization (GO:0031529)	4	333	7	3592	6.164	2.025e-03	1.707e-01	0	1
C-LTMR.CDH9	Cardiac Conduction (GO:0061337)	8	333	27	3592	3.196	2.304e-03	1.707e-01	0	1
C-LTMR.CDH9	Sodium Ion Transmembrane Transport (GO:0035725)	8	333	27	3592	3.196	2.304e-03	1.707e-01	0	1
C-LTMR.CDH9	Synapse Assembly (GO:0007416)	9	333	34	3592	2.855	2.936e-03	1.707e-01	0	1
C-LTMR.CDH9	Intestinal Cholesterol Absorption (GO:0030299)	3	333	4	3592	8.090	2.943e-03	1.707e-01	0	1
C-LTMR.CDH9	Intestinal Lipid Absorption (GO:0098856)	3	333	4	3592	8.090	2.943e-03	1.707e-01	0	1
C-LTMR.CDH9	Response to Histamine (GO:0034776)	3	333	4	3592	8.090	2.943e-03	1.707e-01	0	1
C-LTMR.CDH9	Regulation of Membrane Depolarization (GO:0003254)	5	333	12	3592	4.494	3.041e-03	1.707e-01	0	1
C-LTMR.CDH9	Positive Chemotaxis (GO:0050918)	4	333	8	3592	5.393	3.756e-03	1.897e-01	0	1
C-LTMR.CDH9	Positive Regulation of Cell Division (GO:0051781)	4	333	8	3592	5.393	3.756e-03	1.897e-01	0	1
C-LTMR.CDH9	Glycosphingolipid Metabolic Process (GO:0006687)	5	333	13	3592	4.149	4.571e-03	2.193e-01	0	1
C-LTMR.CDH9	Generation of Neurons (GO:0048699)	12	333	57	3592	2.271	5.041e-03	2.193e-01	0	1
C-LTMR.CDH9	Cellular Response to Reactive Oxygen Species (GO:0034614)	9	333	37	3592	2.624	5.429e-03	2.193e-01	0	1
C-LTMR.CDH9	Gamma-Aminobutyric Acid Signaling Pathway (GO:0007214)	4	333	9	3592	4.794	6.271e-03	2.193e-01	0	1
C-LTMR.CDH9	Membrane Depolarization During Action Potential (GO:0086010)	4	333	9	3592	4.794	6.271e-03	2.193e-01	0	1
C-LTMR.CDH9	Neural Tube Closure (GO:0001843)	4	333	9	3592	4.794	6.271e-03	2.193e-01	0	1
C-LTMR.CDH9	Primary Neural Tube Formation (GO:0014020)	4	333	9	3592	4.794	6.271e-03	2.193e-01	0	1
C-LTMR.CDH9	Tube Closure (GO:0060606)	4	333	9	3592	4.794	6.271e-03	2.193e-01	0	1
C-LTMR.CDH9	Actin Filament Bundle Assembly (GO:0051017)	5	333	14	3592	3.852	6.579e-03	2.193e-01	0	1
C-LTMR.CDH9	Actin Filament Bundle Organization (GO:0061572)	5	333	14	3592	3.852	6.579e-03	2.193e-01	0	1
C-LTMR.CDH9	Positive Regulation of Transcription Regulatory Region DNA Binding (GO:2000679)	3	333	5	3592	6.472	6.853e-03	2.193e-01	0	1
C-LTMR.CDH9	Positive Regulation of Cell Migration (GO:0030335)	20	333	121	3592	1.783	6.948e-03	2.193e-01	0	1
C-LTMR.CDH9	Regulation of Cell Motility (GO:2000145)	9	333	39	3592	2.489	7.837e-03	2.399e-01	0	1
C-NP.MRGPRX1_GFRA2	Regulation of Adenylate Cyclase Activity (GO:0045761)	6	336	8	3592	8.018	1.528e-05	1.379e-02	1	0
C-NP.MRGPRX1_GFRA2	Negative Regulation of Adenylate Cyclase Activity (GO:0007194)	5	336	6	3592	8.909	3.860e-05	1.379e-02	0	0
C-NP.MRGPRX1_GFRA2	Negative Regulation of Lyase Activity (GO:0051350)	5	336	6	3592	8.909	3.860e-05	1.379e-02	0	0
C-NP.MRGPRX1_GFRA2	Positive Regulation by Host of Viral Transcription (GO:0043923)	4	336	5	3592	8.552	3.488e-04	7.912e-02	0	0
C-NP.MRGPRX1_GFRA2	Regulation of Cell Migration (GO:0030334)	28	336	159	3592	1.883	6.180e-04	7.912e-02	0	0
C-NP.MRGPRX1_GFRA2	Gamma-Aminobutyric Acid Signaling Pathway (GO:0007214)	5	336	9	3592	5.939	6.384e-04	7.912e-02	0	0
C-NP.MRGPRX1_GFRA2	Calcium Ion Transmembrane Import Into Cytosol (GO:0097553)	9	336	28	3592	3.436	6.813e-04	7.912e-02	0	0
C-NP.MRGPRX1_GFRA2	Icosanoid Secretion (GO:0032309)	3	336	3	3592	10.690	8.119e-04	7.912e-02	0	0
C-NP.MRGPRX1_GFRA2	Lipid Oxidation (GO:0034440)	3	336	3	3592	10.690	8.119e-04	7.912e-02	0	0
C-NP.MRGPRX1_GFRA2	Regulation of Sensory Perception (GO:0051931)	3	336	3	3592	10.690	8.119e-04	7.912e-02	0	0
C-NP.MRGPRX1_GFRA2	Regulation of Sensory Perception of Pain (GO:0051930)	3	336	3	3592	10.690	8.119e-04	7.912e-02	0	0
C-NP.MRGPRX1_GFRA2	Establishment of Epithelial Cell Apical/Basal Polarity (GO:0045198)	4	336	6	3592	7.127	9.691e-04	8.657e-02	0	0
C-NP.MRGPRX1_GFRA2	Regulation of Wound Healing (GO:0061041)	7	336	19	3592	3.939	1.100e-03	9.070e-02	0	0
C-NP.MRGPRX1_GFRA2	Regulation of Metaphase/Anaphase Transition of Cell Cycle (GO:1902099)	6	336	15	3592	4.276	1.544e-03	1.114e-01	0	0
C-NP.MRGPRX1_GFRA2	Regulation of Mitotic Metaphase/Anaphase Transition (GO:0030071)	7	336	20	3592	3.742	1.558e-03	1.114e-01	0	0
C-NP.MRGPRX1_GFRA2	Regulation of G Protein-Coupled Receptor Signaling Pathway (GO:0008277)	9	336	32	3592	3.007	1.975e-03	1.260e-01	0	0
C-NP.MRGPRX1_GFRA2	Regulation of Cell Size (GO:0008361)	5	336	11	3592	4.859	1.998e-03	1.260e-01	0	0
C-NP.MRGPRX1_GFRA2	Actin Filament Organization (GO:0007015)	11	336	45	3592	2.613	2.240e-03	1.286e-01	0	0
C-NP.MRGPRX1_GFRA2	Positive Regulation of Stem Cell Population Maintenance (GO:1902459)	6	336	16	3592	4.009	2.279e-03	1.286e-01	0	0
C-NP.MRGPRX1_GFRA2	Metal Ion Transport (GO:0030001)	12	336	52	3592	2.467	2.425e-03	1.300e-01	0	0
C-NP.MRGPRX1_GFRA2	Granulocyte Activation (GO:0036230)	3	336	4	3592	8.018	3.021e-03	1.472e-01	0	0
C-NP.MRGPRX1_GFRA2	Protein Targeting to Vacuole Involved in Autophagy (GO:0071211)	3	336	4	3592	8.018	3.021e-03	1.472e-01	0	0
C-NP.MRGPRX1_GFRA2	Regulation of Signal Transduction (GO:0009966)	15	336	76	3592	2.110	3.796e-03	1.601e-01	0	0
C-NP.MRGPRX1_GFRA2	Establishment of Apical/Basal Cell Polarity (GO:0035089)	4	336	8	3592	5.345	3.882e-03	1.601e-01	0	0
C-NP.MRGPRX1_GFRA2	Establishment of Epithelial Cell Polarity (GO:0090162)	4	336	8	3592	5.345	3.882e-03	1.601e-01	0	0
C-NP.MRGPRX1_GFRA2	Polarized Epithelial Cell Differentiation (GO:0030859)	4	336	8	3592	5.345	3.882e-03	1.601e-01	0	0
C-NP.MRGPRX1_GFRA2	Gland Development (GO:0048732)	6	336	18	3592	3.563	4.496e-03	1.699e-01	0	0
C-NP.MRGPRX1_GFRA2	Calcium Ion Transport (GO:0006816)	11	336	49	3592	2.400	4.576e-03	1.699e-01	0	0
C-NP.MRGPRX1_GFRA2	Regulation of G0 to G1 Transition (GO:0070316)	5	336	13	3592	4.112	4.754e-03	1.699e-01	0	0
C-NP.MRGPRX1_GFRA2	Regulation of Nucleotide-Excision Repair (GO:2000819)	5	336	13	3592	4.112	4.754e-03	1.699e-01	0	0
C-NP.MRGPRX1_GFRA2	Positive Regulation of Cell Motility (GO:2000147)	16	336	86	3592	1.989	5.226e-03	1.807e-01	0	0
C-NP.MRGPRX1_GFRA2	Organic Anion Transport (GO:0015711)	6	336	19	3592	3.376	6.064e-03	1.827e-01	0	0
C-NP.MRGPRX1_GFRA2	Regulation of Mitotic Cell Cycle Phase Transition (GO:1901990)	8	336	31	3592	2.759	6.223e-03	1.827e-01	0	0
C-NP.MRGPRX1_GFRA2	Adenylate Cyclase-Inhibiting G Protein-Coupled Receptor Signaling Pathway (GO:0007193)	7	336	25	3592	2.993	6.413e-03	1.827e-01	0	0
C-NP.MRGPRX1_GFRA2	Regulation of Cell Communication (GO:0010646)	7	336	25	3592	2.993	6.413e-03	1.827e-01	0	0
C-NP.MRGPRX1_GFRA2	Calcium Ion Import Across Plasma Membrane (GO:0098703)	4	336	9	3592	4.751	6.478e-03	1.827e-01	0	0
C-NP.MRGPRX1_GFRA2	Calcium Ion Import Into Cytosol (GO:1902656)	4	336	9	3592	4.751	6.478e-03	1.827e-01	0	0
C-NP.MRGPRX1_GFRA2	Endothelial Cell Development (GO:0001885)	4	336	9	3592	4.751	6.478e-03	1.827e-01	0	0
C-NP.MRGPRX1_GFRA2	Regulation of Inflammatory Response (GO:0050727)	13	336	66	3592	2.106	6.985e-03	1.838e-01	0	0
C-NP.MRGPRX1_GFRA2	Dendritic Spine Maintenance (GO:0097062)	3	336	5	3592	6.414	7.031e-03	1.838e-01	0	0
C-NP.MRGPRX1_GFRA2	G Protein-Coupled Serotonin Receptor Signaling Pathway (GO:0098664)	3	336	5	3592	6.414	7.031e-03	1.838e-01	0	0
C-NP.MRGPRX1_GFRA2	Regulation of Stem Cell Population Maintenance (GO:2000036)	6	336	20	3592	3.207	7.995e-03	1.971e-01	0	0
C-NP.MRGPRX1_GFRA2	Positive Regulation of Hydrolase Activity (GO:0051345)	7	336	26	3592	2.878	8.089e-03	1.971e-01	0	0
C-NP.MRGPRX1_GFRA2	Regulation of Interleukin-8 Production (GO:0032677)	7	336	26	3592	2.878	8.089e-03	1.971e-01	0	0
C-NP.MRGPRX1_GFRA2	Heterochromatin Formation (GO:0031507)	5	336	15	3592	3.563	9.483e-03	2.259e-01	0	0
C-NP.MRGPRX1_GFRA2	Negative Regulation of Response to Wounding (GO:1903035)	4	336	10	3592	4.276	1.001e-02	2.296e-01	0	0
C-NP.MRGPRX1_GFRA2	Sphingolipid Metabolic Process (GO:0006665)	7	336	27	3592	2.772	1.007e-02	2.296e-01	0	0
C-NP.MRGPRX1_GFRA2	Positive Regulation of Interleukin-8 Production (GO:0032757)	6	336	21	3592	3.054	1.033e-02	2.307e-01	0	0
C-NP.MRGPRX1_GFRA2	Synapse Assembly (GO:0007416)	8	336	34	3592	2.515	1.118e-02	2.420e-01	0	0
C-NP.MRGPRX1_GFRA2	Synapse Organization (GO:0050808)	12	336	63	3592	2.036	1.227e-02	2.420e-01	0	0
C-NP.MRGPRX1_GFRA2	Positive Regulation of Catabolic Process (GO:0009896)	15	336	86	3592	1.865	1.229e-02	2.420e-01	0	0
C-NP.MRGPRX1_GFRA2	Cell-Cell Junction Maintenance (GO:0045217)	3	336	6	3592	5.345	1.309e-02	2.420e-01	0	0
C-NP.MRGPRX1_GFRA2	Cellular Component Maintenance (GO:0043954)	3	336	6	3592	5.345	1.309e-02	2.420e-01	0	0
C-NP.MRGPRX1_GFRA2	Epiboly Involved in Wound Healing (GO:0090505)	3	336	6	3592	5.345	1.309e-02	2.420e-01	0	0
C-NP.MRGPRX1_GFRA2	Positive Regulation of Leukocyte Degranulation (GO:0043302)	3	336	6	3592	5.345	1.309e-02	2.420e-01	0	0
C-NP.MRGPRX1_GFRA2	Positive Regulation of Protein Localization to Early Endosome (GO:1902966)	3	336	6	3592	5.345	1.309e-02	2.420e-01	0	0
C-NP.MRGPRX1_GFRA2	Positive Regulation of Protein Localization to Endosome (GO:1905668)	3	336	6	3592	5.345	1.309e-02	2.420e-01	0	0
C-NP.MRGPRX1_GFRA2	Regulation of Protein Localization to Early Endosome (GO:1902965)	3	336	6	3592	5.345	1.309e-02	2.420e-01	0	0
C-NP.MRGPRX1_GFRA2	Cardiac Muscle Cell Contraction (GO:0086003)	4	336	11	3592	3.887	1.459e-02	2.482e-01	0	0
C-NP.MRGPRX1_GFRA2	Establishment of Endothelial Barrier (GO:0061028)	4	336	11	3592	3.887	1.459e-02	2.482e-01	0	0
C-NP.MRGPRX1_GFRA2	Negative Regulation of Wound Healing (GO:0061045)	4	336	11	3592	3.887	1.459e-02	2.482e-01	0	0
C-NP.MRGPRX1_GFRA2	Regulation of Receptor Recycling (GO:0001919)	4	336	11	3592	3.887	1.459e-02	2.482e-01	0	0
C-NP.MRGPRX1_GFRA2	Regulation of T Cell Differentiation (GO:0045580)	4	336	11	3592	3.887	1.459e-02	2.482e-01	0	0
C-NP.MRGPRX1_MRGPRX4	Response to Endoplasmic Reticulum Stress (GO:0034976)	23	387	100	3592	2.135	2.744e-04	1.671e-01	1	1
C-NP.MRGPRX1_MRGPRX4	Regulation of G Protein-Coupled Receptor Signaling Pathway (GO:0008277)	11	387	32	3592	3.191	3.117e-04	1.671e-01	1	1
C-NP.MRGPRX1_MRGPRX4	Calcium Ion Transport Into Cytosol (GO:0060402)	4	387	5	3592	7.425	6.077e-04	1.671e-01	1	1
C-NP.MRGPRX1_MRGPRX4	Nuclear Membrane Disassembly (GO:0051081)	4	387	5	3592	7.425	6.077e-04	1.671e-01	1	1
C-NP.MRGPRX1_MRGPRX4	Peptide Cross-Linking (GO:0018149)	4	387	5	3592	7.425	6.077e-04	1.671e-01	1	1
C-NP.MRGPRX1_MRGPRX4	Regulation of Calcium Ion Transmembrane Transport (GO:1903169)	6	387	12	3592	4.641	7.893e-04	1.809e-01	0	1
C-NP.MRGPRX1_MRGPRX4	Positive Regulation of Epithelial Cell Proliferation (GO:0050679)	12	387	42	3592	2.652	1.122e-03	1.834e-01	0	1
C-NP.MRGPRX1_MRGPRX4	Axo-Dendritic Transport (GO:0008088)	3	387	3	3592	9.282	1.242e-03	1.834e-01	0	1
C-NP.MRGPRX1_MRGPRX4	Filopodium Assembly (GO:0046847)	3	387	3	3592	9.282	1.242e-03	1.834e-01	0	1
C-NP.MRGPRX1_MRGPRX4	Non-Canonical Wnt Signaling Pathway (GO:0035567)	6	387	13	3592	4.284	1.334e-03	1.834e-01	0	1
C-NP.MRGPRX1_MRGPRX4	Positive Regulation of Epidermal Cell Differentiation (GO:0045606)	4	387	6	3592	6.188	1.668e-03	1.894e-01	0	1
C-NP.MRGPRX1_MRGPRX4	Positive Regulation of Keratinocyte Differentiation (GO:0045618)	4	387	6	3592	6.188	1.668e-03	1.894e-01	0	1
C-NP.MRGPRX1_MRGPRX4	Calcium Ion Transmembrane Import Into Cytosol (GO:0097553)	9	387	28	3592	2.983	1.898e-03	1.894e-01	0	1
C-NP.MRGPRX1_MRGPRX4	Positive Regulation of Cell Migration (GO:0030335)	24	387	121	3592	1.841	1.952e-03	1.894e-01	0	1
C-NP.MRGPRX1_MRGPRX4	Odontogenesis (GO:0042476)	5	387	10	3592	4.641	2.252e-03	1.894e-01	0	1
C-NP.MRGPRX1_MRGPRX4	Regulation of Signal Transduction (GO:0009966)	17	387	76	3592	2.076	2.354e-03	1.894e-01	0	1
C-NP.MRGPRX1_MRGPRX4	Regulation of Inflammatory Response (GO:0050727)	15	387	66	3592	2.109	3.561e-03	1.894e-01	0	1
C-NP.MRGPRX1_MRGPRX4	- Reg of Intrinsic Apoptotic Sgnlng Pway in Resp to DNA Damage by P53 Cls Mediator (GO:1902166)	4	387	7	3592	5.304	3.562e-03	1.894e-01	0	1
C-NP.MRGPRX1_MRGPRX4	Positive Regulation of Calcium-Mediated Signaling (GO:0050850)	4	387	7	3592	5.304	3.562e-03	1.894e-01	0	1
C-NP.MRGPRX1_MRGPRX4	Cardiac Muscle Cell Contraction (GO:0086003)	5	387	11	3592	4.219	3.767e-03	1.894e-01	0	1
C-NP.MRGPRX1_MRGPRX4	Positive Regulation of Cell Motility (GO:2000147)	18	387	86	3592	1.943	3.842e-03	1.894e-01	0	1
C-NP.MRGPRX1_MRGPRX4	Positive Regulation of Cell Population Proliferation (GO:0008284)	28	387	156	3592	1.666	3.997e-03	1.894e-01	0	1
C-NP.MRGPRX1_MRGPRX4	Positive Regulation of Multicellular Organismal Process (GO:0051240)	25	387	135	3592	1.719	4.203e-03	1.894e-01	0	1
C-NP.MRGPRX1_MRGPRX4	Regulation of Response to External Stimulus (GO:0032101)	10	387	37	3592	2.509	4.500e-03	1.894e-01	0	1
C-NP.MRGPRX1_MRGPRX4	Mitotic Nuclear Membrane Disassembly (GO:0007077)	3	387	4	3592	6.961	4.569e-03	1.894e-01	0	1
C-NP.MRGPRX1_MRGPRX4	Positive Regulation of cAMP/PKA Signal Transduction (GO:0141163)	3	387	4	3592	6.961	4.569e-03	1.894e-01	0	1
C-NP.MRGPRX1_MRGPRX4	Protein Targeting to Vacuole Involved in Autophagy (GO:0071211)	3	387	4	3592	6.961	4.569e-03	1.894e-01	0	1
C-NP.MRGPRX1_MRGPRX4	Regulation of Glial Cell Apoptotic Process (GO:0034350)	3	387	4	3592	6.961	4.569e-03	1.894e-01	0	1
C-NP.MRGPRX1_MRGPRX4	Regulation of Defense Response (GO:0031347)	8	387	26	3592	2.856	4.581e-03	1.894e-01	0	1
C-NP.MRGPRX1_MRGPRX4	Regulation of Mitotic Cell Cycle (GO:0007346)	12	387	49	3592	2.273	4.658e-03	1.894e-01	0	1
C-NP.MRGPRX1_MRGPRX4	Positive Regulation of Intracellular Signal Transduction (GO:1902533)	42	387	265	3592	1.471	5.386e-03	1.894e-01	0	1
C-NP.MRGPRX1_MRGPRX4	Endoplasmic Reticulum to Cytosol Transport (GO:1903513)	5	387	12	3592	3.867	5.893e-03	1.894e-01	0	1
C-NP.MRGPRX1_MRGPRX4	Glial Cell Differentiation (GO:0010001)	5	387	12	3592	3.867	5.893e-03	1.894e-01	0	1
C-NP.MRGPRX1_MRGPRX4	Positive Regulation of Response to Wounding (GO:1903036)	5	387	12	3592	3.867	5.893e-03	1.894e-01	0	1
C-NP.MRGPRX1_MRGPRX4	Vacuolar Acidification (GO:0007035)	5	387	12	3592	3.867	5.893e-03	1.894e-01	0	1
C-NP.MRGPRX1_MRGPRX4	Wnt Signaling Pathway. Planar Cell Polarity Pathway (GO:0060071)	5	387	12	3592	3.867	5.893e-03	1.894e-01	0	1
C-NP.MRGPRX1_MRGPRX4	Negative Regulation of Cytokine Production (GO:0001818)	14	387	63	3592	2.063	5.944e-03	1.894e-01	0	1
C-NP.MRGPRX1_MRGPRX4	Cellular Response to Angiotensin (GO:1904385)	4	387	8	3592	4.641	6.522e-03	1.894e-01	0	1
C-NP.MRGPRX1_MRGPRX4	Establishment of Apical/Basal Cell Polarity (GO:0035089)	4	387	8	3592	4.641	6.522e-03	1.894e-01	0	1
C-NP.MRGPRX1_MRGPRX4	Negative Regulation of Signaling (GO:0023057)	4	387	8	3592	4.641	6.522e-03	1.894e-01	0	1
C-NP.MRGPRX1_MRGPRX4	Neuron Projection Maintenance (GO:1990535)	4	387	8	3592	4.641	6.522e-03	1.894e-01	0	1
C-NP.MRGPRX1_MRGPRX4	Polarized Epithelial Cell Differentiation (GO:0030859)	4	387	8	3592	4.641	6.522e-03	1.894e-01	0	1
C-NP.MRGPRX1_MRGPRX4	Positive Regulation of Muscle Cell Differentiation (GO:0051149)	4	387	8	3592	4.641	6.522e-03	1.894e-01	0	1
C-NP.MRGPRX1_MRGPRX4	Reg of Intrinsic Apoptotic Sgnlng Pway in Resp to DNA Damage by P53 Cls Mediator (GO:1902165)	4	387	8	3592	4.641	6.522e-03	1.894e-01	0	1
C-NP.MRGPRX1_MRGPRX4	Regulation of Adenylate Cyclase Activity (GO:0045761)	4	387	8	3592	4.641	6.522e-03	1.894e-01	0	1
C-NP.MRGPRX1_MRGPRX4	Regulation of Bicellular Tight Junction Assembly (GO:2000810)	4	387	8	3592	4.641	6.522e-03	1.894e-01	0	1
C-NP.MRGPRX1_MRGPRX4	Regulation of cAMP/PKA Signal Transduction (GO:0141161)	4	387	8	3592	4.641	6.522e-03	1.894e-01	0	1
C-NP.MRGPRX1_MRGPRX4	Skin Development (GO:0043588)	6	387	17	3592	3.276	6.611e-03	1.894e-01	0	1
C-NP.MRGPRX1_MRGPRX4	+ Reg of Phosphatidylinositol 3-Kinase/Prot Kinase B Signal Transduction (GO:0051897)	15	387	71	3592	1.961	7.339e-03	2.025e-01	0	1
C-NP.MRGPRX1_MRGPRX4	Protein Localization to Cell Periphery (GO:1990778)	14	387	65	3592	1.999	7.937e-03	2.025e-01	0	1
C-NP.MRGPRX1_MRGPRX4	Supramolecular Fiber Organization (GO:0097435)	18	387	92	3592	1.816	8.048e-03	2.025e-01	0	1
C-NP.MRGPRX1_MRGPRX4	Regulation of Heart Rate by Cardiac Conduction (GO:0086091)	7	387	23	3592	2.825	8.447e-03	2.025e-01	0	1
C-NP.MRGPRX1_MRGPRX4	Cardiac Muscle Cell Action Potential Involved in Contraction (GO:0086002)	5	387	13	3592	3.570	8.743e-03	2.025e-01	0	1
C-NP.MRGPRX1_MRGPRX4	Neuron Projection Organization (GO:0106027)	5	387	13	3592	3.570	8.743e-03	2.025e-01	0	1
C-NP.MRGPRX1_MRGPRX4	Positive Regulation of Fibroblast Proliferation (GO:0048146)	5	387	13	3592	3.570	8.743e-03	2.025e-01	0	1
C-NP.MRGPRX1_MRGPRX4	Regulation of Calcium-Mediated Signaling (GO:0050848)	5	387	13	3592	3.570	8.743e-03	2.025e-01	0	1
C-NP.MRGPRX1_MRGPRX4	Regulation of Filopodium Assembly (GO:0051489)	5	387	13	3592	3.570	8.743e-03	2.025e-01	0	1
C-NP.MRGPRX1_MRGPRX4	Gland Development (GO:0048732)	6	387	18	3592	3.094	9.034e-03	2.025e-01	0	1
C-NP.MRGPRX1_MRGPRX4	Positive Regulation of Reactive Oxygen Species Metabolic Process (GO:2000379)	8	387	29	3592	2.560	9.431e-03	2.025e-01	0	1
C-NP.MRGPRX1_MRGPRX4	Regulation of Cell Migration (GO:0030334)	27	387	159	3592	1.576	9.984e-03	2.025e-01	0	1
C-NP.MRGPRX1_MRGPRX4	Adenylate Cyclase-Modulating G Protein-Coupled Receptor Signaling Pathway (GO:0007188)	14	387	67	3592	1.939	1.043e-02	2.025e-01	0	1
C-NP.MRGPRX1_MRGPRX4	Central Nervous System Myelination (GO:0022010)	3	387	5	3592	5.569	1.051e-02	2.025e-01	0	1
C-NP.MRGPRX1_MRGPRX4	G Protein-Coupled Serotonin Receptor Signaling Pathway (GO:0098664)	3	387	5	3592	5.569	1.051e-02	2.025e-01	0	1
C-NP.MRGPRX1_MRGPRX4	Negative Regulation of Activated T Cell Proliferation (GO:0046007)	3	387	5	3592	5.569	1.051e-02	2.025e-01	0	1
C-NP.MRGPRX1_MRGPRX4	Negative Regulation of Glial Cell Apoptotic Process (GO:0034351)	3	387	5	3592	5.569	1.051e-02	2.025e-01	0	1
C-NP.MRGPRX1_MRGPRX4	Negative Regulation of Microglial Cell Activation (GO:1903979)	3	387	5	3592	5.569	1.051e-02	2.025e-01	0	1
C-NP.MRGPRX1_MRGPRX4	Negative Regulation of Neuroinflammatory Response (GO:0150079)	3	387	5	3592	5.569	1.051e-02	2.025e-01	0	1
C-NP.MRGPRX1_MRGPRX4	Regulation of Microglial Cell Activation (GO:1903978)	3	387	5	3592	5.569	1.051e-02	2.025e-01	0	1
C-NP.MRGPRX1_MRGPRX4	Regulation of Oligodendrocyte Differentiation (GO:0048713)	3	387	5	3592	5.569	1.051e-02	2.025e-01	0	1
C-NP.MRGPRX1_MRGPRX4	Endothelial Cell Development (GO:0001885)	4	387	9	3592	4.125	1.075e-02	2.025e-01	0	1
C-NP.MRGPRX1_MRGPRX4	Lysosomal Lumen Acidification (GO:0007042)	4	387	9	3592	4.125	1.075e-02	2.025e-01	0	1
C-NP.MRGPRX1_MRGPRX4	Muscle Cell Development (GO:0055001)	4	387	9	3592	4.125	1.075e-02	2.025e-01	0	1
C-NP.MRGPRX1_MRGPRX4	Regulation of Endothelial Cell Chemotaxis (GO:2001026)	4	387	9	3592	4.125	1.075e-02	2.025e-01	0	1
C-NP.MRGPRX1_MRGPRX4	Macromolecule Catabolic Process (GO:0009057)	6	387	19	3592	2.931	1.203e-02	2.236e-01	0	1
C-NP.MRGPRX1_MRGPRX4	Actin Filament Bundle Organization (GO:0061572)	5	387	14	3592	3.315	1.242e-02	2.247e-01	0	1
C-NP.MRGPRX1_MRGPRX4	Retrograde Protein Transport. ER to Cytosol (GO:0030970)	5	387	14	3592	3.315	1.242e-02	2.247e-01	0	1
C-NP.MRGPRX1_MRGPRX4	Calcium Ion Transport (GO:0006816)	11	387	49	3592	2.084	1.306e-02	2.294e-01	0	1
C-NP.MRGPRX1_MRGPRX4	Adenylate Cyclase-Inhibiting G Protein-Coupled Receptor Signaling Pathway (GO:0007193)	7	387	25	3592	2.599	1.371e-02	2.294e-01	0	1
C-NP.MRGPRX1_MRGPRX4	Epigenetic Regulation of Gene Expression (GO:0040029)	7	387	25	3592	2.599	1.371e-02	2.294e-01	0	1
C-NP.MRGPRX1_MRGPRX4	Regulation of Cell Communication (GO:0010646)	7	387	25	3592	2.599	1.371e-02	2.294e-01	0	1
C-NP.MRGPRX1_MRGPRX4	Heart Development (GO:0007507)	12	387	56	3592	1.989	1.409e-02	2.294e-01	0	1
C-NP.MRGPRX1_MRGPRX4	Circulatory System Development (GO:0072359)	11	387	50	3592	2.042	1.517e-02	2.294e-01	0	1
C-NP.MRGPRX1_MRGPRX4	ERAD Pathway (GO:0036503)	11	387	50	3592	2.042	1.517e-02	2.294e-01	0	1
C-NP.MRGPRX1_MRGPRX4	Negative Regulation of Signal Transduction (GO:0009968)	18	387	98	3592	1.705	1.537e-02	2.294e-01	0	1
C-NP.MRGPRX1_MRGPRX4	Negative Regulation of Actin Filament Polymerization (GO:0030837)	4	387	10	3592	3.713	1.642e-02	2.294e-01	0	1
C-NP.MRGPRX1_MRGPRX4	Negative Regulation of Interleukin-2 Production (GO:0032703)	4	387	10	3592	3.713	1.642e-02	2.294e-01	0	1
C-NP.MRGPRX1_MRGPRX4	Protein Targeting to Vacuole (GO:0006623)	4	387	10	3592	3.713	1.642e-02	2.294e-01	0	1
C-NP.MRGPRX1_MRGPRX4	Regulation of Calcium Ion Transmembrane Transporter Activity (GO:1901019)	4	387	10	3592	3.713	1.642e-02	2.294e-01	0	1
C-NP.MRGPRX1_MRGPRX4	Regulation of Lysosomal Lumen pH (GO:0035751)	4	387	10	3592	3.713	1.642e-02	2.294e-01	0	1
C-NP.MRGPRX1_MRGPRX4	Membrane Depolarization (GO:0051899)	5	387	15	3592	3.094	1.702e-02	2.294e-01	0	1
C-NP.MRGPRX1_MRGPRX4	Negative Regulation of T Cell Proliferation (GO:0042130)	5	387	15	3592	3.094	1.702e-02	2.294e-01	0	1
C-NP.MRGPRX1_MRGPRX4	Protein Exit From Endoplasmic Reticulum (GO:0032527)	5	387	15	3592	3.094	1.702e-02	2.294e-01	0	1
C-NP.MRGPRX1_MRGPRX4	Negative Regulation of Protein Kinase Activity (GO:0006469)	8	387	32	3592	2.320	1.734e-02	2.294e-01	0	1
C-NP.MRGPRX1_MRGPRX4	Positive Regulation of Metabolic Process (GO:0009893)	12	387	58	3592	1.920	1.847e-02	2.294e-01	0	1
C-NP.MRGPRX1_MRGPRX4	Response to Cytokine (GO:0034097)	12	387	58	3592	1.920	1.847e-02	2.294e-01	0	1
C-NP.MRGPRX1_MRGPRX4	Actin Filament Organization (GO:0007015)	10	387	45	3592	2.063	1.885e-02	2.294e-01	0	1
C-NP.MRGPRX1_MRGPRX4	Positive Regulation of Response to External Stimulus (GO:0032103)	10	387	45	3592	2.063	1.885e-02	2.294e-01	0	1
C-NP.MRGPRX1_MRGPRX4	Inflammatory Response (GO:0006954)	13	387	65	3592	1.856	1.905e-02	2.294e-01	0	1
C-NP.MRGPRX1_MRGPRX4	Protein Modification Process (GO:0036211)	33	387	214	3592	1.431	1.930e-02	2.294e-01	0	1
C-NP.MRGPRX1_MRGPRX4	Positive Regulation of Catabolic Process (GO:0009896)	16	387	86	3592	1.727	1.931e-02	2.294e-01	0	1
C-NP.MRGPRX1_MRGPRX4	Autonomic Nervous System Development (GO:0048483)	3	387	6	3592	4.641	1.936e-02	2.294e-01	0	1
C-NP.MRGPRX1_MRGPRX4	Establishment of Epithelial Cell Apical/Basal Polarity (GO:0045198)	3	387	6	3592	4.641	1.936e-02	2.294e-01	0	1
C-NP.MRGPRX1_MRGPRX4	Membrane Raft Organization (GO:0031579)	3	387	6	3592	4.641	1.936e-02	2.294e-01	0	1
C-NP.MRGPRX1_MRGPRX4	Morphogenesis of an Epithelium (GO:0002009)	3	387	6	3592	4.641	1.936e-02	2.294e-01	0	1
C-NP.MRGPRX1_MRGPRX4	Negative Regulation of Adenylate Cyclase Activity (GO:0007194)	3	387	6	3592	4.641	1.936e-02	2.294e-01	0	1
C-NP.MRGPRX1_MRGPRX4	Negative Regulation of Cell Communication (GO:0010648)	3	387	6	3592	4.641	1.936e-02	2.294e-01	0	1
C-NP.MRGPRX1_MRGPRX4	Negative Regulation of Long-Term Synaptic Potentiation (GO:1900272)	3	387	6	3592	4.641	1.936e-02	2.294e-01	0	1
C-NP.MRGPRX1_MRGPRX4	Negative Regulation of Lyase Activity (GO:0051350)	3	387	6	3592	4.641	1.936e-02	2.294e-01	0	1
C-NP.MRGPRX1_MRGPRX4	Negative Regulation of Macrophage Activation (GO:0043031)	3	387	6	3592	4.641	1.936e-02	2.294e-01	0	1
C-NP.MRGPRX1_MRGPRX4	Negative Regulation of Striated Muscle Cell Differentiation (GO:0051154)	3	387	6	3592	4.641	1.936e-02	2.294e-01	0	1
C-NP.MRGPRX1_MRGPRX4	Positive Regulation of Glial Cell Differentiation (GO:0045687)	3	387	6	3592	4.641	1.936e-02	2.294e-01	0	1
C-NP.MRGPRX1_MRGPRX4	Reg of Calcium Ion Transmembrane Transport via High Voltage-Gated Calcium Channel (GO:1902514)	3	387	6	3592	4.641	1.936e-02	2.294e-01	0	1
C-NP.MRGPRX1_MRGPRX4	Regulation of Heterotypic Cell-Cell Adhesion (GO:0034114)	3	387	6	3592	4.641	1.936e-02	2.294e-01	0	1
C-NP.MRGPRX1_MRGPRX4	Regulation of Secretion (GO:0051046)	3	387	6	3592	4.641	1.936e-02	2.294e-01	0	1
C-NP.MRGPRX1_MRGPRX4	Response to Prostaglandin E (GO:0034695)	3	387	6	3592	4.641	1.936e-02	2.294e-01	0	1
C-NP.MRGPRX1_MRGPRX4	Secretion (GO:0046903)	3	387	6	3592	4.641	1.936e-02	2.294e-01	0	1
C-NP.MRGPRX1_MRGPRX4	Positive Regulation of Proteolysis Involved in Protein Catabolic Process (GO:1903052)	6	387	21	3592	2.652	1.999e-02	2.330e-01	0	1
C-NP.MRGPRX1_MRGPRX4	Regulation of MAPK Cascade (GO:0043408)	19	387	108	3592	1.633	2.007e-02	2.330e-01	0	1
C-NP.MRGPRX1_MRGPRX4	Metal Ion Transport (GO:0030001)	11	387	52	3592	1.963	2.017e-02	2.330e-01	0	1
C-NP.MRGPRX1_MRGPRX4	Regulation of Primary Metabolic Process (GO:0080090)	8	387	33	3592	2.250	2.081e-02	2.345e-01	0	1
C-NP.MRGPRX1_MRGPRX4	Cardiac Conduction (GO:0061337)	7	387	27	3592	2.406	2.098e-02	2.345e-01	0	1
C-NP.MRGPRX1_MRGPRX4	Negative Regulation of Cellular Response to Growth Factor Stimulus (GO:0090288)	7	387	27	3592	2.406	2.098e-02	2.345e-01	0	1
C-NP.MRGPRX1_MRGPRX4	Response to Amyloid-Beta (GO:1904645)	7	387	27	3592	2.406	2.098e-02	2.345e-01	0	1
C-NP.MRGPRX1_MRGPRX4	Positive Regulation of Exocytosis (GO:0045921)	5	387	16	3592	2.901	2.262e-02	2.367e-01	0	1
C-NP.MRGPRX1_MRGPRX4	Regulation of Long-Term Synaptic Potentiation (GO:1900271)	5	387	16	3592	2.901	2.262e-02	2.367e-01	0	1
C-NP.MRGPRX1_MRGPRX4	Establishment of Endothelial Barrier (GO:0061028)	4	387	11	3592	3.375	2.365e-02	2.367e-01	0	1
C-NP.MRGPRX1_MRGPRX4	Membrane Depolarization During Cardiac Muscle Cell Action Potential (GO:0086012)	4	387	11	3592	3.375	2.365e-02	2.367e-01	0	1
C-NP.MRGPRX1_MRGPRX4	Negative Regulation of Intrinsic Apoptotic Signaling Pathway by P53 Class Mediator (GO:1902254)	4	387	11	3592	3.375	2.365e-02	2.367e-01	0	1
C-NP.MRGPRX1_MRGPRX4	Non-Motile Cilium Assembly (GO:1905515)	4	387	11	3592	3.375	2.365e-02	2.367e-01	0	1
C-NP.MRGPRX1_MRGPRX4	Positive Regulation of Superoxide Anion Generation (GO:0032930)	4	387	11	3592	3.375	2.365e-02	2.367e-01	0	1
C-NP.MRGPRX1_MRGPRX4	Positive Regulation of T Cell Migration (GO:2000406)	4	387	11	3592	3.375	2.365e-02	2.367e-01	0	1
C-NP.MRGPRX1_MRGPRX4	Regulation of Cell Size (GO:0008361)	4	387	11	3592	3.375	2.365e-02	2.367e-01	0	1
C-NP.MRGPRX1_MRGPRX4	Regulation of Receptor Recycling (GO:0001919)	4	387	11	3592	3.375	2.365e-02	2.367e-01	0	1
C-NP.MRGPRX1_MRGPRX4	Regulation of Superoxide Anion Generation (GO:0032928)	4	387	11	3592	3.375	2.365e-02	2.367e-01	0	1
C-NP.MRGPRX1_MRGPRX4	Sensory Perception of Pain (GO:0019233)	4	387	11	3592	3.375	2.365e-02	2.367e-01	0	1
C-NP.MRGPRX1_MRGPRX4	Positive Regulation of Supramolecular Fiber Organization (GO:1902905)	8	387	34	3592	2.184	2.474e-02	2.367e-01	0	1
C-NP.MRGPRX1_MRGPRX4	Receptor Internalization (GO:0031623)	8	387	34	3592	2.184	2.474e-02	2.367e-01	0	1
C-NP.MRGPRX1_MRGPRX4	Regulation of miRNA Transcription (GO:1902893)	7	387	28	3592	2.320	2.546e-02	2.367e-01	0	1
C-NP.MRGPRX1_MRGPRX4	Cellular Response to UV (GO:0034644)	8	387	35	3592	2.122	2.917e-02	2.367e-01	0	1
C-NP.MRGPRX1_MRGPRX4	Positive Regulation of Protein Localization to Cell Periphery (GO:1904377)	8	387	35	3592	2.122	2.917e-02	2.367e-01	0	1
C-NP.MRGPRX1_MRGPRX4	Canonical Wnt Signaling Pathway (GO:0060070)	5	387	17	3592	2.730	2.929e-02	2.367e-01	0	1
C-NP.MRGPRX1_MRGPRX4	Cardiac Muscle Cell Action Potential (GO:0086001)	5	387	17	3592	2.730	2.929e-02	2.367e-01	0	1
C-NP.MRGPRX1_MRGPRX4	Establishment or Maintenance of Epithelial Cell Apical/Basal Polarity (GO:0045197)	5	387	17	3592	2.730	2.929e-02	2.367e-01	0	1
C-NP.MRGPRX1_MRGPRX4	Negative Regulation of Protein Polymerization (GO:0032272)	5	387	17	3592	2.730	2.929e-02	2.367e-01	0	1
C-NP.MRGPRX1_MRGPRX4	Protein Localization to Plasma Membrane (GO:0072659)	12	387	62	3592	1.796	3.019e-02	2.367e-01	0	1
C-NP.MRGPRX1_MRGPRX4	Regulation of Neuron Differentiation (GO:0045664)	7	387	29	3592	2.240	3.056e-02	2.367e-01	0	1
C-NP.MRGPRX1_MRGPRX4	Modification-Dependent Protein Catabolic Process (GO:0019941)	17	387	98	3592	1.610	3.060e-02	2.367e-01	0	1
C-NP.MRGPRX1_MRGPRX4	Positive Regulation of MAPK Cascade (GO:0043410)	21	387	128	3592	1.523	3.083e-02	2.367e-01	0	1
C-NP.MRGPRX1_MRGPRX4	Positive Regulation of DNA-templated Transcription (GO:0045893)	52	387	377	3592	1.280	3.084e-02	2.367e-01	0	1
C-NP.MRGPRX1_MRGPRX4	Memory (GO:0007613)	6	387	23	3592	2.421	3.094e-02	2.367e-01	0	1
C-NP.MRGPRX1_MRGPRX4	Positive Regulation of miRNA Metabolic Process (GO:2000630)	6	387	23	3592	2.421	3.094e-02	2.367e-01	0	1
C-NP.MRGPRX1_MRGPRX4	Astrocyte Activation (GO:0048143)	3	387	7	3592	3.978	3.120e-02	2.367e-01	0	1
C-NP.MRGPRX1_MRGPRX4	Long-Term Memory (GO:0007616)	3	387	7	3592	3.978	3.120e-02	2.367e-01	0	1
C-NP.MRGPRX1_MRGPRX4	Microtubule Anchoring at Microtubule Organizing Center (GO:0072393)	3	387	7	3592	3.978	3.120e-02	2.367e-01	0	1
C-NP.MRGPRX1_MRGPRX4	Negative Regulation of Notch Signaling Pathway (GO:0045746)	3	387	7	3592	3.978	3.120e-02	2.367e-01	0	1
C-NP.MRGPRX1_MRGPRX4	Negative Regulation of Sprouting Angiogenesis (GO:1903671)	3	387	7	3592	3.978	3.120e-02	2.367e-01	0	1
C-NP.MRGPRX1_MRGPRX4	Positive Regulation of Lymphocyte Migration (GO:2000403)	3	387	7	3592	3.978	3.120e-02	2.367e-01	0	1
C-NP.MRGPRX1_MRGPRX4	Positive Regulation of Macrophage Activation (GO:0043032)	3	387	7	3592	3.978	3.120e-02	2.367e-01	0	1
C-NP.MRGPRX1_MRGPRX4	Positive Regulation of Receptor Recycling (GO:0001921)	3	387	7	3592	3.978	3.120e-02	2.367e-01	0	1
C-NP.MRGPRX1_MRGPRX4	Axon Ensheathment in Central Nervous System (GO:0032291)	2	387	3	3592	6.188	3.226e-02	2.367e-01	0	1
C-NP.MRGPRX1_MRGPRX4	Cellular Response to Histamine (GO:0071420)	2	387	3	3592	6.188	3.226e-02	2.367e-01	0	1
C-NP.MRGPRX1_MRGPRX4	Cellular Response to Monoamine Stimulus (GO:0071868)	2	387	3	3592	6.188	3.226e-02	2.367e-01	0	1
C-NP.MRGPRX1_MRGPRX4	Cellular Response to Platelet-Derived Growth Factor Stimulus (GO:0036120)	2	387	3	3592	6.188	3.226e-02	2.367e-01	0	1
C-NP.MRGPRX1_MRGPRX4	Endosome to Melanosome Transport (GO:0035646)	2	387	3	3592	6.188	3.226e-02	2.367e-01	0	1
C-NP.MRGPRX1_MRGPRX4	Endosome to Pigment Granule Transport (GO:0043485)	2	387	3	3592	6.188	3.226e-02	2.367e-01	0	1
C-NP.MRGPRX1_MRGPRX4	Epithelial Structure Maintenance (GO:0010669)	2	387	3	3592	6.188	3.226e-02	2.367e-01	0	1
C-NP.MRGPRX1_MRGPRX4	Glial Cell-Derived Neurotrophic Factor Receptor Signaling Pathway (GO:0035860)	2	387	3	3592	6.188	3.226e-02	2.367e-01	0	1
C-NP.MRGPRX1_MRGPRX4	Lipid Oxidation (GO:0034440)	2	387	3	3592	6.188	3.226e-02	2.367e-01	0	1
C-NP.MRGPRX1_MRGPRX4	Maintenance of Lens Transparency (GO:0036438)	2	387	3	3592	6.188	3.226e-02	2.367e-01	0	1
C-NP.MRGPRX1_MRGPRX4	Morphogenesis of an Epithelial Sheet (GO:0002011)	2	387	3	3592	6.188	3.226e-02	2.367e-01	0	1
C-NP.MRGPRX1_MRGPRX4	NADPH Regeneration (GO:0006740)	2	387	3	3592	6.188	3.226e-02	2.367e-01	0	1
C-NP.MRGPRX1_MRGPRX4	Neuron Projection Regeneration (GO:0031102)	2	387	3	3592	6.188	3.226e-02	2.367e-01	0	1
C-NP.MRGPRX1_MRGPRX4	Pentose-Phosphate Shunt (GO:0006098)	2	387	3	3592	6.188	3.226e-02	2.367e-01	0	1
C-NP.MRGPRX1_MRGPRX4	Positive Regulation of Cartilage Development (GO:0061036)	2	387	3	3592	6.188	3.226e-02	2.367e-01	0	1
C-NP.MRGPRX1_MRGPRX4	Positive Regulation of Protein Catabolic Process in the Vacuole (GO:1904352)	2	387	3	3592	6.188	3.226e-02	2.367e-01	0	1
C-NP.MRGPRX1_MRGPRX4	Positive Regulation of Stem Cell Differentiation (GO:2000738)	2	387	3	3592	6.188	3.226e-02	2.367e-01	0	1
C-NP.MRGPRX1_MRGPRX4	Postsynaptic Density Assembly (GO:0097107)	2	387	3	3592	6.188	3.226e-02	2.367e-01	0	1
C-NP.MRGPRX1_MRGPRX4	Regulation of Atrial Cardiac Muscle Cell Membrane Depolarization (GO:0060371)	2	387	3	3592	6.188	3.226e-02	2.367e-01	0	1
C-NP.MRGPRX1_MRGPRX4	Regulation of Glial Cell Proliferation (GO:0060251)	2	387	3	3592	6.188	3.226e-02	2.367e-01	0	1
C-NP.MRGPRX1_MRGPRX4	Regulation of Lymphocyte Migration (GO:2000401)	2	387	3	3592	6.188	3.226e-02	2.367e-01	0	1
C-NP.MRGPRX1_MRGPRX4	Regulation of Myeloid Leukocyte Differentiation (GO:0002761)	2	387	3	3592	6.188	3.226e-02	2.367e-01	0	1
C-NP.MRGPRX1_MRGPRX4	Regulation of Sensory Perception (GO:0051931)	2	387	3	3592	6.188	3.226e-02	2.367e-01	0	1
C-NP.MRGPRX1_MRGPRX4	Regulation of Sensory Perception of Pain (GO:0051930)	2	387	3	3592	6.188	3.226e-02	2.367e-01	0	1
C-NP.MRGPRX1_MRGPRX4	Response to Catecholamine (GO:0071869)	2	387	3	3592	6.188	3.226e-02	2.367e-01	0	1
C-NP.MRGPRX1_MRGPRX4	Nervous System Development (GO:0007399)	27	387	175	3592	1.432	3.241e-02	2.367e-01	0	1
C-NP.MRGPRX1_MRGPRX4	Fc-gamma Receptor Signaling Pathway Involved in Phagocytosis (GO:0038096)	4	387	12	3592	3.094	3.253e-02	2.367e-01	0	1
C-NP.MRGPRX1_MRGPRX4	Negative Regulation of Cytokine Production Involved in Inflammatory Response (GO:1900016)	4	387	12	3592	3.094	3.253e-02	2.367e-01	0	1
C-NP.MRGPRX1_MRGPRX4	Regulation of Keratinocyte Differentiation (GO:0045616)	4	387	12	3592	3.094	3.253e-02	2.367e-01	0	1
C-NP.MRGPRX1_MRGPRX4	Tail-Anchored Membrane Protein Insertion Into ER Membrane (GO:0071816)	4	387	12	3592	3.094	3.253e-02	2.367e-01	0	1
C-NP.MRGPRX1_MRGPRX4	Regulation of Phosphatidylinositol 3-Kinase/Protein Kinase B Signal Transduction (GO:0051896)	17	387	99	3592	1.594	3.342e-02	2.419e-01	0	1
C-NP.MRGPRX1_MRGPRX4	Phospholipase C-activating G Protein-Coupled Receptor Signaling Pathway (GO:0007200)	8	387	36	3592	2.063	3.411e-02	2.456e-01	0	1
C-NP.SST	Positive Regulation of DNA-templated Transcription (GO:0045893)	81	475	377	3592	1.625	1.731e-06	2.102e-03	1	0
C-NP.SST	Positive Regulation of Transcription by RNA Polymerase II (GO:0045944)	63	475	273	3592	1.745	2.448e-06	2.102e-03	0	0
C-NP.SST	Negative Regulation of DNA-templated Transcription (GO:0045892)	67	475	305	3592	1.661	7.147e-06	4.091e-03	1	0
C-NP.SST	Inflammatory Response (GO:0006954)	22	475	65	3592	2.559	1.425e-05	6.116e-03	1	0
C-NP.SST	Tumor Necrosis Factor-Mediated Signaling Pathway (GO:0033209)	10	475	18	3592	4.201	2.420e-05	8.310e-03	1	0
C-NP.SST	Positive Regulation of Smooth Muscle Cell Proliferation (GO:0048661)	10	475	19	3592	3.980	4.511e-05	1.291e-02	1	0
C-NP.SST	Extracellular Matrix Organization (GO:0030198)	15	475	39	3592	2.909	6.354e-05	1.417e-02	0	0
C-NP.SST	Intracellular Signaling Cassette (GO:0141124)	35	475	138	3592	1.918	6.604e-05	1.417e-02	0	0
C-NP.SST	Positive Regulation of Epithelial to Mesenchymal Transition (GO:0010718)	10	475	20	3592	3.781	7.966e-05	1.520e-02	0	0
C-NP.SST	Non-Canonical NF-kappaB Signal Transduction (GO:0038061)	8	475	14	3592	4.321	1.278e-04	2.142e-02	0	0
C-NP.SST	Positive Regulation of Intracellular Signal Transduction (GO:1902533)	56	475	265	3592	1.598	1.372e-04	2.142e-02	0	0
C-NP.SST	Supramolecular Fiber Organization (GO:0097435)	25	475	92	3592	2.055	2.344e-04	3.109e-02	0	0
C-NP.SST	Positive Regulation of Extracellular Matrix Organization (GO:1903055)	7	475	12	3592	4.411	2.945e-04	3.109e-02	0	0
C-NP.SST	Negative Regulation of Transcription by RNA Polymerase II (GO:0000122)	48	475	224	3592	1.620	3.009e-04	3.109e-02	0	0
C-NP.SST	Response to Cytokine (GO:0034097)	18	475	58	3592	2.347	3.024e-04	3.109e-02	0	0
C-NP.SST	Cytokine-Mediated Signaling Pathway (GO:0019221)	23	475	83	3592	2.096	3.039e-04	3.109e-02	0	0
C-NP.SST	Negative Regulation of Wnt Signaling Pathway (GO:0030178)	15	475	44	3592	2.578	3.078e-04	3.109e-02	0	0
C-NP.SST	Collagen Fibril Organization (GO:0030199)	8	475	16	3592	3.781	4.293e-04	4.095e-02	0	0
C-NP.SST	Cellular Response to Tumor Necrosis Factor (GO:0071356)	12	475	33	3592	2.750	6.339e-04	5.137e-02	0	0
C-NP.SST	Mitotic G1/S Transition Checkpoint Signaling (GO:0044819)	5	475	7	3592	5.402	6.619e-04	5.137e-02	0	0
C-NP.SST	Regulation of Extracellular Matrix Assembly (GO:1901201)	5	475	7	3592	5.402	6.619e-04	5.137e-02	0	0
C-NP.SST	Negative Regulation of Extrinsic Apoptotic Signaling Pathway (GO:2001237)	11	475	29	3592	2.868	7.057e-04	5.137e-02	0	0
C-NP.SST	Regulation of DNA-templated Transcription (GO:0006355)	86	475	475	3592	1.369	7.158e-04	5.137e-02	0	0
C-NP.SST	Regulation of Sodium Ion Transport (GO:0002028)	8	475	17	3592	3.559	7.181e-04	5.137e-02	0	0
C-NP.SST	Negative Regulation of RNA Biosynthetic Process (GO:1902679)	35	475	155	3592	1.708	7.481e-04	5.138e-02	0	0
C-NP.SST	Positive Regulation of Cell Population Proliferation (GO:0008284)	35	475	156	3592	1.697	8.474e-04	5.301e-02	0	0
C-NP.SST	Regulation of Endothelial Cell Migration (GO:0010594)	12	475	34	3592	2.669	8.645e-04	5.301e-02	0	0
C-NP.SST	Regulation of Endothelial Cell Proliferation (GO:0001936)	12	475	34	3592	2.669	8.645e-04	5.301e-02	0	0
C-NP.SST	Cell Surface Receptor Protein Serine/Threonine Kinase Signaling Pathway (GO:0007178)	7	475	14	3592	3.781	1.004e-03	5.945e-02	0	0
C-NP.SST	SMAD Protein Signal Transduction (GO:0060395)	6	475	11	3592	4.125	1.330e-03	6.910e-02	0	0
C-NP.SST	Positive Regulation of Defense Response (GO:0031349)	11	475	31	3592	2.683	1.347e-03	6.910e-02	0	0
C-NP.SST	Positive Regulation of Stem Cell Proliferation (GO:2000648)	4	475	5	3592	6.050	1.353e-03	6.910e-02	0	0
C-NP.SST	Regulation of Stem Cell Proliferation (GO:0072091)	4	475	5	3592	6.050	1.353e-03	6.910e-02	0	0
C-NP.SST	Positive Regulation of Response to External Stimulus (GO:0032103)	14	475	45	3592	2.353	1.368e-03	6.910e-02	0	0
C-NP.SST	Regulation of Canonical Wnt Signaling Pathway (GO:0060828)	20	475	77	3592	1.964	1.795e-03	8.805e-02	0	0
C-NP.SST	Positive Regulation of Gene Expression (GO:0010628)	35	475	163	3592	1.624	1.928e-03	9.195e-02	0	0
C-NP.SST	Regulation of Cell Growth (GO:0001558)	21	475	83	3592	1.913	1.985e-03	9.213e-02	0	0
C-NP.SST	Regulation of Canonical NF-kappaB Signal Transduction (GO:0043122)	29	475	129	3592	1.700	2.258e-03	9.497e-02	0	0
C-NP.SST	High-Density Lipoprotein Particle Assembly (GO:0034380)	3	475	3	3592	7.562	2.300e-03	9.497e-02	0	0
C-NP.SST	Negative Regulation of CD4-positive. Alpha-Beta T Cell Activation (GO:2000515)	3	475	3	3592	7.562	2.300e-03	9.497e-02	0	0
C-NP.SST	Positive Regulation of Phosphate Metabolic Process (GO:0045937)	6	475	12	3592	3.781	2.366e-03	9.497e-02	0	0
C-NP.SST	Canonical NF-kappaB Signal Transduction (GO:0007249)	9	475	24	3592	2.836	2.378e-03	9.497e-02	0	0
C-NP.SST	Regulation of Signal Transduction by P53 Class Mediator (GO:1901796)	9	475	24	3592	2.836	2.378e-03	9.497e-02	0	0
C-NP.SST	Phosphorylation (GO:0016310)	28	475	125	3592	1.694	2.828e-03	1.043e-01	0	0
C-NP.SST	+ Reg of Transmembrane Receptor Prot Serine/Threonine Kinase Sgnlng Pway (GO:0090100)	10	475	29	3592	2.608	2.838e-03	1.043e-01	0	0
C-NP.SST	Regulation of Endocytosis (GO:0030100)	10	475	29	3592	2.608	2.838e-03	1.043e-01	0	0
C-NP.SST	Positive Regulation of RNA Biosynthetic Process (GO:1902680)	38	475	185	3592	1.553	2.902e-03	1.043e-01	0	0
C-NP.SST	Protein Phosphorylation (GO:0006468)	34	475	161	3592	1.597	2.982e-03	1.043e-01	0	0
C-NP.SST	Activin Receptor Signaling Pathway (GO:0032924)	5	475	9	3592	4.201	3.158e-03	1.043e-01	0	0
C-NP.SST	Endothelial Cell Proliferation (GO:0001935)	5	475	9	3592	4.201	3.158e-03	1.043e-01	0	0
C-NP.SST	Positive Regulation of Vascular Associated Smooth Muscle Cell Proliferation (GO:1904707)	5	475	9	3592	4.201	3.158e-03	1.043e-01	0	0
C-NP.SST	Regulation of Calcium Ion Import (GO:0090279)	5	475	9	3592	4.201	3.158e-03	1.043e-01	0	0
C-NP.SST	Positive Regulation of Canonical NF-kappaB Signal Transduction (GO:0043123)	24	475	103	3592	1.762	3.232e-03	1.047e-01	0	0
C-NP.SST	Negative Regulation of Canonical Wnt Signaling Pathway (GO:0090090)	12	475	39	3592	2.327	3.305e-03	1.051e-01	0	0
C-NP.SST	Mitotic G1 DNA Damage Checkpoint Signaling (GO:0031571)	4	475	6	3592	5.041	3.636e-03	1.076e-01	0	0
C-NP.SST	Positive Regulation of Extracellular Matrix Assembly (GO:1901203)	4	475	6	3592	5.041	3.636e-03	1.076e-01	0	0
C-NP.SST	snRNA 3'-End Processing (GO:0034472)	4	475	6	3592	5.041	3.636e-03	1.076e-01	0	0
C-NP.SST	snRNA Processing (GO:0016180)	4	475	6	3592	5.041	3.636e-03	1.076e-01	0	0
C-NP.SST	Regulation of Gene Expression (GO:0010468)	62	475	341	3592	1.375	3.872e-03	1.119e-01	0	0
C-NP.SST	Cardiac Muscle Cell Action Potential Involved in Contraction (GO:0086002)	6	475	13	3592	3.490	3.910e-03	1.119e-01	0	0
C-NP.SST	Regulation of Epithelial to Mesenchymal Transition (GO:0010717)	11	475	35	3592	2.377	4.044e-03	1.136e-01	0	0
C-NP.SST	Intrinsic Apoptotic Signaling Pathway (GO:0097193)	14	475	50	3592	2.117	4.103e-03	1.136e-01	0	0
C-NP.SST	Positive Regulation of Endothelial Cell Migration (GO:0010595)	12	475	40	3592	2.269	4.169e-03	1.136e-01	0	0
C-NP.SST	Protein Modification Process (GO:0036211)	42	475	214	3592	1.484	4.317e-03	1.158e-01	0	0
C-NP.SST	Regulation of Extrinsic Apoptotic Signaling Pathway (GO:2001236)	9	475	26	3592	2.618	4.455e-03	1.172e-01	0	0
C-NP.SST	DNA Damage Response (GO:0006974)	27	475	123	3592	1.660	4.504e-03	1.172e-01	0	0
C-NP.SST	Negative Regulation of G1/S Transition of Mitotic Cell Cycle (GO:2000134)	5	475	10	3592	3.781	5.636e-03	1.439e-01	0	0
C-NP.SST	Negative Regulation of Endothelial Cell Proliferation (GO:0001937)	7	475	18	3592	2.941	5.782e-03	1.439e-01	0	0
C-NP.SST	Regulation of Vascular Associated Smooth Muscle Cell Proliferation (GO:1904705)	7	475	18	3592	2.941	5.782e-03	1.439e-01	0	0
C-NP.SST	Negative Regulation of Cellular Response to Growth Factor Stimulus (GO:0090288)	9	475	27	3592	2.521	5.918e-03	1.452e-01	0	0
C-NP.SST	Regulation of Platelet Activation (GO:0010543)	6	475	14	3592	3.241	6.089e-03	1.472e-01	0	0
C-NP.SST	Positive Regulation of Epithelial Cell Proliferation (GO:0050679)	12	475	42	3592	2.161	6.439e-03	1.523e-01	0	0
C-NP.SST	Transforming Growth Factor Beta Receptor Superfamily Signaling Pathway (GO:0141091)	11	475	37	3592	2.248	6.475e-03	1.523e-01	0	0
C-NP.SST	Regulation of Smooth Muscle Cell Proliferation (GO:0048660)	8	475	23	3592	2.630	7.020e-03	1.618e-01	0	0
C-NP.SST	Cellular Response to Growth Factor Stimulus (GO:0071363)	16	475	64	3592	1.891	7.480e-03	1.618e-01	0	0
C-NP.SST	Regulation of Monoatomic Ion Transport (GO:0043269)	4	475	7	3592	4.321	7.601e-03	1.618e-01	0	0
C-NP.SST	Ventricular Cardiac Muscle Cell Action Potential (GO:0086005)	4	475	7	3592	4.321	7.601e-03	1.618e-01	0	0
C-NP.SST	Transforming Growth Factor Beta Receptor Signaling Pathway (GO:0007179)	9	475	28	3592	2.431	7.725e-03	1.618e-01	0	0
C-NP.SST	Regulation of Transforming Growth Factor Beta Receptor Signaling Pathway (GO:0017015)	12	475	43	3592	2.110	7.891e-03	1.618e-01	0	0
C-NP.SST	Regulation of Cytokine-Mediated Signaling Pathway (GO:0001959)	7	475	19	3592	2.786	8.132e-03	1.618e-01	0	0
C-NP.SST	Cardiac Left Ventricle Morphogenesis (GO:0003214)	3	475	4	3592	5.672	8.292e-03	1.618e-01	0	0
C-NP.SST	Elastic Fiber Assembly (GO:0048251)	3	475	4	3592	5.672	8.292e-03	1.618e-01	0	0
C-NP.SST	Glutamine Family Amino Acid Metabolic Process (GO:0009064)	3	475	4	3592	5.672	8.292e-03	1.618e-01	0	0
C-NP.SST	Negative Regulation of Muscle Hypertrophy (GO:0014741)	3	475	4	3592	5.672	8.292e-03	1.618e-01	0	0
C-NP.SST	Positive Regulation of Receptor Catabolic Process (GO:2000646)	3	475	4	3592	5.672	8.292e-03	1.618e-01	0	0
C-NP.SST	Protein Localization to Nuclear Envelope (GO:0090435)	3	475	4	3592	5.672	8.292e-03	1.618e-01	0	0
C-NP.SST	Regulation of Collagen Fibril Organization (GO:1904026)	3	475	4	3592	5.672	8.292e-03	1.618e-01	0	0
C-NP.SST	Response to Iron Ion (GO:0010039)	3	475	4	3592	5.672	8.292e-03	1.618e-01	0	0
C-NP.SST	Positive Regulation of Macromolecule Biosynthetic Process (GO:0010557)	28	475	135	3592	1.568	8.752e-03	1.667e-01	0	0
C-NP.SST	Mitotic DNA Damage Checkpoint Signaling (GO:0044773)	6	475	15	3592	3.025	9.034e-03	1.667e-01	0	0
C-NP.SST	Negative Regulation of Secretion by Cell (GO:1903531)	6	475	15	3592	3.025	9.034e-03	1.667e-01	0	0
C-NP.SST	Regulation of Androgen Receptor Signaling Pathway (GO:0060765)	6	475	15	3592	3.025	9.034e-03	1.667e-01	0	0
C-NP.SST	Cellular Response to Lectin (GO:1990858)	5	475	11	3592	3.437	9.223e-03	1.667e-01	0	0
C-NP.SST	Negative Regulation of Intrinsic Apoptotic Signaling Pathway by P53 Class Mediator (GO:1902254)	5	475	11	3592	3.437	9.223e-03	1.667e-01	0	0
C-NP.SST	Stimulatory C-type Lectin Receptor Signaling Pathway (GO:0002223)	5	475	11	3592	3.437	9.223e-03	1.667e-01	0	0
C-NP.SST	Positive Regulation of Cell Differentiation (GO:0045597)	21	475	95	3592	1.672	1.070e-02	1.907e-01	0	0
C-NP.SST	Regulation of Cell Differentiation (GO:0045595)	17	475	72	3592	1.785	1.077e-02	1.907e-01	0	0
C-NP.SST	Circulatory System Development (GO:0072359)	13	475	50	3592	1.966	1.090e-02	1.909e-01	0	0
C-NP.SST	Intrinsic Apoptotic Signaling Pathway in Response to DNA Damage (GO:0008630)	7	475	20	3592	2.647	1.112e-02	1.909e-01	0	0
C-NP.SST	Regulation of Autophagosome Assembly (GO:2000785)	7	475	20	3592	2.647	1.112e-02	1.909e-01	0	0
C-NP.SST	Negative Regulation of Catabolic Process (GO:0009895)	12	475	45	3592	2.017	1.155e-02	1.931e-01	0	0
C-NP.SST	Heart Development (GO:0007507)	14	475	56	3592	1.891	1.199e-02	1.931e-01	0	0
C-NP.SST	Regulation of Fat Cell Differentiation (GO:0045598)	8	475	25	3592	2.420	1.219e-02	1.931e-01	0	0
C-NP.SST	Response to Interleukin-1 (GO:0070555)	8	475	25	3592	2.420	1.219e-02	1.931e-01	0	0
C-NP.SST	Negative Regulation of Intracellular Steroid Hormone Receptor Signaling Pathway (GO:0033144)	6	475	16	3592	2.836	1.287e-02	1.931e-01	0	0
C-NP.SST	Positive Regulation of Cell Migration (GO:0030335)	25	475	121	3592	1.562	1.351e-02	1.931e-01	0	0
C-NP.SST	Cellular Response to Angiotensin (GO:1904385)	4	475	8	3592	3.781	1.363e-02	1.931e-01	0	0
C-NP.SST	Negative Regulation of Cardiac Muscle Hypertrophy (GO:0010614)	4	475	8	3592	3.781	1.363e-02	1.931e-01	0	0
C-NP.SST	Polarized Epithelial Cell Differentiation (GO:0030859)	4	475	8	3592	3.781	1.363e-02	1.931e-01	0	0
C-NP.SST	Receptor Catabolic Process (GO:0032801)	4	475	8	3592	3.781	1.363e-02	1.931e-01	0	0
C-NP.SST	Regulation of Cell-Cell Adhesion Mediated by Cadherin (GO:2000047)	4	475	8	3592	3.781	1.363e-02	1.931e-01	0	0
C-NP.SST	Regulation of Collagen Biosynthetic Process (GO:0032965)	4	475	8	3592	3.781	1.363e-02	1.931e-01	0	0
C-NP.SST	Regulation of Protein Processing (GO:0070613)	4	475	8	3592	3.781	1.363e-02	1.931e-01	0	0
C-NP.SST	snRNA Metabolic Process (GO:0016073)	4	475	8	3592	3.781	1.363e-02	1.931e-01	0	0
C-NP.SST	Innate Immune Response Activating Cell Surface Receptor Signaling Pathway (GO:0002220)	5	475	12	3592	3.151	1.412e-02	1.931e-01	0	0
C-NP.SST	Leukocyte Cell-Cell Adhesion (GO:0007159)	5	475	12	3592	3.151	1.412e-02	1.931e-01	0	0
C-NP.SST	Negative Regulation of Cell Cycle G1/S Phase Transition (GO:1902807)	5	475	12	3592	3.151	1.412e-02	1.931e-01	0	0
C-NP.SST	Negative Regulation of miRNA Metabolic Process (GO:2000629)	5	475	12	3592	3.151	1.412e-02	1.931e-01	0	0
C-NP.SST	Negative Regulation of miRNA Transcription (GO:1902894)	5	475	12	3592	3.151	1.412e-02	1.931e-01	0	0
C-NP.SST	Positive Regulation of Cellular Response to Transforming Growth Factor Beta Stimulus (GO:1903846)	5	475	12	3592	3.151	1.412e-02	1.931e-01	0	0
C-NP.SST	Positive Regulation of SMAD Protein Signal Transduction (GO:0060391)	5	475	12	3592	3.151	1.412e-02	1.931e-01	0	0
C-NP.SST	Positive Regulation of Transforming Growth Factor Beta Receptor Signaling Pathway (GO:0030511)	5	475	12	3592	3.151	1.412e-02	1.931e-01	0	0
C-NP.SST	Regulation of Anoikis (GO:2000209)	5	475	12	3592	3.151	1.412e-02	1.931e-01	0	0
C-NP.SST	Wnt Signaling Pathway. Planar Cell Polarity Pathway (GO:0060071)	5	475	12	3592	3.151	1.412e-02	1.931e-01	0	0
C-NP.SST	tRNA Modification (GO:0006400)	5	475	12	3592	3.151	1.412e-02	1.931e-01	0	0
C-NP.SST	Positive Regulation of DNA-binding Transcription Factor Activity (GO:0051091)	17	475	74	3592	1.737	1.417e-02	1.931e-01	0	0
C-NP.SST	Positive Regulation of Angiogenesis (GO:0045766)	11	475	41	3592	2.029	1.464e-02	1.958e-01	0	0
C-NP.SST	Positive Regulation of Interleukin-8 Production (GO:0032757)	7	475	21	3592	2.521	1.482e-02	1.958e-01	0	0
C-NP.SST	Positive Regulation of Transport (GO:0051050)	7	475	21	3592	2.521	1.482e-02	1.958e-01	0	0
C-NP.SST	Response to Peptide Hormone (GO:0043434)	7	475	21	3592	2.521	1.482e-02	1.958e-01	0	0
C-NP.SST	Cellular Response to Transforming Growth Factor Beta Stimulus (GO:0071560)	10	475	36	3592	2.101	1.530e-02	2.006e-01	0	0
C-NP.SST	Regulation of Interleukin-8 Production (GO:0032677)	8	475	26	3592	2.327	1.563e-02	2.026e-01	0	0
C-NP.SST	Positive Regulation of Inflammatory Response (GO:0050729)	9	475	31	3592	2.195	1.569e-02	2.026e-01	0	0
C-NP.SST	Positive Regulation of Multicellular Organismal Process (GO:0051240)	27	475	135	3592	1.512	1.601e-02	2.051e-01	0	0
C-NP.SST	Positive Regulation of Developmental Process (GO:0051094)	19	475	87	3592	1.651	1.679e-02	2.058e-01	0	0
C-NP.SST	Cellular Response to Cytokine Stimulus (GO:0071345)	22	475	105	3592	1.584	1.695e-02	2.058e-01	0	0
C-NP.SST	Cellular Response to Oxygen-Containing Compound (GO:1901701)	27	475	136	3592	1.501	1.757e-02	2.058e-01	0	0
C-NP.SST	Retrograde Vesicle-Mediated Transport. Golgi to Endoplasmic Reticulum (GO:0006890)	6	475	17	3592	2.669	1.772e-02	2.058e-01	0	0
C-NP.SST	Cellular Response to Lipid (GO:0071396)	16	475	70	3592	1.728	1.788e-02	2.058e-01	0	0
C-NP.SST	Acylglycerol Homeostasis (GO:0055090)	3	475	5	3592	4.537	1.870e-02	2.058e-01	0	0
C-NP.SST	CD40 Signaling Pathway (GO:0023035)	3	475	5	3592	4.537	1.870e-02	2.058e-01	0	0
C-NP.SST	High-Density Lipoprotein Particle Remodeling (GO:0034375)	3	475	5	3592	4.537	1.870e-02	2.058e-01	0	0
C-NP.SST	Negative Regulation of Activated T Cell Proliferation (GO:0046007)	3	475	5	3592	4.537	1.870e-02	2.058e-01	0	0
C-NP.SST	Negative Regulation of Cell Activation (GO:0050866)	3	475	5	3592	4.537	1.870e-02	2.058e-01	0	0
C-NP.SST	Negative Regulation of Cell-Cell Adhesion Mediated by Cadherin (GO:2000048)	3	475	5	3592	4.537	1.870e-02	2.058e-01	0	0
C-NP.SST	Negative Regulation of Stem Cell Population Maintenance (GO:1902455)	3	475	5	3592	4.537	1.870e-02	2.058e-01	0	0
C-NP.SST	Negative Regulation of Vascular Endothelial Growth Factor Receptor Signaling Pathway (GO:0030948)	3	475	5	3592	4.537	1.870e-02	2.058e-01	0	0
C-NP.SST	Peptide Cross-Linking (GO:0018149)	3	475	5	3592	4.537	1.870e-02	2.058e-01	0	0
C-NP.SST	Positive Regulation of Cardiac Epithelial to Mesenchymal Transition (GO:0062043)	3	475	5	3592	4.537	1.870e-02	2.058e-01	0	0
C-NP.SST	Positive Regulation of Leukocyte Differentiation (GO:1902107)	3	475	5	3592	4.537	1.870e-02	2.058e-01	0	0
C-NP.SST	Regulation of Chaperone-Mediated Autophagy (GO:1904714)	3	475	5	3592	4.537	1.870e-02	2.058e-01	0	0
C-NP.SST	Regulation of Chondrocyte Differentiation (GO:0032330)	3	475	5	3592	4.537	1.870e-02	2.058e-01	0	0
C-NP.SST	Regulation of Pattern Recognition Receptor Signaling Pathway (GO:0062207)	3	475	5	3592	4.537	1.870e-02	2.058e-01	0	0
C-NP.SST	Regulation of Superoxide Metabolic Process (GO:0090322)	3	475	5	3592	4.537	1.870e-02	2.058e-01	0	0
C-NP.SST	Regulation of Transforming Growth Factor Beta Production (GO:0071634)	3	475	5	3592	4.537	1.870e-02	2.058e-01	0	0
C-NP.SST	Toll-Like Receptor 3 Signaling Pathway (GO:0034138)	3	475	5	3592	4.537	1.870e-02	2.058e-01	0	0
C-NP.SST	Epithelial to Mesenchymal Transition (GO:0001837)	7	475	22	3592	2.406	1.933e-02	2.102e-01	0	0
C-NP.SST	Response to Lipopolysaccharide (GO:0032496)	12	475	48	3592	1.891	1.934e-02	2.102e-01	0	0
C-NP.SST	Positive Regulation of MAP Kinase Activity (GO:0043406)	8	475	27	3592	2.241	1.971e-02	2.116e-01	0	0
C-NP.SST	Response to Tumor Necrosis Factor (GO:0034612)	8	475	27	3592	2.241	1.971e-02	2.116e-01	0	0
C-NP.SST	Non-Canonical Wnt Signaling Pathway (GO:0035567)	5	475	13	3592	2.909	2.050e-02	2.173e-01	0	0
C-NP.SST	Regulation of Metal Ion Transport (GO:0010959)	5	475	13	3592	2.909	2.050e-02	2.173e-01	0	0
C-NP.SST	Regulation of Cell Population Proliferation (GO:0042127)	44	475	248	3592	1.342	2.163e-02	2.184e-01	0	0
C-NP.SST	Acylglycerol Metabolic Process (GO:0006639)	4	475	9	3592	3.361	2.201e-02	2.184e-01	0	0
C-NP.SST	Negative Regulation of Telomere Maintenance (GO:0032205)	4	475	9	3592	3.361	2.201e-02	2.184e-01	0	0
C-NP.SST	Positive Regulation of Defense Response to Virus by Host (GO:0002230)	4	475	9	3592	3.361	2.201e-02	2.184e-01	0	0
C-NP.SST	Positive Regulation of Vacuole Organization (GO:0044090)	4	475	9	3592	3.361	2.201e-02	2.184e-01	0	0
C-NP.SST	Regulation of Early Endosome to Late Endosome Transport (GO:2000641)	4	475	9	3592	3.361	2.201e-02	2.184e-01	0	0
C-NP.SST	Regulation of Endothelial Cell Chemotaxis (GO:2001026)	4	475	9	3592	3.361	2.201e-02	2.184e-01	0	0
C-NP.SST	Regulation of Extracellular Matrix Organization (GO:1903053)	4	475	9	3592	3.361	2.201e-02	2.184e-01	0	0
C-NP.SST	Vascular Endothelial Cell Response to Fluid Shear Stress (GO:0097699)	4	475	9	3592	3.361	2.201e-02	2.184e-01	0	0
C-NP.SST	Ventricular Cardiac Muscle Tissue Morphogenesis (GO:0055010)	4	475	9	3592	3.361	2.201e-02	2.184e-01	0	0
C-NP.SST	Ventricular Septum Morphogenesis (GO:0060412)	4	475	9	3592	3.361	2.201e-02	2.184e-01	0	0
C-NP.SST	Regulation of Inflammatory Response (GO:0050727)	15	475	66	3592	1.719	2.257e-02	2.227e-01	0	0
C-NP.SST	Positive Regulation of Growth (GO:0045927)	9	475	33	3592	2.062	2.361e-02	2.260e-01	0	0
C-NP.SST	Apoptotic Process (GO:0006915)	19	475	90	3592	1.596	2.363e-02	2.260e-01	0	0
C-NP.SST	Gland Development (GO:0048732)	6	475	18	3592	2.521	2.370e-02	2.260e-01	0	0
C-NP.SST	Positive Regulation of Monoatomic Ion Transport (GO:0043270)	6	475	18	3592	2.521	2.370e-02	2.260e-01	0	0
C-NP.SST	Regulation of SMAD Protein Signal Transduction (GO:0060390)	6	475	18	3592	2.521	2.370e-02	2.260e-01	0	0
C-NP.SST	Response to Glucose (GO:0009749)	6	475	18	3592	2.521	2.370e-02	2.260e-01	0	0
C-NP.SST	Negative Regulation of Autophagy (GO:0010507)	8	475	28	3592	2.161	2.451e-02	2.294e-01	0	0
C-NP.SST	Regulation of miRNA Transcription (GO:1902893)	8	475	28	3592	2.161	2.451e-02	2.294e-01	0	0
C-NP.SST	Signal Transduction in Response to DNA Damage (GO:0042770)	8	475	28	3592	2.161	2.451e-02	2.294e-01	0	0
C-NP.SST	Positive Regulation of NF-kappaB Transcription Factor Activity (GO:0051092)	11	475	44	3592	1.891	2.463e-02	2.294e-01	0	0
C-NP.SST	Peptidyl-Threonine Phosphorylation (GO:0018107)	7	475	23	3592	2.302	2.472e-02	2.294e-01	0	0
C-NP.SST	Regulation of Angiogenesis (GO:0045765)	16	475	73	3592	1.657	2.611e-02	2.410e-01	0	0
C-NP.SST	Positive Regulation of MAPK Cascade (GO:0043410)	25	475	128	3592	1.477	2.636e-02	2.421e-01	0	0
C-PEP.ADORA2B	Regulation of DNA-templated Transcription (GO:0006355)	109	484	475	3592	1.703	8.481e-10	1.356e-06	1	0
C-PEP.ADORA2B	Negative Regulation of DNA-templated Transcription (GO:0045892)	76	484	305	3592	1.849	1.258e-08	1.006e-05	1	0
C-PEP.ADORA2B	Negative Regulation of Transcription by RNA Polymerase II (GO:0000122)	56	484	224	3592	1.855	1.186e-06	6.322e-04	0	0
C-PEP.ADORA2B	Intracellular Signaling Cassette (GO:0141124)	37	484	138	3592	1.990	1.635e-05	6.535e-03	1	0
C-PEP.ADORA2B	DNA Damage Response (GO:0006974)	33	484	123	3592	1.991	4.678e-05	1.258e-02	1	0
C-PEP.ADORA2B	Negative Regulation of RNA Biosynthetic Process (GO:1902679)	39	484	155	3592	1.867	4.721e-05	1.258e-02	0	0
C-PEP.ADORA2B	Negative Regulation of MAPK Cascade (GO:0043409)	21	484	66	3592	2.361	8.454e-05	1.931e-02	1	0
C-PEP.ADORA2B	Cellular Response to Hydrogen Peroxide (GO:0070301)	9	484	17	3592	3.929	1.213e-04	2.424e-02	0	0
C-PEP.ADORA2B	Positive Regulation of DNA-templated Transcription (GO:0045893)	75	484	377	3592	1.476	1.524e-04	2.587e-02	0	0
C-PEP.ADORA2B	Intrinsic Apoptotic Signaling Pathway (GO:0097193)	17	484	50	3592	2.523	1.618e-04	2.587e-02	0	0
C-PEP.ADORA2B	ER-nucleus Signaling Pathway (GO:0006984)	8	484	15	3592	3.958	2.771e-04	3.693e-02	0	0
C-PEP.ADORA2B	Intrinsic Apoptotic Signaling Pathway in Response to Endoplasmic Reticulum Stress (GO:0070059)	8	484	15	3592	3.958	2.771e-04	3.693e-02	0	0
C-PEP.ADORA2B	Regulation of Anoikis (GO:2000209)	7	484	12	3592	4.329	3.321e-04	4.084e-02	0	0
C-PEP.ADORA2B	Response to Hydrogen Peroxide (GO:0042542)	9	484	19	3592	3.515	3.584e-04	4.094e-02	0	0
C-PEP.ADORA2B	Negative Regulation of Intracellular Steroid Hormone Receptor Signaling Pathway (GO:0033144)	8	484	16	3592	3.711	4.895e-04	4.808e-02	0	0
C-PEP.ADORA2B	Positive Regulation of Transcription by RNA Polymerase II (GO:0045944)	56	484	273	3592	1.522	5.147e-04	4.808e-02	0	0
C-PEP.ADORA2B	Intrinsic Apoptotic Signaling Pathway in Response to DNA Damage (GO:0008630)	9	484	20	3592	3.340	5.749e-04	4.808e-02	0	0
C-PEP.ADORA2B	Negative Regulation of Autophagy (GO:0010507)	11	484	28	3592	2.916	5.850e-04	4.808e-02	0	0
C-PEP.ADORA2B	Signal Transduction in Response to DNA Damage (GO:0042770)	11	484	28	3592	2.916	5.850e-04	4.808e-02	0	0
C-PEP.ADORA2B	Positive Regulation of RNA Biosynthetic Process (GO:1902680)	41	484	185	3592	1.645	6.014e-04	4.808e-02	0	0
C-PEP.ADORA2B	Negative Regulation of Anoikis (GO:2000811)	6	484	10	3592	4.453	7.545e-04	5.547e-02	0	0
C-PEP.ADORA2B	Regulation of Sodium Ion Transport (GO:0002028)	8	484	17	3592	3.492	8.168e-04	5.547e-02	0	0
C-PEP.ADORA2B	Negative Regulation of Gene Expression. Epigenetic (GO:0045814)	11	484	29	3592	2.815	8.301e-04	5.547e-02	0	0
C-PEP.ADORA2B	Positive Regulation of Developmental Process (GO:0051094)	23	484	87	3592	1.962	8.325e-04	5.547e-02	0	0
C-PEP.ADORA2B	Non-Canonical NF-kappaB Signal Transduction (GO:0038061)	7	484	14	3592	3.711	1.127e-03	6.928e-02	0	0
C-PEP.ADORA2B	Regulation of Epithelial Cell Migration (GO:0010632)	7	484	14	3592	3.711	1.127e-03	6.928e-02	0	0
C-PEP.ADORA2B	Regulation of Extrinsic Apoptotic Signaling Pathway (GO:2001236)	10	484	26	3592	2.854	1.264e-03	7.484e-02	0	0
C-PEP.ADORA2B	Regulation of Gene Expression (GO:0010468)	65	484	341	3592	1.415	1.468e-03	8.117e-02	0	0
C-PEP.ADORA2B	Protein Acetylation (GO:0006473)	6	484	11	3592	4.048	1.472e-03	8.117e-02	0	0
C-PEP.ADORA2B	Inflammatory Response (GO:0006954)	18	484	65	3592	2.055	1.706e-03	8.580e-02	0	0
C-PEP.ADORA2B	Cellular Response to Angiotensin (GO:1904385)	5	484	8	3592	4.638	1.717e-03	8.580e-02	0	0
C-PEP.ADORA2B	Regulation of Establishment of Endothelial Barrier (GO:1903140)	5	484	8	3592	4.638	1.717e-03	8.580e-02	0	0
C-PEP.ADORA2B	Positive Regulation of Extrinsic Apoptotic Signaling Pathway (GO:2001238)	7	484	15	3592	3.463	1.870e-03	9.060e-02	0	0
C-PEP.ADORA2B	Cellular Response to Reactive Oxygen Species (GO:0034614)	12	484	37	3592	2.407	2.365e-03	1.081e-01	0	0
C-PEP.ADORA2B	Regulation of Cell Differentiation (GO:0045595)	19	484	72	3592	1.958	2.373e-03	1.081e-01	0	0
C-PEP.ADORA2B	Response to Laminar Fluid Shear Stress (GO:0034616)	3	484	3	3592	7.421	2.433e-03	1.081e-01	0	0
C-PEP.ADORA2B	Canonical NF-kappaB Signal Transduction (GO:0007249)	9	484	24	3592	2.783	2.716e-03	1.143e-01	0	0
C-PEP.ADORA2B	Regulation of Intrinsic Apoptotic Signaling Pathway (GO:2001242)	9	484	24	3592	2.783	2.716e-03	1.143e-01	0	0
C-PEP.ADORA2B	Regulation of Angiogenesis (GO:0045765)	19	484	73	3592	1.932	2.817e-03	1.155e-01	0	0
C-PEP.ADORA2B	MyD88-independent Toll-Like Receptor Signaling Pathway (GO:0002756)	4	484	6	3592	4.948	3.903e-03	1.486e-01	0	0
C-PEP.ADORA2B	Response to Angiotensin (GO:1990776)	4	484	6	3592	4.948	3.903e-03	1.486e-01	0	0
C-PEP.ADORA2B	TRIF-dependent Toll-Like Receptor Signaling Pathway (GO:0035666)	4	484	6	3592	4.948	3.903e-03	1.486e-01	0	0
C-PEP.ADORA2B	Protein Phosphorylation (GO:0006468)	34	484	161	3592	1.567	4.065e-03	1.512e-01	0	0
C-PEP.ADORA2B	Regulation of Sodium Ion Transmembrane Transport (GO:1902305)	6	484	13	3592	3.425	4.306e-03	1.541e-01	0	0
C-PEP.ADORA2B	Photoperiodism (GO:0009648)	7	484	17	3592	3.056	4.432e-03	1.541e-01	0	0
C-PEP.ADORA2B	Toll-Like Receptor Signaling Pathway (GO:0002224)	7	484	17	3592	3.056	4.432e-03	1.541e-01	0	0
C-PEP.ADORA2B	Cellular Response to Nitrogen Compound (GO:1901699)	19	484	76	3592	1.855	4.584e-03	1.559e-01	0	0
C-PEP.ADORA2B	Regulation of Nitric Oxide Biosynthetic Process (GO:0045428)	8	484	22	3592	2.699	5.802e-03	1.919e-01	0	0
C-PEP.ADORA2B	Regulation of Cellular Response to Stress (GO:0080135)	13	484	46	3592	2.097	6.046e-03	1.919e-01	0	0
C-PEP.ADORA2B	Positive Regulation of Epithelial Cell Migration (GO:0010634)	5	484	10	3592	3.711	6.121e-03	1.919e-01	0	0
C-PEP.ADORA2B	Stress-Activated MAPK Cascade (GO:0051403)	5	484	10	3592	3.711	6.121e-03	1.919e-01	0	0
C-PEP.ADORA2B	Regulation of Microtubule-Based Process (GO:0032886)	7	484	18	3592	2.886	6.426e-03	1.945e-01	0	0
C-PEP.ADORA2B	Intrinsic Apoptotic Signaling Pathway by P53 Class Mediator (GO:0072332)	6	484	14	3592	3.181	6.690e-03	1.945e-01	0	0
C-PEP.ADORA2B	Regulation of Cardiac Muscle Hypertrophy (GO:0010611)	6	484	14	3592	3.181	6.690e-03	1.945e-01	0	0
C-PEP.ADORA2B	Response to Transforming Growth Factor Beta (GO:0071559)	6	484	14	3592	3.181	6.690e-03	1.945e-01	0	0
C-PEP.ADORA2B	Microtubule Anchoring at Microtubule Organizing Center (GO:0072393)	4	484	7	3592	4.241	8.141e-03	2.119e-01	0	0
C-PEP.ADORA2B	Negative Regulation of Androgen Receptor Signaling Pathway (GO:0060766)	4	484	7	3592	4.241	8.141e-03	2.119e-01	0	0
C-PEP.ADORA2B	Positive Regulation of Dendrite Morphogenesis (GO:0050775)	4	484	7	3592	4.241	8.141e-03	2.119e-01	0	0
C-PEP.ADORA2B	Positive Regulation of Dendritic Spine Morphogenesis (GO:0061003)	4	484	7	3592	4.241	8.141e-03	2.119e-01	0	0
C-PEP.ADORA2B	Vascular Transport (GO:0010232)	9	484	28	3592	2.385	8.737e-03	2.119e-01	0	0
C-PEP.ADORA2B	Negative Regulation of Myotube Differentiation (GO:0010832)	3	484	4	3592	5.566	8.755e-03	2.119e-01	0	0
C-PEP.ADORA2B	Negative Regulation of Nitric Oxide Biosynthetic Process (GO:0045019)	3	484	4	3592	5.566	8.755e-03	2.119e-01	0	0
C-PEP.ADORA2B	Negative Regulation of Nitric Oxide Metabolic Process (GO:1904406)	3	484	4	3592	5.566	8.755e-03	2.119e-01	0	0
C-PEP.ADORA2B	Nucleotide-Binding Domain. Leucine Rich Repeat Containing Receptor Signaling Pathway (GO:0035872)	3	484	4	3592	5.566	8.755e-03	2.119e-01	0	0
C-PEP.ADORA2B	Regulation of Cell Cycle Checkpoint (GO:1901976)	3	484	4	3592	5.566	8.755e-03	2.119e-01	0	0
C-PEP.ADORA2B	Regulation of Endothelial Cell Development (GO:1901550)	3	484	4	3592	5.566	8.755e-03	2.119e-01	0	0
C-PEP.ADORA2B	Signal Transduction by P53 Class Mediator (GO:0072331)	7	484	19	3592	2.734	9.017e-03	2.119e-01	0	0
C-PEP.ADORA2B	Fc-epsilon Receptor Signaling Pathway (GO:0038095)	6	484	15	3592	2.969	9.904e-03	2.119e-01	0	0
C-PEP.ADORA2B	Heterochromatin Formation (GO:0031507)	6	484	15	3592	2.969	9.904e-03	2.119e-01	0	0
C-PEP.ADORA2B	Regulation of Androgen Receptor Signaling Pathway (GO:0060765)	6	484	15	3592	2.969	9.904e-03	2.119e-01	0	0
C-PEP.ADORA2B	Cardiac Muscle Cell Contraction (GO:0086003)	5	484	11	3592	3.373	9.996e-03	2.119e-01	0	0
C-PEP.ADORA2B	Cardiac Muscle Contraction (GO:0060048)	5	484	11	3592	3.373	9.996e-03	2.119e-01	0	0
C-PEP.ADORA2B	Cellular Response to Lectin (GO:1990858)	5	484	11	3592	3.373	9.996e-03	2.119e-01	0	0
C-PEP.ADORA2B	SMAD Protein Signal Transduction (GO:0060395)	5	484	11	3592	3.373	9.996e-03	2.119e-01	0	0
C-PEP.ADORA2B	Stimulatory C-type Lectin Receptor Signaling Pathway (GO:0002223)	5	484	11	3592	3.373	9.996e-03	2.119e-01	0	0
C-PEP.ADORA2B	Positive Regulation of Apoptotic Process (GO:0043065)	26	484	122	3592	1.582	1.007e-02	2.119e-01	0	0
C-PEP.ADORA2B	Negative Regulation of Canonical NF-kappaB Signal Transduction (GO:0043124)	8	484	24	3592	2.474	1.045e-02	2.170e-01	0	0
C-PEP.ADORA2B	Positive Regulation of Programmed Cell Death (GO:0043068)	22	484	99	3592	1.649	1.060e-02	2.173e-01	0	0
C-PEP.ADORA2B	Negative Regulation of Extrinsic Apoptotic Signaling Pathway (GO:2001237)	9	484	29	3592	2.303	1.120e-02	2.230e-01	0	0
C-PEP.ADORA2B	Transport Across Blood-Brain Barrier (GO:0150104)	9	484	29	3592	2.303	1.120e-02	2.230e-01	0	0
C-PEP.ADORA2B	Chromatin Remodeling (GO:0006338)	20	484	88	3592	1.687	1.130e-02	2.230e-01	0	0
C-PEP.ADORA2B	Positive Regulation of Vasculature Development (GO:1904018)	10	484	34	3592	2.183	1.146e-02	2.235e-01	0	0
C-PEP.ADORA2B	Regulation of Glycolytic Process (GO:0006110)	7	484	20	3592	2.598	1.230e-02	2.369e-01	0	0
C-PEP.ADORA2B	Positive Regulation of Cellular Component Organization (GO:0051130)	12	484	45	3592	1.979	1.334e-02	2.394e-01	0	0
C-PEP.ADORA2B	Regulation of Trans-Synaptic Signaling (GO:0099177)	8	484	25	3592	2.375	1.360e-02	2.394e-01	0	0
C-PEP.ADORA2B	Phosphorylation (GO:0016310)	26	484	125	3592	1.544	1.378e-02	2.394e-01	0	0
C-PEP.ADORA2B	Entrainment of Circadian Clock by Photoperiod (GO:0043153)	6	484	16	3592	2.783	1.408e-02	2.394e-01	0	0
C-PEP.ADORA2B	Fc Receptor Signaling Pathway (GO:0038093)	6	484	16	3592	2.783	1.408e-02	2.394e-01	0	0
C-PEP.ADORA2B	Negative Regulation of ERK1 and ERK2 Cascade (GO:0070373)	9	484	30	3592	2.226	1.414e-02	2.394e-01	0	0
C-PEP.ADORA2B	Positive Regulation of GTPase Activity (GO:0043547)	10	484	35	3592	2.120	1.417e-02	2.394e-01	0	0
C-PEP.ADORA2B	Cortical Actin Cytoskeleton Organization (GO:0030866)	4	484	8	3592	3.711	1.457e-02	2.394e-01	0	0
C-PEP.ADORA2B	Extrinsic Apoptotic Signaling Pathway in Absence of Ligand (GO:0097192)	4	484	8	3592	3.711	1.457e-02	2.394e-01	0	0
C-PEP.ADORA2B	Intrinsic Apoptotic Signaling Pathway in Response to DNA Damage by P53 Class Mediator (GO:0042771)	4	484	8	3592	3.711	1.457e-02	2.394e-01	0	0
C-PEP.ADORA2B	Negative Regulation of Cell Junction Assembly (GO:1901889)	4	484	8	3592	3.711	1.457e-02	2.394e-01	0	0
C-PEP.ADORA2B	Innate Immune Response Activating Cell Surface Receptor Signaling Pathway (GO:0002220)	5	484	12	3592	3.092	1.527e-02	2.394e-01	0	0
C-PEP.ADORA2B	Protein Export From Nucleus (GO:0006611)	5	484	12	3592	3.092	1.527e-02	2.394e-01	0	0
C-PEP.ADORA2B	Regulation of Defense Response to Virus by Host (GO:0050691)	5	484	12	3592	3.092	1.527e-02	2.394e-01	0	0
C-PEP.ADORA2B	Steroid Metabolic Process (GO:0008202)	5	484	12	3592	3.092	1.527e-02	2.394e-01	0	0
C-PEP.ADORA2B	Stress-Activated Protein Kinase Signaling Cascade (GO:0031098)	5	484	12	3592	3.092	1.527e-02	2.394e-01	0	0
C-PEP.ADORA2B	Striated Muscle Contraction (GO:0006941)	5	484	12	3592	3.092	1.527e-02	2.394e-01	0	0
C-PEP.ADORA2B	Vascular Endothelial Growth Factor Receptor Signaling Pathway (GO:0048010)	5	484	12	3592	3.092	1.527e-02	2.394e-01	0	0
C-PEP.ADORA2B	mRNA Destabilization (GO:0061157)	5	484	12	3592	3.092	1.527e-02	2.394e-01	0	0
C-PEP.ADORA2B	Positive Regulation of Protein-Containing Complex Assembly (GO:0031334)	12	484	46	3592	1.936	1.592e-02	2.471e-01	0	0
C-PEP.TAC1_CACNG5	Multivesicular Body Assembly (GO:0036258)	7	446	10	3592	5.638	3.730e-05	2.738e-02	1	0
C-PEP.TAC1_CACNG5	Multivesicular Body Organization (GO:0036257)	7	446	10	3592	5.638	3.730e-05	2.738e-02	0	0
C-PEP.TAC1_CACNG5	Regulation of Vesicle-Mediated Transport (GO:0060627)	13	446	35	3592	2.991	1.553e-04	7.601e-02	0	0
C-PEP.TAC1_CACNG5	Membrane Fission (GO:0090148)	9	446	20	3592	3.624	3.076e-04	1.129e-01	0	0
C-PEP.TAC1_CACNG5	Late Endosome to Vacuole Transport via Multivesicular Body Sorting Pathway (GO:0032511)	6	446	10	3592	4.832	4.797e-04	1.409e-01	0	0
C-PEP.TAC1_CACNG5	Protein Transport (GO:0015031)	27	446	118	3592	1.843	9.338e-04	1.719e-01	0	0
C-PEP.TAC1_CACNG5	Regulation of Actin Nucleation (GO:0051125)	4	446	5	3592	6.443	1.059e-03	1.719e-01	0	0
C-PEP.TAC1_CACNG5	G Protein-Coupled Acetylcholine Receptor Signaling Pathway (GO:0007213)	5	446	8	3592	5.034	1.173e-03	1.719e-01	0	0
C-PEP.TAC1_CACNG5	Interleukin-6-Mediated Signaling Pathway (GO:0070102)	5	446	8	3592	5.034	1.173e-03	1.719e-01	0	0
C-PEP.TAC1_CACNG5	Suppression of Viral Release by Host (GO:0044790)	5	446	8	3592	5.034	1.173e-03	1.719e-01	0	0
C-PEP.TAC1_CACNG5	Positive Regulation of Endocytosis (GO:0045807)	10	446	28	3592	2.876	1.288e-03	1.719e-01	0	0
C-PEP.TAC1_CACNG5	Cellular Response to Interleukin-6 (GO:0071354)	6	446	12	3592	4.027	1.694e-03	1.913e-01	0	0
C-PEP.TAC1_CACNG5	Ub-dep Prot Cat Proc via Multivsiclr Bdy Sorting Pway (GO:0043162)	6	446	12	3592	4.027	1.694e-03	1.913e-01	0	0
C-PEP.TAC1_CACNG5	Receptor-Mediated Endocytosis of Virus by Host Cell (GO:0019065)	3	446	3	3592	8.054	1.903e-03	1.995e-01	0	0
C-PEP.TAC1_CACNG5	Lysosomal Lumen Acidification (GO:0007042)	5	446	9	3592	4.474	2.371e-03	2.320e-01	0	0
C-PEP.TAC1_CACNG5	Pyrimidine Nucleobase Catabolic Process (GO:0006208)	4	446	6	3592	5.369	2.864e-03	2.474e-01	0	0
C-PEP.TAC1_CACNG5	Pyrimidine Nucleobase Metabolic Process (GO:0006206)	4	446	6	3592	5.369	2.864e-03	2.474e-01	0	0
C-PEP.TAC1_CHRNA3	Protein Transport (GO:0015031)	29	430	118	3592	2.053	8.530e-05	9.493e-02	1	1
C-PEP.TAC1_CHRNA3	Cellular Response to Interleukin-9 (GO:0071355)	4	430	4	3592	8.353	2.029e-04	9.493e-02	1	1
C-PEP.TAC1_CHRNA3	Interleukin-9-Mediated Signaling Pathway (GO:0038113)	4	430	4	3592	8.353	2.029e-04	9.493e-02	0	1
C-PEP.TAC1_CHRNA3	Retrograde Vesicle-Mediated Transport. Golgi to Endoplasmic Reticulum (GO:0006890)	8	430	17	3592	3.931	3.598e-04	1.263e-01	1	1
C-PEP.TAC1_CHRNA3	Regulation of Secretion by Cell (GO:1903530)	9	430	22	3592	3.417	5.505e-04	1.546e-01	1	1
C-PEP.TAC1_CHRNA3	Protein Localization (GO:0008104)	28	430	127	3592	1.842	7.812e-04	1.589e-01	1	1
C-PEP.TAC1_CHRNA3	Regulation of Exocytosis (GO:0017157)	8	430	19	3592	3.517	8.993e-04	1.589e-01	0	1
C-PEP.TAC1_CHRNA3	Endoplasmic Reticulum to Cytosol Transport (GO:1903513)	6	430	12	3592	4.177	1.394e-03	1.589e-01	0	1
C-PEP.TAC1_CHRNA3	Vacuolar Acidification (GO:0007035)	6	430	12	3592	4.177	1.394e-03	1.589e-01	0	1
C-PEP.TAC1_CHRNA3	Regulated Exocytosis (GO:0045055)	7	430	16	3592	3.655	1.458e-03	1.589e-01	0	1
C-PEP.TAC1_CHRNA3	Cellular Response to Interleukin-2 (GO:0071352)	3	430	3	3592	8.353	1.705e-03	1.589e-01	0	1
C-PEP.TAC1_CHRNA3	Cellular Response to Interleukin-7 (GO:0098761)	3	430	3	3592	8.353	1.705e-03	1.589e-01	0	1
C-PEP.TAC1_CHRNA3	Interleukin-2-Mediated Signaling Pathway (GO:0038110)	3	430	3	3592	8.353	1.705e-03	1.589e-01	0	1
C-PEP.TAC1_CHRNA3	Interleukin-7-Mediated Signaling Pathway (GO:0038111)	3	430	3	3592	8.353	1.705e-03	1.589e-01	0	1
C-PEP.TAC1_CHRNA3	Protection From Non-Homologous End Joining at Telomere (GO:0031848)	3	430	3	3592	8.353	1.705e-03	1.589e-01	0	1
C-PEP.TAC1_CHRNA3	Regulation of Vesicle-Mediated Transport (GO:0060627)	11	430	35	3592	2.625	1.811e-03	1.589e-01	0	1
C-PEP.TAC1_CHRNA3	Lysosomal Lumen Acidification (GO:0007042)	5	430	9	3592	4.641	2.006e-03	1.657e-01	0	1
C-PEP.TAC1_CHRNA3	Negative Regulation of Cellular Response to Growth Factor Stimulus (GO:0090288)	9	430	27	3592	2.784	2.996e-03	2.214e-01	0	1
C-PEP.TAC1_CHRNA3	Regulation of Intracellular Transport (GO:0032386)	9	430	27	3592	2.784	2.996e-03	2.214e-01	0	1
C-PEP.TAC1_CHRNA3	Protein Targeting (GO:0006605)	13	430	48	3592	2.262	3.204e-03	2.249e-01	0	1
C-PEP.TAC1_CHRNA3	Regulation of Lysosomal Lumen pH (GO:0035751)	5	430	10	3592	4.177	3.621e-03	2.342e-01	0	1
C-PEP.TAC1_CHRNA3	Retrograde Protein Transport. ER to Cytosol (GO:0030970)	6	430	14	3592	3.580	3.670e-03	2.342e-01	0	1
C-PEP.TAC1_CHRNA3	Endoplasmic Reticulum to Golgi Vesicle-Mediated Transport (GO:0006888)	13	430	49	3592	2.216	3.899e-03	2.380e-01	0	1
C-Thermo.RXFP1	RISC Complex Assembly (GO:0070922)	6	451	6	3592	7.965	3.805e-06	5.871e-03	1	0
C-Thermo.RXFP1	Regulation of Trans-Synaptic Signaling (GO:0099177)	12	451	25	3592	3.823	1.480e-05	1.142e-02	1	0
C-Thermo.RXFP1	pre-miRNA Processing (GO:0031054)	6	451	7	3592	6.827	2.380e-05	1.180e-02	0	0
C-Thermo.RXFP1	Interleukin-33-Mediated Signaling Pathway (GO:0038172)	5	451	5	3592	7.965	3.060e-05	1.180e-02	1	0
C-Thermo.RXFP1	Positive Regulation of DNA-binding Transcription Factor Activity (GO:0051091)	22	451	74	3592	2.368	6.075e-05	1.875e-02	1	0
C-Thermo.RXFP1	Interleukin-1-Mediated Signaling Pathway (GO:0070498)	8	451	15	3592	4.248	1.672e-04	4.073e-02	1	0
C-Thermo.RXFP1	Calcium Ion Import (GO:0070509)	7	451	12	3592	4.646	2.112e-04	4.073e-02	0	0
C-Thermo.RXFP1	miRNA Processing (GO:0035196)	7	451	12	3592	4.646	2.112e-04	4.073e-02	0	0
C-Thermo.RXFP1	Golgi Disassembly (GO:0090166)	4	451	4	3592	7.965	2.456e-04	4.211e-02	0	0
C-Thermo.RXFP1	Regulation of miRNA Transcription (GO:1902893)	11	451	28	3592	3.129	3.130e-04	4.830e-02	0	0
C-Thermo.RXFP1	Lipopolysaccharide-Mediated Signaling Pathway (GO:0031663)	5	451	7	3592	5.689	5.165e-04	6.715e-02	0	0
C-Thermo.RXFP1	Positive Regulation of miRNA Transcription (GO:1902895)	9	451	21	3592	3.413	5.223e-04	6.715e-02	0	0
C-Thermo.RXFP1	Protein Phosphorylation (GO:0006468)	35	451	161	3592	1.731	5.915e-04	7.021e-02	0	0
C-Thermo.RXFP1	Cilium Assembly (GO:0060271)	16	451	54	3592	2.360	6.419e-04	7.075e-02	0	0
C-Thermo.RXFP1	Modulation of Chemical Synaptic Transmission (GO:0050804)	17	451	60	3592	2.257	7.753e-04	7.726e-02	0	0
C-Thermo.RXFP1	Negative Regulation of DNA-templated Transcription (GO:0045892)	57	451	305	3592	1.488	8.512e-04	7.726e-02	0	0
C-Thermo.RXFP1	Protein Acetylation (GO:0006473)	6	451	11	3592	4.344	1.005e-03	7.726e-02	0	0
C-Thermo.RXFP1	Protein Acylation (GO:0043543)	6	451	11	3592	4.344	1.005e-03	7.726e-02	0	0
C-Thermo.RXFP1	Protein Localization to Cell Surface (GO:0034394)	6	451	11	3592	4.344	1.005e-03	7.726e-02	0	0
C-Thermo.RXFP1	Golgi Inheritance (GO:0048313)	4	451	5	3592	6.372	1.106e-03	7.726e-02	0	0
C-Thermo.RXFP1	Positive Regulation of Protein Acetylation (GO:1901985)	4	451	5	3592	6.372	1.106e-03	7.726e-02	0	0
C-Thermo.RXFP1	Regulation of Dephosphorylation (GO:0035303)	4	451	5	3592	6.372	1.106e-03	7.726e-02	0	0
C-Thermo.RXFP1	Positive Regulation of miRNA Metabolic Process (GO:2000630)	9	451	23	3592	3.117	1.152e-03	7.726e-02	0	0
C-Thermo.RXFP1	Endolysosomal Toll-Like Receptor Signaling Pathway (GO:0140894)	5	451	8	3592	4.978	1.236e-03	7.944e-02	0	0
C-Thermo.RXFP1	Response to Cytokine (GO:0034097)	16	451	58	3592	2.197	1.507e-03	8.434e-02	0	0
C-Thermo.RXFP1	Canonical NF-kappaB Signal Transduction (GO:0007249)	9	451	24	3592	2.987	1.641e-03	8.434e-02	0	0
C-Thermo.RXFP1	Positive Regulation of Cellular Response to Transforming Growth Factor Beta Stimulus (GO:1903846)	6	451	12	3592	3.982	1.798e-03	8.434e-02	0	0
C-Thermo.RXFP1	Positive Regulation of Phosphate Metabolic Process (GO:0045937)	6	451	12	3592	3.982	1.798e-03	8.434e-02	0	0
C-Thermo.RXFP1	Positive Regulation of Transforming Growth Factor Beta Receptor Signaling Pathway (GO:0030511)	6	451	12	3592	3.982	1.798e-03	8.434e-02	0	0
C-Thermo.RXFP1	Regulatory ncRNA-mediated Gene Silencing (GO:0031047)	6	451	12	3592	3.982	1.798e-03	8.434e-02	0	0
C-Thermo.RXFP1	External Encapsulating Structure Organization (GO:0045229)	7	451	16	3592	3.484	1.939e-03	8.434e-02	0	0
C-Thermo.RXFP1	Positive Regulation of Protein Import Into Nucleus (GO:0042307)	7	451	16	3592	3.484	1.939e-03	8.434e-02	0	0
C-Thermo.RXFP1	Cilium Organization (GO:0044782)	15	451	54	3592	2.212	1.949e-03	8.434e-02	0	0
C-Thermo.RXFP1	Modulation by Symbiont of Entry Into Host (GO:0052372)	3	451	3	3592	7.965	1.968e-03	8.434e-02	0	0
C-Thermo.RXFP1	Toll Signaling Pathway (GO:0008063)	3	451	3	3592	7.965	1.968e-03	8.434e-02	0	0
C-Thermo.RXFP1	miRNA-mediated Gene Silencing by mRNA Destabilization (GO:0035279)	3	451	3	3592	7.965	1.968e-03	8.434e-02	0	0
C-Thermo.RXFP1	Calcium Ion Import Across Plasma Membrane (GO:0098703)	5	451	9	3592	4.425	2.495e-03	9.125e-02	0	0
C-Thermo.RXFP1	Calcium Ion Import Into Cytosol (GO:1902656)	5	451	9	3592	4.425	2.495e-03	9.125e-02	0	0
C-Thermo.RXFP1	Negative Regulation of Cell-Matrix Adhesion (GO:0001953)	5	451	9	3592	4.425	2.495e-03	9.125e-02	0	0
C-Thermo.RXFP1	Post-Transcriptional Gene Silencing (GO:0016441)	5	451	9	3592	4.425	2.495e-03	9.125e-02	0	0
C-Thermo.RXFP1	Cytokine-Mediated Signaling Pathway (GO:0019221)	20	451	83	3592	1.919	2.514e-03	9.125e-02	0	0
C-Thermo.RXFP1	Positive Regulation of Intracellular Protein Transport (GO:0090316)	11	451	35	3592	2.503	2.673e-03	9.125e-02	0	0
C-Thermo.RXFP1	Positive Regulation of Transcription by RNA Polymerase II (GO:0045944)	50	451	273	3592	1.459	2.805e-03	9.125e-02	0	0
C-Thermo.RXFP1	Cytoplasmic Pattern Recognition Receptor Signaling Pathway (GO:0002753)	7	451	17	3592	3.280	2.945e-03	9.125e-02	0	0
C-Thermo.RXFP1	Extracellular Structure Organization (GO:0043062)	7	451	17	3592	3.280	2.945e-03	9.125e-02	0	0
C-Thermo.RXFP1	Negative Regulation of G Protein-Coupled Receptor Signaling Pathway (GO:0045744)	7	451	17	3592	3.280	2.945e-03	9.125e-02	0	0
C-Thermo.RXFP1	Regulation of Sodium Ion Transport (GO:0002028)	7	451	17	3592	3.280	2.945e-03	9.125e-02	0	0
C-Thermo.RXFP1	Toll-Like Receptor Signaling Pathway (GO:0002224)	7	451	17	3592	3.280	2.945e-03	9.125e-02	0	0
C-Thermo.RXFP1	Astral Microtubule Organization (GO:0030953)	4	451	6	3592	5.310	2.988e-03	9.125e-02	0	0
C-Thermo.RXFP1	Nuclear-Transcribed mRNA Catabolic Process (GO:0000956)	6	451	13	3592	3.676	2.989e-03	9.125e-02	0	0
C-Thermo.RXFP1	Apoptotic Process (GO:0006915)	21	451	90	3592	1.858	3.016e-03	9.125e-02	0	0
C-Thermo.RXFP1	Regulation of Extrinsic Apoptotic Signaling Pathway (GO:2001236)	9	451	26	3592	2.757	3.114e-03	9.242e-02	0	0
C-Thermo.RXFP1	Plasma Membrane Bounded Cell Projection Assembly (GO:0120031)	18	451	74	3592	1.937	3.649e-03	1.062e-01	0	0
C-Thermo.RXFP1	Anterograde Trans-Synaptic Signaling (GO:0098916)	19	451	80	3592	1.892	3.804e-03	1.087e-01	0	0
C-Thermo.RXFP1	Cellular Response to Interleukin-1 (GO:0071347)	9	451	27	3592	2.655	4.164e-03	1.129e-01	0	0
C-Thermo.RXFP1	Cell Surface Toll-Like Receptor Signaling Pathway (GO:0140895)	7	451	18	3592	3.097	4.307e-03	1.129e-01	0	0
C-Thermo.RXFP1	Toll-Like Receptor 4 Signaling Pathway (GO:0034142)	7	451	18	3592	3.097	4.307e-03	1.129e-01	0	0
C-Thermo.RXFP1	Regulation of Response to External Stimulus (GO:0032101)	11	451	37	3592	2.368	4.336e-03	1.129e-01	0	0
C-Thermo.RXFP1	MyD88-dependent Toll-Like Receptor Signaling Pathway (GO:0002755)	5	451	10	3592	3.982	4.479e-03	1.129e-01	0	0
C-Thermo.RXFP1	Regulation of Necroptotic Process (GO:0060544)	5	451	10	3592	3.982	4.479e-03	1.129e-01	0	0
C-Thermo.RXFP1	Regulatory ncRNA Processing (GO:0070918)	5	451	10	3592	3.982	4.479e-03	1.129e-01	0	0
C-Thermo.RXFP1	Intrinsic Apoptotic Signaling Pathway by P53 Class Mediator (GO:0072332)	6	451	14	3592	3.413	4.684e-03	1.129e-01	0	0
C-Thermo.RXFP1	Regulation of Cardiac Muscle Hypertrophy (GO:0010611)	6	451	14	3592	3.413	4.684e-03	1.129e-01	0	0
C-Thermo.RXFP1	Regulation of p38MAPK Cascade (GO:1900744)	6	451	14	3592	3.413	4.684e-03	1.129e-01	0	0
C-Thermo.RXFP1	Calcium Ion Transmembrane Import Into Cytosol (GO:0097553)	9	451	28	3592	2.560	5.470e-03	1.299e-01	0	0
C-Thermo.RXFP1	Organelle Disassembly (GO:1903008)	7	451	19	3592	2.934	6.096e-03	1.339e-01	0	0
C-Thermo.RXFP1	Protein Destabilization (GO:0031648)	7	451	19	3592	2.934	6.096e-03	1.339e-01	0	0
C-Thermo.RXFP1	Regulation of Interleukin-2 Production (GO:0032663)	7	451	19	3592	2.934	6.096e-03	1.339e-01	0	0
C-Thermo.RXFP1	Signal Transduction by P53 Class Mediator (GO:0072331)	7	451	19	3592	2.934	6.096e-03	1.339e-01	0	0
C-Thermo.RXFP1	Retrograde Transport. Vesicle Recycling Within Golgi (GO:0000301)	4	451	7	3592	4.551	6.284e-03	1.339e-01	0	0
C-Thermo.RXFP1	Peptidyl-Serine Modification (GO:0018209)	11	451	39	3592	2.246	6.732e-03	1.339e-01	0	0
C-Thermo.RXFP1	Negative Regulation of Transcription by RNA Polymerase II (GO:0000122)	41	451	224	3592	1.458	6.741e-03	1.339e-01	0	0
C-Thermo.RXFP1	Negative Regulation of JNK Cascade (GO:0046329)	6	451	15	3592	3.186	6.992e-03	1.339e-01	0	0
C-Thermo.RXFP1	Regulation of Chemotaxis (GO:0050920)	6	451	15	3592	3.186	6.992e-03	1.339e-01	0	0
C-Thermo.RXFP1	Cellular Response to Lipopolysaccharide (GO:0071222)	10	451	34	3592	2.343	7.001e-03	1.339e-01	0	0
C-Thermo.RXFP1	Negative Regulation of Supramolecular Fiber Organization (GO:1902904)	10	451	34	3592	2.343	7.001e-03	1.339e-01	0	0
C-Thermo.RXFP1	Positive Regulation of Intracellular Signal Transduction (GO:1902533)	47	451	265	3592	1.413	7.076e-03	1.339e-01	0	0
C-Thermo.RXFP1	Negative Regulation of Muscle Hypertrophy (GO:0014741)	3	451	4	3592	5.973	7.134e-03	1.339e-01	0	0
C-Thermo.RXFP1	Nucleotide-Binding Domain. Leucine Rich Repeat Containing Receptor Signaling Pathway (GO:0035872)	3	451	4	3592	5.973	7.134e-03	1.339e-01	0	0
C-Thermo.RXFP1	Positive Regulation of T-helper 17 Cell Differentiation (GO:2000321)	3	451	4	3592	5.973	7.134e-03	1.339e-01	0	0
C-Thermo.RXFP1	Regulation of Respiratory System Process (GO:0044065)	3	451	4	3592	5.973	7.134e-03	1.339e-01	0	0
C-Thermo.RXFP1	Cellular Response to Lectin (GO:1990858)	5	451	11	3592	3.620	7.375e-03	1.339e-01	0	0
C-Thermo.RXFP1	Non-Motile Cilium Assembly (GO:1905515)	5	451	11	3592	3.620	7.375e-03	1.339e-01	0	0
C-Thermo.RXFP1	Positive Regulation of Calcium Ion Transport (GO:0051928)	5	451	11	3592	3.620	7.375e-03	1.339e-01	0	0
C-Thermo.RXFP1	Stimulatory C-type Lectin Receptor Signaling Pathway (GO:0002223)	5	451	11	3592	3.620	7.375e-03	1.339e-01	0	0
C-Thermo.RXFP1	Golgi Organization (GO:0007030)	12	451	45	3592	2.124	7.697e-03	1.381e-01	0	0
C-Thermo.RXFP1	Cellular Response to Metal Ion (GO:0071248)	11	451	40	3592	2.190	8.265e-03	1.454e-01	0	0
C-Thermo.RXFP1	Positive Regulation of Chemotaxis (GO:0050921)	7	451	20	3592	2.788	8.385e-03	1.454e-01	0	0
C-Thermo.RXFP1	Regulation of Cell-Substrate Adhesion (GO:0010810)	7	451	20	3592	2.788	8.385e-03	1.454e-01	0	0
C-Thermo.RXFP1	Negative Regulation of RNA Biosynthetic Process (GO:1902679)	30	451	155	3592	1.542	8.900e-03	1.520e-01	0	0
C-Thermo.RXFP1	Positive Regulation of Nucleocytoplasmic Transport (GO:0046824)	8	451	25	3592	2.549	8.963e-03	1.520e-01	0	0
C-Thermo.RXFP1	Protein Autophosphorylation (GO:0046777)	15	451	63	3592	1.896	9.435e-03	1.582e-01	0	0
C-Thermo.RXFP1	Negative Regulation of Cytoskeleton Organization (GO:0051494)	6	451	16	3592	2.987	1.002e-02	1.633e-01	0	0
C-Thermo.RXFP1	Negative Regulation of Intracellular Steroid Hormone Receptor Signaling Pathway (GO:0033144)	6	451	16	3592	2.987	1.002e-02	1.633e-01	0	0
C-Thermo.RXFP1	Positive Regulation of Protein Localization to Nucleus (GO:1900182)	11	451	41	3592	2.137	1.006e-02	1.633e-01	0	0
C-Thermo.RXFP1	Cytoplasmic Microtubule Organization (GO:0031122)	7	451	21	3592	2.655	1.125e-02	1.702e-01	0	0
C-Thermo.RXFP1	Cellular Response to Estradiol Stimulus (GO:0071392)	4	451	8	3592	3.982	1.133e-02	1.702e-01	0	0
C-Thermo.RXFP1	Intrinsic Apoptotic Signaling Pathway in Response to DNA Damage by P53 Class Mediator (GO:0042771)	4	451	8	3592	3.982	1.133e-02	1.702e-01	0	0
C-Thermo.RXFP1	Negative Regulation of Cell Junction Assembly (GO:1901889)	4	451	8	3592	3.982	1.133e-02	1.702e-01	0	0
C-Thermo.RXFP1	Regulation of Interleukin-17 Production (GO:0032660)	4	451	8	3592	3.982	1.133e-02	1.702e-01	0	0
C-Thermo.RXFP1	Innate Immune Response Activating Cell Surface Receptor Signaling Pathway (GO:0002220)	5	451	12	3592	3.319	1.136e-02	1.702e-01	0	0
C-Thermo.RXFP1	Negative Regulation of miRNA Metabolic Process (GO:2000629)	5	451	12	3592	3.319	1.136e-02	1.702e-01	0	0
C-Thermo.RXFP1	Negative Regulation of miRNA Transcription (GO:1902894)	5	451	12	3592	3.319	1.136e-02	1.702e-01	0	0
C-Thermo.RXFP1	Regulation of Defense Response (GO:0031347)	8	451	26	3592	2.451	1.156e-02	1.715e-01	0	0
C-Thermo.RXFP1	Inorganic Cation Import Across Plasma Membrane (GO:0098659)	9	451	32	3592	2.240	1.406e-02	2.013e-01	0	0
C-Thermo.RXFP1	Calcium Ion Transport (GO:0006816)	12	451	49	3592	1.950	1.548e-02	2.013e-01	0	0
C-Thermo.RXFP1	Atrial Cardiac Muscle Cell Action Potential (GO:0086014)	3	451	5	3592	4.779	1.618e-02	2.013e-01	0	0
C-Thermo.RXFP1	Negative Regulation of Cell-Substrate Junction Organization (GO:0150118)	3	451	5	3592	4.779	1.618e-02	2.013e-01	0	0
C-Thermo.RXFP1	Negative Regulation of Focal Adhesion Assembly (GO:0051895)	3	451	5	3592	4.779	1.618e-02	2.013e-01	0	0
C-Thermo.RXFP1	Negative Regulation of Gluconeogenesis (GO:0045721)	3	451	5	3592	4.779	1.618e-02	2.013e-01	0	0
C-Thermo.RXFP1	Negative Regulation of Nuclear Receptor-Mediated Glucocorticoid Signaling Pathway (GO:2000323)	3	451	5	3592	4.779	1.618e-02	2.013e-01	0	0
C-Thermo.RXFP1	Neuron Cell-Cell Adhesion (GO:0007158)	3	451	5	3592	4.779	1.618e-02	2.013e-01	0	0
C-Thermo.RXFP1	Nuclear-Transcribed mRNA Catabolic Process. Nonsense-Mediated Decay (GO:0000184)	3	451	5	3592	4.779	1.618e-02	2.013e-01	0	0
C-Thermo.RXFP1	Nucleosome Disassembly (GO:0006337)	3	451	5	3592	4.779	1.618e-02	2.013e-01	0	0
C-Thermo.RXFP1	Positive Regulation by Host of Viral Transcription (GO:0043923)	3	451	5	3592	4.779	1.618e-02	2.013e-01	0	0
C-Thermo.RXFP1	Positive Regulation of Interleukin-17 Production (GO:0032740)	3	451	5	3592	4.779	1.618e-02	2.013e-01	0	0
C-Thermo.RXFP1	Positive Regulation of T-helper 17 Type Immune Response (GO:2000318)	3	451	5	3592	4.779	1.618e-02	2.013e-01	0	0
C-Thermo.RXFP1	Positive Regulation of Transcription of Nucleolar Large rRNA by RNA Polymerase I (GO:1901838)	3	451	5	3592	4.779	1.618e-02	2.013e-01	0	0
C-Thermo.RXFP1	Regulation of Chaperone-Mediated Autophagy (GO:1904714)	3	451	5	3592	4.779	1.618e-02	2.013e-01	0	0
C-Thermo.RXFP1	Regulation of Glutamate Receptor Signaling Pathway (GO:1900449)	3	451	5	3592	4.779	1.618e-02	2.013e-01	0	0
C-Thermo.RXFP1	Regulation of Nuclear Receptor-Mediated Glucocorticoid Signaling Pathway (GO:2000322)	3	451	5	3592	4.779	1.618e-02	2.013e-01	0	0
C-Thermo.RXFP1	Regulation of Tissue Remodeling (GO:0034103)	3	451	5	3592	4.779	1.618e-02	2.013e-01	0	0
C-Thermo.RXFP1	Regulation of Transcription of Nucleolar Large rRNA by RNA Polymerase I (GO:1901836)	3	451	5	3592	4.779	1.618e-02	2.013e-01	0	0
C-Thermo.RXFP1	miRNA-mediated Gene Silencing by Inhibition of Translation (GO:0035278)	3	451	5	3592	4.779	1.618e-02	2.013e-01	0	0
C-Thermo.RXFP1	DNA Damage Response. Signal Transduction by P53 Class Mediator (GO:0030330)	5	451	13	3592	3.063	1.659e-02	2.020e-01	0	0
C-Thermo.RXFP1	Synaptic Transmission. Glutamatergic (GO:0035249)	5	451	13	3592	3.063	1.659e-02	2.020e-01	0	0
C-Thermo.RXFP1	Regulation of Angiogenesis (GO:0045765)	16	451	73	3592	1.746	1.664e-02	2.020e-01	0	0
C-Thermo.RXFP1	Cellular Response to Oxygen-Containing Compound (GO:1901701)	26	451	136	3592	1.523	1.676e-02	2.020e-01	0	0
C-Thermo.RXFP1	Positive Regulation of NF-kappaB Transcription Factor Activity (GO:0051092)	11	451	44	3592	1.991	1.724e-02	2.047e-01	0	0
C-Thermo.RXFP1	Positive Regulation of Apoptotic Signaling Pathway (GO:2001235)	9	451	33	3592	2.172	1.725e-02	2.047e-01	0	0
C-Thermo.RXFP1	Supramolecular Fiber Organization (GO:0097435)	19	451	92	3592	1.645	1.783e-02	2.072e-01	0	0
C-Thermo.RXFP1	Negative Regulation of Small Molecule Metabolic Process (GO:0062014)	4	451	9	3592	3.540	1.840e-02	2.072e-01	0	0
C-Thermo.RXFP1	Negative Regulation of Telomere Maintenance (GO:0032205)	4	451	9	3592	3.540	1.840e-02	2.072e-01	0	0
C-Thermo.RXFP1	Organelle Fission (GO:0048285)	4	451	9	3592	3.540	1.840e-02	2.072e-01	0	0
C-Thermo.RXFP1	RNA Modification (GO:0009451)	4	451	9	3592	3.540	1.840e-02	2.072e-01	0	0
C-Thermo.RXFP1	Regulation of Muscle Contraction (GO:0006937)	4	451	9	3592	3.540	1.840e-02	2.072e-01	0	0
C-Thermo.RXFP1	Relaxation of Muscle (GO:0090075)	4	451	9	3592	3.540	1.840e-02	2.072e-01	0	0
C-Thermo.RXFP1	Chemical Synaptic Transmission (GO:0007268)	21	451	105	3592	1.593	1.865e-02	2.073e-01	0	0
C-Thermo.RXFP1	Positive Regulation of Monoatomic Ion Transport (GO:0043270)	6	451	18	3592	2.655	1.867e-02	2.073e-01	0	0
C-Thermo.RXFP1	Peptidyl-Threonine Phosphorylation (GO:0018107)	7	451	23	3592	2.424	1.899e-02	2.078e-01	0	0
C-Thermo.RXFP1	Regulation of Protein Import Into Nucleus (GO:0042306)	7	451	23	3592	2.424	1.899e-02	2.078e-01	0	0
C-Thermo.RXFP1	Regulation of Endothelial Cell Proliferation (GO:0001936)	9	451	34	3592	2.108	2.094e-02	2.275e-01	0	0
C-Thermo.RXFP1	Organelle Assembly (GO:0070925)	19	451	94	3592	1.610	2.212e-02	2.387e-01	0	0
C-Thermo.RXFP1	+ Reg of Transmembrane Receptor Prot Serine/Threonine Kinase Sgnlng Pway (GO:0090100)	8	451	29	3592	2.197	2.266e-02	2.411e-01	0	0
C-Thermo.RXFP1	Peptidyl-Serine Phosphorylation (GO:0018105)	10	451	40	3592	1.991	2.269e-02	2.411e-01	0	0
C-Thermo.RXFP1	Chromatin Remodeling (GO:0006338)	18	451	88	3592	1.629	2.281e-02	2.411e-01	0	0
C-Thermo.RXFP1	Positive Regulation of T Cell Differentiation (GO:0045582)	5	451	14	3592	2.844	2.320e-02	2.419e-01	0	0
C-Thermo.RXFP1	Regulation of DNA Biosynthetic Process (GO:2000278)	5	451	14	3592	2.844	2.320e-02	2.419e-01	0	0
C-Thermo.RXFP1	Mitotic Cytokinesis (GO:0000281)	7	451	24	3592	2.323	2.400e-02	2.469e-01	0	0
C-Thermo.RXFP1	Regulation of Signal Transduction by P53 Class Mediator (GO:1901796)	7	451	24	3592	2.323	2.400e-02	2.469e-01	0	0
C-Thermo.RXFP1	Cellular Response to Lipid (GO:0071396)	15	451	70	3592	1.707	2.439e-02	2.469e-01	0	0
C-Thermo.RXFP1	Intracellular Receptor Signaling Pathway (GO:0030522)	6	451	19	3592	2.515	2.448e-02	2.469e-01	0	0
C-Thermo.RXFP1	Regulation of Amyloid-Beta Formation (GO:1902003)	6	451	19	3592	2.515	2.448e-02	2.469e-01	0	0
C-Thermo.TRPM8	Protein Acetylation (GO:0006473)	6	426	11	3592	4.599	7.359e-04	2.072e-01	1	1
C-Thermo.TRPM8	Positive Regulation of Transcription by RNA Polymerase II (GO:0045944)	50	426	273	3592	1.544	7.808e-04	2.072e-01	1	1
C-Thermo.TRPM8	Protein Destabilization (GO:0031648)	8	426	19	3592	3.550	8.441e-04	2.072e-01	1	1
C-Thermo.TRPM8	Negative Regulation of Nuclear Receptor-Mediated Glucocorticoid Signaling Pathway (GO:2000323)	4	426	5	3592	6.746	8.850e-04	2.072e-01	1	1
C-Thermo.TRPM8	Regulation of Dephosphorylation (GO:0035303)	4	426	5	3592	6.746	8.850e-04	2.072e-01	1	1
C-Thermo.TRPM8	Regulation of Nuclear Receptor-Mediated Glucocorticoid Signaling Pathway (GO:2000322)	4	426	5	3592	6.746	8.850e-04	2.072e-01	0	1
C-Thermo.TRPM8	Intracellular Signaling Cassette (GO:0141124)	29	426	138	3592	1.772	1.225e-03	2.458e-01	0	1
C-Thermo.TRPM8	Response to Laminar Fluid Shear Stress (GO:0034616)	3	426	3	3592	8.432	1.658e-03	2.482e-01	0	1
C-Thermo.TRPM8	Post-Transcriptional Gene Silencing (GO:0016441)	5	426	9	3592	4.684	1.922e-03	2.482e-01	0	1
C-Thermo.TRPM8	Positive Regulation of DNA-templated Transcription (GO:0045893)	63	426	377	3592	1.409	1.979e-03	2.482e-01	0	1
C-Thermo.TRPM8	Regulation of Ubiquitin-Dependent Protein Catabolic Process (GO:2000058)	9	426	26	3592	2.919	2.085e-03	2.482e-01	0	1
C-Thermo.TRPM8	Organic Cation Transport (GO:0015695)	6	426	13	3592	3.892	2.218e-03	2.482e-01	0	1
C-Thermo.TRPM8	Positive Regulation of Developmental Process (GO:0051094)	20	426	87	3592	1.938	2.297e-03	2.482e-01	0	1
