group	term	x	n	K	N	fold	p	q	representative	group_fallback
A-LTMR.TAC3	DDX58 IFIH1-mediated Induction of Interferon-Alpha Beta	17	369	44	2922	3.059	9.876e-06	5.347e-03	1	0
A-LTMR.TAC3	Heme Signaling	12	369	25	2922	3.801	1.539e-05	5.347e-03	1	0
A-LTMR.TAC3	TGFBR3 Expression	9	369	15	2922	4.751	1.852e-05	5.347e-03	1	0
A-LTMR.TAC3	Circadian Clock	15	369	39	2922	3.046	3.558e-05	6.850e-03	1	0
A-LTMR.TAC3	Signaling by TGFBR3	12	369	27	2922	3.519	4.052e-05	6.850e-03	0	0
A-LTMR.TAC3	Toll Like Receptor 4 (TLR4) Cascade	25	369	89	2922	2.224	5.765e-05	6.850e-03	1	0
A-LTMR.TAC3	Ca2+ Pathway	12	369	28	2922	3.394	6.294e-05	6.850e-03	0	0
A-LTMR.TAC3	Toll Like Receptor 3 (TLR3) Cascade	21	369	69	2922	2.410	6.360e-05	6.850e-03	0	0
A-LTMR.TAC3	TRAF6 Mediated NF-kB Activation	9	369	17	2922	4.192	7.119e-05	6.850e-03	0	0
A-LTMR.TAC3	Small Interfering RNA (siRNA) Biogenesis	6	369	8	2922	5.939	8.746e-05	7.574e-03	0	0
A-LTMR.TAC3	Toll-like Receptor Cascades	26	369	97	2922	2.123	9.797e-05	7.713e-03	0	0
A-LTMR.TAC3	NR1H3 & NR1H2 Regulate Gene Expression Linked to Cholesterol Transport and Efflux	9	369	18	2922	3.959	1.267e-04	9.142e-03	0	0
A-LTMR.TAC3	MyD88-independent TLR4 Cascade	21	369	73	2922	2.278	1.574e-04	9.734e-03	0	0
A-LTMR.TAC3	TRIF (TICAM1)-mediated TLR4 Signaling	21	369	73	2922	2.278	1.574e-04	9.734e-03	0	0
A-LTMR.TAC3	TRAF6 Mediated IRF7 Activation	7	369	12	2922	4.619	2.175e-04	1.256e-02	0	0
A-LTMR.TAC3	RORA Activates Gene Expression	6	369	9	2922	5.279	2.345e-04	1.269e-02	0	0
A-LTMR.TAC3	Regulation of Lipid Metabolism by PPARalpha	13	369	37	2922	2.782	3.445e-04	1.720e-02	0	0
A-LTMR.TAC3	Gene Expression (Transcription)	77	369	431	2922	1.415	4.200e-04	1.720e-02	0	0
A-LTMR.TAC3	MicroRNA (miRNA) Biogenesis	7	369	13	2922	4.264	4.205e-04	1.720e-02	0	0
A-LTMR.TAC3	RNA Polymerase II Transcription	69	369	379	2922	1.442	5.099e-04	1.720e-02	0	0
A-LTMR.TAC3	Epigenetic Regulation of Adipogenesis Genes by MLL3 and MLL4 Complexes	10	369	25	2922	3.167	5.147e-04	1.720e-02	0	0
A-LTMR.TAC3	Epigenetic Regulation of Gene Expression by MLL3 and MLL4 Complexes	10	369	25	2922	3.167	5.147e-04	1.720e-02	0	0
A-LTMR.TAC3	MLL4 and MLL3 Complexes Regulate Expression of PPARG Targets in Adipogenesis and Hepatic Steatosis	10	369	25	2922	3.167	5.147e-04	1.720e-02	0	0
A-LTMR.TAC3	Regulation of MITF-M-dependent Genes Involved in Apoptosis	6	369	10	2922	4.751	5.242e-04	1.720e-02	0	0
A-LTMR.TAC3	TRAF3-dependent IRF Activation Pathway	6	369	10	2922	4.751	5.242e-04	1.720e-02	0	0
A-LTMR.TAC3	NR1H2 and NR1H3-mediated Signaling	9	369	21	2922	3.394	5.398e-04	1.720e-02	0	0
A-LTMR.TAC3	Signaling by ALK	9	369	21	2922	3.394	5.398e-04	1.720e-02	0	0
A-LTMR.TAC3	Regulation of TNFR1 Signaling	12	369	34	2922	2.795	5.561e-04	1.720e-02	0	0
A-LTMR.TAC3	Death Receptor Signaling	21	369	80	2922	2.079	6.272e-04	1.873e-02	0	0
A-LTMR.TAC3	Intracellular Signaling by Second Messengers	35	369	162	2922	1.711	6.945e-04	2.005e-02	0	0
A-LTMR.TAC3	TNF Signaling	13	369	40	2922	2.574	8.142e-04	2.240e-02	0	0
A-LTMR.TAC3	Signaling by Receptor Tyrosine Kinases	53	369	279	2922	1.504	9.014e-04	2.240e-02	0	0
A-LTMR.TAC3	VEGFA-VEGFR2 Pathway	18	369	66	2922	2.160	9.382e-04	2.240e-02	0	0
A-LTMR.TAC3	PPARA Activates Gene Expression	12	369	36	2922	2.640	1.002e-03	2.240e-02	0	0
A-LTMR.TAC3	BMAL1 CLOCK.NPAS2 Activates Circadian Gene Expression	6	369	11	2922	4.319	1.031e-03	2.240e-02	0	0
A-LTMR.TAC3	ZBP1(DAI) Mediated Induction of Type I IFNs	6	369	11	2922	4.319	1.031e-03	2.240e-02	0	0
A-LTMR.TAC3	Post-transcriptional Silencing by Small RNAs	4	369	5	2922	6.335	1.128e-03	2.240e-02	0	0
A-LTMR.TAC3	Reelin Signalling Pathway	4	369	5	2922	6.335	1.128e-03	2.240e-02	0	0
A-LTMR.TAC3	Regulation of CDH11 mRNA Translation by microRNAs	4	369	5	2922	6.335	1.128e-03	2.240e-02	0	0
A-LTMR.TAC3	Regulation of NPAS4 mRNA Translation	4	369	5	2922	6.335	1.128e-03	2.240e-02	0	0
A-LTMR.TAC3	Signaling by VEGF	18	369	67	2922	2.127	1.137e-03	2.240e-02	0	0
A-LTMR.TAC3	Activation of Anterior HOX Genes in Hindbrain Development During Early Embryogenesis	9	369	23	2922	3.099	1.190e-03	2.240e-02	0	0
A-LTMR.TAC3	Activation of HOX Genes During Differentiation	9	369	23	2922	3.099	1.190e-03	2.240e-02	0	0
A-LTMR.TAC3	Nuclear Receptor Transcription Pathway	9	369	23	2922	3.099	1.190e-03	2.240e-02	0	0
A-LTMR.TAC3	Regulation of MECP2 Expression and Activity	9	369	23	2922	3.099	1.190e-03	2.240e-02	0	0
A-LTMR.TAC3	SARS-CoV-1 Activates Modulates Innate Immune Responses	9	369	23	2922	3.099	1.190e-03	2.240e-02	0	0
A-LTMR.TAC3	NOD1 2 Signaling Pathway	8	369	19	2922	3.334	1.279e-03	2.356e-02	0	0
A-LTMR.TAC3	Signaling by NOTCH1	13	369	42	2922	2.451	1.361e-03	2.408e-02	0	0
A-LTMR.TAC3	NOTCH1 Intracellular Domain Regulates Transcription	10	369	28	2922	2.828	1.455e-03	2.408e-02	0	0
A-LTMR.TAC3	Transcriptional Regulation of White Adipocyte Differentiation	10	369	28	2922	2.828	1.455e-03	2.408e-02	0	0
A-LTMR.TAC3	MyD88 Cascade Initiated on Plasma Membrane	17	369	63	2922	2.137	1.474e-03	2.408e-02	0	0
A-LTMR.TAC3	Toll Like Receptor 10 (TLR10) Cascade	17	369	63	2922	2.137	1.474e-03	2.408e-02	0	0
A-LTMR.TAC3	Toll Like Receptor 5 (TLR5) Cascade	17	369	63	2922	2.137	1.474e-03	2.408e-02	0	0
A-LTMR.TAC3	TNFR1-induced NF-kappa-B Signaling Pathway	9	369	24	2922	2.970	1.695e-03	2.641e-02	0	0
A-LTMR.TAC3	Interleukin-17 Signaling	14	369	48	2922	2.310	1.708e-03	2.641e-02	0	0
A-LTMR.TAC3	MAP Kinase Activation	14	369	48	2922	2.310	1.708e-03	2.641e-02	0	0
A-LTMR.TAC3	Generic Transcription Pathway	63	369	355	2922	1.405	1.849e-03	2.810e-02	0	0
A-LTMR.TAC3	Interleukin-2 Family Signaling	8	369	20	2922	3.167	1.900e-03	2.837e-02	0	0
A-LTMR.TAC3	PIP3 Activates AKT Signaling	29	369	134	2922	1.714	1.946e-03	2.839e-02	0	0
A-LTMR.TAC3	Endogenous Sterols	3	369	3	2922	7.919	2.000e-03	2.839e-02	0	0
A-LTMR.TAC3	cGMP Effects	3	369	3	2922	7.919	2.000e-03	2.839e-02	0	0
A-LTMR.TAC3	Oxidative Stress Induced Senescence	12	369	39	2922	2.437	2.195e-03	3.059e-02	0	0
A-LTMR.TAC3	MyD88 MAL(TIRAP) Cascade Initiated on Plasma Membrane	18	369	71	2922	2.008	2.332e-03	3.059e-02	0	0
A-LTMR.TAC3	Toll Like Receptor 2 (TLR2) Cascade	18	369	71	2922	2.008	2.332e-03	3.059e-02	0	0
A-LTMR.TAC3	Toll Like Receptor TLR1 TLR2 Cascade	18	369	71	2922	2.008	2.332e-03	3.059e-02	0	0
A-LTMR.TAC3	Toll Like Receptor TLR6 TLR2 Cascade	18	369	71	2922	2.008	2.332e-03	3.059e-02	0	0
A-LTMR.TAC3	STAT3 Nuclear Events Downstream of ALK Signaling	5	369	9	2922	4.399	2.552e-03	3.204e-02	0	0
A-LTMR.TAC3	MyD88 Dependent Cascade Initiated on Endosome	17	369	66	2922	2.040	2.553e-03	3.204e-02	0	0
A-LTMR.TAC3	TRAF6 Mediated Induction of NFkB and MAP Kinases Upon TLR7 8 or 9 Activation	17	369	66	2922	2.040	2.553e-03	3.204e-02	0	0
A-LTMR.TAC3	Epigenetic Regulation by WDR5-containing Histone Modifying Complexes	10	369	30	2922	2.640	2.637e-03	3.262e-02	0	0
A-LTMR.TAC3	Toll Like Receptor 7 8 (TLR7 8) Cascade	17	369	67	2922	2.009	3.034e-03	3.615e-02	0	0
A-LTMR.TAC3	Toll Like Receptor 9 (TLR9) Cascade	17	369	67	2922	2.009	3.034e-03	3.615e-02	0	0
A-LTMR.TAC3	Competing Endogenous RNAs (ceRNAs) Regulate PTEN Translation	4	369	6	2922	5.279	3.047e-03	3.615e-02	0	0
A-LTMR.TAC3	Signaling by Interleukins	38	369	195	2922	1.543	3.144e-03	3.680e-02	0	0
A-LTMR.TAC3	MAPK Family Signaling Cascades	30	369	145	2922	1.638	3.398e-03	3.886e-02	0	0
A-LTMR.TAC3	SUMOylation	19	369	79	2922	1.904	3.411e-03	3.886e-02	0	0
A-LTMR.TAC3	Deubiquitination	21	369	92	2922	1.808	4.165e-03	4.684e-02	0	0
A-LTMR.TAC3	Regulation of NF-kappa B Signaling	5	369	10	2922	3.959	4.581e-03	5.086e-02	0	0
A-LTMR.TAC3	Signaling by NOTCH	20	369	88	2922	1.800	5.395e-03	5.842e-02	0	0
A-LTMR.TAC3	Diseases of Signal Transduction by Growth Factor Receptors and Second Messengers	43	369	234	2922	1.455	5.396e-03	5.842e-02	0	0
A-LTMR.TAC3	SUMO E3 Ligases SUMOylate Target Proteins	18	369	77	2922	1.851	5.969e-03	6.382e-02	0	0
A-LTMR.TAC3	DAP12 Signaling	7	369	19	2922	2.917	6.263e-03	6.450e-02	0	0
A-LTMR.TAC3	SUMOylation of Intracellular Receptors	7	369	19	2922	2.917	6.263e-03	6.450e-02	0	0
A-LTMR.TAC3	IkBA Variant Leads to EDA-ID	4	369	7	2922	4.525	6.405e-03	6.450e-02	0	0
A-LTMR.TAC3	Regulation of PTEN mRNA Translation	4	369	7	2922	4.525	6.405e-03	6.450e-02	0	0
A-LTMR.TAC3	TNF Receptor Superfamily (TNFSF) Members Mediating Non-Canonical NF-kB Pathway	4	369	7	2922	4.525	6.405e-03	6.450e-02	0	0
A-LTMR.TAC3	Fc Epsilon Receptor (FCERI) Signaling	17	369	72	2922	1.870	6.707e-03	6.676e-02	0	0
A-LTMR.TAC3	Signaling by WNT	23	369	108	2922	1.686	6.892e-03	6.782e-02	0	0
A-LTMR.TAC3	TAK1-dependent IKK and NF-kappa-B Activation	8	369	24	2922	2.640	7.026e-03	6.836e-02	0	0
A-LTMR.TAC3	SLC15A4 TASL-dependent IRF5 Activation	3	369	4	2922	5.939	7.246e-03	6.973e-02	0	0
A-LTMR.TAC3	Tie2 Signaling	5	369	11	2922	3.599	7.539e-03	7.174e-02	0	0
A-LTMR.TAC3	PTEN Regulation	17	369	73	2922	1.844	7.758e-03	7.302e-02	0	0
A-LTMR.TAC3	Fcgamma Receptor (FCGR) Dependent Phagocytosis	12	369	45	2922	2.112	7.969e-03	7.354e-02	0	0
A-LTMR.TAC3	Signaling by NTRKs	19	369	85	2922	1.770	7.982e-03	7.354e-02	0	0
A-LTMR.TAC3	Transcriptional Regulation by MECP2	11	369	40	2922	2.178	8.545e-03	7.730e-02	0	0
A-LTMR.TAC3	DAP12 Interactions	7	369	20	2922	2.772	8.612e-03	7.730e-02	0	0
A-LTMR.TAC3	Constitutive Signaling by NOTCH1 HD+PEST Domain Mutants	10	369	35	2922	2.262	9.015e-03	7.730e-02	0	0
A-LTMR.TAC3	Constitutive Signaling by NOTCH1 PEST Domain Mutants	10	369	35	2922	2.262	9.015e-03	7.730e-02	0	0
A-LTMR.TAC3	Signaling by NOTCH1 HD+PEST Domain Mutants in Cancer	10	369	35	2922	2.262	9.015e-03	7.730e-02	0	0
A-LTMR.TAC3	Signaling by NOTCH1 PEST Domain Mutants in Cancer	10	369	35	2922	2.262	9.015e-03	7.730e-02	0	0
A-LTMR.TAC3	Signaling by NOTCH1 in Cancer	10	369	35	2922	2.262	9.015e-03	7.730e-02	0	0
A-LTMR.TAC3	Transcriptional Activation of Mitochondrial Biogenesis	8	369	25	2922	2.534	9.222e-03	7.829e-02	0	0
A-LTMR.TAC3	Interleukin-1 Family Signaling	15	369	63	2922	1.885	9.797e-03	8.237e-02	0	0
A-LTMR.TAC3	Activated TAK1 Mediates P38 MAPK Activation	6	369	16	2922	2.970	1.027e-02	8.470e-02	0	0
A-LTMR.TAC3	TNFR1-induced Proapoptotic Signaling	6	369	16	2922	2.970	1.027e-02	8.470e-02	0	0
A-LTMR.TAC3	Adipogenesis	11	369	41	2922	2.125	1.039e-02	8.492e-02	0	0
A-LTMR.TAC3	Interleukin-37 Signaling	4	369	8	2922	3.959	1.155e-02	9.137e-02	0	0
A-LTMR.TAC3	Regulation of NPAS4 Gene Expression	4	369	8	2922	3.959	1.155e-02	9.137e-02	0	0
A-LTMR.TAC3	CD209 (DC-SIGN) Signaling	5	369	12	2922	3.299	1.161e-02	9.137e-02	0	0
A-LTMR.TAC3	Interleukin Receptor SHC Signaling	5	369	12	2922	3.299	1.161e-02	9.137e-02	0	0
A-LTMR.TAC3	Signaling by NTRK1 (TRKA)	17	369	76	2922	1.771	1.173e-02	9.149e-02	0	0
A-LTMR.TAC3	Cytokine Signaling in Immune System	52	369	307	2922	1.341	1.237e-02	9.565e-02	0	0
A-LTMR.TAC3	SARS-CoV-2 Activates Modulates Innate and Adaptive Immune Responses	12	369	48	2922	1.980	1.359e-02	1.032e-01	0	0
A-LTMR.TAC3	Signaling by the B Cell Receptor (BCR)	12	369	48	2922	1.980	1.359e-02	1.032e-01	0	0
A-LTMR.TAC3	Diseases Associated With the TLR Signaling Cascade	6	369	17	2922	2.795	1.422e-02	1.052e-01	0	0
A-LTMR.TAC3	Diseases of Immune System	6	369	17	2922	2.795	1.422e-02	1.052e-01	0	0
A-LTMR.TAC3	Notch-HLH Transcription Pathway	6	369	17	2922	2.795	1.422e-02	1.052e-01	0	0
A-LTMR.TAC3	MITF-M-dependent Gene Expression	11	369	43	2922	2.026	1.500e-02	1.101e-01	0	0
A-LTMR.TAC3	Synthesis of PIPs at the Plasma Membrane	7	369	22	2922	2.520	1.515e-02	1.102e-01	0	0
A-LTMR.TAC3	Signaling by Nuclear Receptors	23	369	116	2922	1.570	1.637e-02	1.137e-01	0	0
A-LTMR.TAC3	Erythropoietin Activates Phosphoinositide-3-kinase (PI3K)	3	369	5	2922	4.751	1.642e-02	1.137e-01	0	0
A-LTMR.TAC3	Nitric Oxide Stimulates Guanylate Cyclase	3	369	5	2922	4.751	1.642e-02	1.137e-01	0	0
A-LTMR.TAC3	RAS Signaling Downstream of NF1 Loss-Of-Function Variants	3	369	5	2922	4.751	1.642e-02	1.137e-01	0	0
A-LTMR.TAC3	RUNX3 Regulates p14-ARF	3	369	5	2922	4.751	1.642e-02	1.137e-01	0	0
A-LTMR.TAC3	Regulation of Gene Expression by Hypoxia-inducible Factor	3	369	5	2922	4.751	1.642e-02	1.137e-01	0	0
A-LTMR.TAC3	Antigen Activates B Cell Receptor (BCR) Leading to Generation of Second Messengers	5	369	13	2922	3.046	1.694e-02	1.137e-01	0	0
A-LTMR.TAC3	CD28 Dependent PI3K Akt Signaling	5	369	13	2922	3.046	1.694e-02	1.137e-01	0	0
A-LTMR.TAC3	Regulation of RUNX1 Expression and Activity	5	369	13	2922	3.046	1.694e-02	1.137e-01	0	0
A-LTMR.TAC3	TICAM1. RIP1-mediated IKK Complex Recruitment	5	369	13	2922	3.046	1.694e-02	1.137e-01	0	0
A-LTMR.TAC3	Ub-specific Processing Proteases	15	369	67	2922	1.773	1.727e-02	1.142e-01	0	0
A-LTMR.TAC3	Epigenetic Regulation of Gene Expression	16	369	73	2922	1.736	1.728e-02	1.142e-01	0	0
A-LTMR.TAC3	Cytoprotection by HMOX1	9	369	33	2922	2.160	1.776e-02	1.156e-01	0	0
A-LTMR.TAC3	Nucleotide-binding Domain. Leucine Rich Repeat Containing Receptor (NLR) Signaling Pathways	9	369	33	2922	2.160	1.776e-02	1.156e-01	0	0
A-LTMR.TAC3	NF-kB Activation Through FADD RIP-1 Pathway Mediated by Caspase-8 and -10	4	369	9	2922	3.519	1.874e-02	1.191e-01	0	0
A-LTMR.TAC3	RIP-mediated NFkB Activation via ZBP1	4	369	9	2922	3.519	1.874e-02	1.191e-01	0	0
A-LTMR.TAC3	Gene Silencing by RNA	8	369	28	2922	2.262	1.887e-02	1.191e-01	0	0
A-LTMR.TAC3	Activation of Gene Expression by SREBF (SREBP)	6	369	18	2922	2.640	1.912e-02	1.191e-01	0	0
A-LTMR.TAC3	Long-term Potentiation	6	369	18	2922	2.640	1.912e-02	1.191e-01	0	0
A-LTMR.TAC3	Pre-NOTCH Transcription and Translation	6	369	18	2922	2.640	1.912e-02	1.191e-01	0	0
A-LTMR.TAC3	Intra-Golgi Traffic	7	369	23	2922	2.410	1.948e-02	1.196e-01	0	0
A-LTMR.TAC3	Negative Regulators of DDX58 IFIH1 Signaling	7	369	23	2922	2.410	1.948e-02	1.196e-01	0	0
A-LTMR.TAC3	Beta-catenin Independent WNT Signaling	14	369	63	2922	1.760	2.242e-02	1.368e-01	0	0
A-LTMR.TAC3	Neurexins and Neuroligins	8	369	29	2922	2.184	2.328e-02	1.405e-01	0	0
A-LTMR.TAC3	Ras Activation Upon Ca2+ Influx Through NMDA Receptor	5	369	14	2922	2.828	2.369e-02	1.405e-01	0	0
A-LTMR.TAC3	Signaling by Erythropoietin	5	369	14	2922	2.828	2.369e-02	1.405e-01	0	0
A-LTMR.TAC3	Signalling to RAS	5	369	14	2922	2.828	2.369e-02	1.405e-01	0	0
A-LTMR.TAC3	Retrograde Transport at the Trans-Golgi-Network	7	369	24	2922	2.310	2.461e-02	1.440e-01	0	0
A-LTMR.TAC3	Turbulent Flow Shear Stress Activates Signaling by PIEZO1 and Integrins in Endothelial Cells	7	369	24	2922	2.310	2.461e-02	1.440e-01	0	0
A-LTMR.TAC3	Cellular Senescence	15	369	70	2922	1.697	2.529e-02	1.470e-01	0	0
A-LTMR.TAC3	Cell-Cell Communication	13	369	58	2922	1.775	2.553e-02	1.474e-01	0	0
A-LTMR.TAC3	MAPK1 MAPK3 Signaling	24	369	128	2922	1.485	2.735e-02	1.569e-01	0	0
A-LTMR.TAC3	Activation of the AP-1 Family of Transcription Factors	4	369	10	2922	3.167	2.818e-02	1.574e-01	0	0
A-LTMR.TAC3	HDR Through Single Strand Annealing (SSA)	4	369	10	2922	3.167	2.818e-02	1.574e-01	0	0
A-LTMR.TAC3	Signaling by NTRK3 (TRKC)	4	369	10	2922	3.167	2.818e-02	1.574e-01	0	0
A-LTMR.TAC3	TICAM1-dependent Activation of IRF3 IRF7	4	369	10	2922	3.167	2.818e-02	1.574e-01	0	0
A-LTMR.TAC3	Organelle Biogenesis and Maintenance	24	369	129	2922	1.473	2.979e-02	1.633e-01	0	0
A-LTMR.TAC3	Activated NTRK3 Signals Through RAS	3	369	6	2922	3.959	2.980e-02	1.633e-01	0	0
A-LTMR.TAC3	PRC2 Methylates Histones and DNA	3	369	6	2922	3.959	2.980e-02	1.633e-01	0	0
A-LTMR.TAC3	Signaling by ERBB2	9	369	36	2922	1.980	3.081e-02	1.678e-01	0	0
A-LTMR.TAC3	MAP3K8 (TPL2)-dependent MAPK1 3 Activation	5	369	15	2922	2.640	3.195e-02	1.684e-01	0	0
A-LTMR.TAC3	RUNX1 Regulates Genes Involved in Megakaryocyte Differentiation and Platelet Function	5	369	15	2922	2.640	3.195e-02	1.684e-01	0	0
A-LTMR.TAC3	Regulation of CDH11 Expression and Function	5	369	15	2922	2.640	3.195e-02	1.684e-01	0	0
A-LTMR.TAC3	Role of Phospholipids in Phagocytosis	5	369	15	2922	2.640	3.195e-02	1.684e-01	0	0
A-LTMR.TAC3	SHC1 Events in ERBB2 Signaling	5	369	15	2922	2.640	3.195e-02	1.684e-01	0	0
A-LTMR.TAC3	NGF-stimulated Transcription	6	369	20	2922	2.376	3.209e-02	1.684e-01	0	0
A-LTMR.TAC3	Regulation of TP53 Activity	14	369	67	2922	1.655	3.671e-02	1.889e-01	0	0
A-LTMR.TAC3	RAF MAP Kinase Cascade	23	369	125	2922	1.457	3.703e-02	1.889e-01	0	0
A-LTMR.TAC3	EPHB-mediated Forward Signaling	7	369	26	2922	2.132	3.748e-02	1.889e-01	0	0
A-LTMR.TAC3	FCGR3A-mediated Phagocytosis	7	369	26	2922	2.132	3.748e-02	1.889e-01	0	0
A-LTMR.TAC3	Leishmania Phagocytosis	7	369	26	2922	2.132	3.748e-02	1.889e-01	0	0
A-LTMR.TAC3	Parasite Infection	7	369	26	2922	2.132	3.748e-02	1.889e-01	0	0
A-LTMR.TAC3	Protein-protein Interactions at Synapses	10	369	43	2922	1.842	3.752e-02	1.889e-01	0	0
A-LTMR.TAC3	Signaling by CSF1 (M-CSF) in Myeloid Cells	6	369	21	2922	2.262	4.031e-02	2.006e-01	0	0
A-LTMR.TAC3	Transcriptional Regulation by NPAS4	6	369	21	2922	2.262	4.031e-02	2.006e-01	0	0
A-LTMR.TAC3	JNK (c-Jun Kinases) Phosphorylation and Activation Mediated by Activated Human TAK1	5	369	16	2922	2.475	4.180e-02	2.034e-01	0	0
A-LTMR.TAC3	Nephrin Family Interactions	5	369	16	2922	2.475	4.180e-02	2.034e-01	0	0
A-LTMR.TAC3	Regulation of Expression and Function of Type II Classical Cadherins	5	369	16	2922	2.475	4.180e-02	2.034e-01	0	0
A-LTMR.TAC3	Regulation of Homotypic Cell-Cell Adhesion	5	369	16	2922	2.475	4.180e-02	2.034e-01	0	0
A-LTMR.TAC3	Activation of the TFAP2 (AP-2) Family of Transcription Factors	2	369	3	2922	5.279	4.373e-02	2.092e-01	0	0
A-LTMR.TAC3	Bicarbonate Transporters	2	369	3	2922	5.279	4.373e-02	2.092e-01	0	0
A-LTMR.TAC3	PTK6 Expression	2	369	3	2922	5.279	4.373e-02	2.092e-01	0	0
A-LTMR.TAC3	Cytosolic Sensors of Pathogen-Associated DNA	7	369	27	2922	2.053	4.531e-02	2.156e-01	0	0
A-LTMR.TAC3	Activated NTRK2 Signals Through RAS	3	369	7	2922	3.394	4.735e-02	2.193e-01	0	0
A-LTMR.TAC3	Cell-extracellular Matrix Interactions	3	369	7	2922	3.394	4.735e-02	2.193e-01	0	0
A-LTMR.TAC3	Cytochrome P450 - Arranged by Substrate Type	3	369	7	2922	3.394	4.735e-02	2.193e-01	0	0
A-LTMR.TAC3	NR1H2 & NR1H3 Regulate Gene Expression to Control Bile Acid Homeostasis	3	369	7	2922	3.394	4.735e-02	2.193e-01	0	0
A-LTMR.TAC3	p38MAPK Events	3	369	7	2922	3.394	4.735e-02	2.193e-01	0	0
A-LTMR.TAC3	DNA Double-Strand Break Repair	9	369	39	2922	1.827	4.940e-02	2.244e-01	0	0
A-LTMR.TAC3	FCERI Mediated MAPK Activation	6	369	22	2922	2.160	4.974e-02	2.244e-01	0	0
A-LTMR.TAC3	Oncogene Induced Senescence	6	369	22	2922	2.160	4.974e-02	2.244e-01	0	0
A-LTMR.TAC3	RAF Activation	6	369	22	2922	2.160	4.974e-02	2.244e-01	0	0
A-LTMR.TAC3	Regulation of Cholesterol Biosynthesis by SREBP (SREBF)	6	369	22	2922	2.160	4.974e-02	2.244e-01	0	0
A-LTMR.TAC3	IKK Complex Recruitment Mediated by RIP1	5	369	17	2922	2.329	5.330e-02	2.345e-01	0	0
A-LTMR.TAC3	RHO GTPases Activate WASPs and WAVEs	5	369	17	2922	2.329	5.330e-02	2.345e-01	0	0
A-LTMR.TAC3	Unblocking of NMDA Receptors. Glutamate Binding and Activation	5	369	17	2922	2.329	5.330e-02	2.345e-01	0	0
A-LTMR.TAC3	IRAK1 Recruits IKK Complex	4	369	12	2922	2.640	5.416e-02	2.345e-01	0	0
A-LTMR.TAC3	IRAK1 Recruits IKK Complex Upon TLR7 8 or 9 Stimulation	4	369	12	2922	2.640	5.416e-02	2.345e-01	0	0
A-LTMR.TAC3	Other Interleukin Signaling	4	369	12	2922	2.640	5.416e-02	2.345e-01	0	0
A-LTMR.TAC3	Role of LAT2 NTAL LAB on Calcium Mobilization	4	369	12	2922	2.640	5.416e-02	2.345e-01	0	0
A-LTMR.TAC3	Sema4D Induced Cell Migration and Growth-Cone Collapse	4	369	12	2922	2.640	5.416e-02	2.345e-01	0	0
A-LTMR.TAC3	EPH-Ephrin Signaling	11	369	52	2922	1.675	5.578e-02	2.403e-01	0	0
A-PEP.CHRNA7_SLC18A3	Infectious Disease	116	336	447	2922	2.257	4.126e-21	3.953e-18	1	0
A-PEP.CHRNA7_SLC18A3	Viral Infection Pathways	96	336	345	2922	2.420	2.001e-19	9.582e-17	0	0
A-PEP.CHRNA7_SLC18A3	Regulation of Expression of SLITs and ROBOs	43	336	87	2922	4.298	4.237e-19	1.353e-16	1	0
A-PEP.CHRNA7_SLC18A3	Cellular Responses to Stimuli	104	336	427	2922	2.118	1.887e-16	4.520e-14	1	0
A-PEP.CHRNA7_SLC18A3	Cellular Responses to Stress	94	336	369	2922	2.215	4.047e-16	7.754e-14	0	0
A-PEP.CHRNA7_SLC18A3	rRNA Processing	40	336	89	2922	3.909	5.656e-16	9.031e-14	0	0
A-PEP.CHRNA7_SLC18A3	Signaling by ROBO Receptors	44	336	106	2922	3.610	6.749e-16	9.237e-14	0	0
A-PEP.CHRNA7_SLC18A3	Metabolism of Amino Acids and Derivatives	45	336	112	2922	3.494	1.353e-15	1.620e-13	0	0
A-PEP.CHRNA7_SLC18A3	Axon Guidance	76	336	276	2922	2.395	6.536e-15	6.646e-13	1	0
A-PEP.CHRNA7_SLC18A3	GTP Hydrolysis and Joining of the 60S Ribosomal Subunit	33	336	67	2922	4.283	8.638e-15	6.646e-13	0	0
A-PEP.CHRNA7_SLC18A3	L13a-mediated Translational Silencing of Ceruloplasmin Expression	33	336	67	2922	4.283	8.638e-15	6.646e-13	0	0
A-PEP.CHRNA7_SLC18A3	Nonsense Mediated Decay (NMD) Enhanced by the Exon Junction Complex (EJC)	34	336	71	2922	4.164	9.712e-15	6.646e-13	0	0
A-PEP.CHRNA7_SLC18A3	Nonsense-Mediated Decay (NMD)	34	336	71	2922	4.164	9.712e-15	6.646e-13	0	0
A-PEP.CHRNA7_SLC18A3	Response of EIF2AK4 (GCN2) to Amino Acid Deficiency	34	336	71	2922	4.164	9.712e-15	6.646e-13	0	0
A-PEP.CHRNA7_SLC18A3	Viral mRNA Translation	32	336	64	2922	4.348	1.304e-14	8.330e-13	0	0
A-PEP.CHRNA7_SLC18A3	Selenoamino Acid Metabolism	34	336	72	2922	4.107	1.652e-14	9.890e-13	0	0
A-PEP.CHRNA7_SLC18A3	Eukaryotic Translation Termination	32	336	65	2922	4.281	2.305e-14	1.162e-12	0	0
A-PEP.CHRNA7_SLC18A3	Nonsense Mediated Decay (NMD) Independent of the Exon Junction Complex (EJC)	32	336	65	2922	4.281	2.305e-14	1.162e-12	0	0
A-PEP.CHRNA7_SLC18A3	Selenocysteine Synthesis	32	336	65	2922	4.281	2.305e-14	1.162e-12	0	0
A-PEP.CHRNA7_SLC18A3	Formation of a Pool of Free 40S Subunits	32	336	66	2922	4.216	4.015e-14	1.832e-12	0	0
A-PEP.CHRNA7_SLC18A3	Peptide Chain Elongation	32	336	66	2922	4.216	4.015e-14	1.832e-12	0	0
A-PEP.CHRNA7_SLC18A3	Cap-dependent Translation Initiation	33	336	70	2922	4.100	4.398e-14	1.832e-12	0	0
A-PEP.CHRNA7_SLC18A3	Eukaryotic Translation Initiation	33	336	70	2922	4.100	4.398e-14	1.832e-12	0	0
A-PEP.CHRNA7_SLC18A3	SRP-dependent Cotranslational Protein Targeting to Membrane	34	336	74	2922	3.996	4.607e-14	1.839e-12	0	0
A-PEP.CHRNA7_SLC18A3	Influenza Infection	38	336	91	2922	3.631	6.127e-14	2.348e-12	0	0
A-PEP.CHRNA7_SLC18A3	Influenza Viral RNA Transcription and Replication	35	336	79	2922	3.853	7.487e-14	2.759e-12	0	0
A-PEP.CHRNA7_SLC18A3	Cellular Response to Starvation	37	336	88	2922	3.656	1.040e-13	3.691e-12	0	0
A-PEP.CHRNA7_SLC18A3	Metabolism of RNA	62	336	211	2922	2.555	1.371e-13	4.692e-12	1	0
A-PEP.CHRNA7_SLC18A3	Nervous System Development	76	336	292	2922	2.263	1.861e-13	6.148e-12	0	0
A-PEP.CHRNA7_SLC18A3	Eukaryotic Translation Elongation	32	336	69	2922	4.033	1.955e-13	6.244e-12	0	0
A-PEP.CHRNA7_SLC18A3	Major Pathway of rRNA Processing in the Nucleolus and Cytosol	32	336	78	2922	3.568	1.218e-11	3.647e-10	0	0
A-PEP.CHRNA7_SLC18A3	rRNA Processing in the Nucleus and Cytosol	32	336	78	2922	3.568	1.218e-11	3.647e-10	0	0
A-PEP.CHRNA7_SLC18A3	The Role of GTSE1 in G2 M Progression After G2 Checkpoint	19	336	33	2922	5.007	1.585e-10	4.601e-09	0	0
A-PEP.CHRNA7_SLC18A3	Degradation of Beta-Catenin by the Destruction Complex	19	336	36	2922	4.590	1.198e-09	3.375e-08	0	0
A-PEP.CHRNA7_SLC18A3	Programmed Cell Death	33	336	96	2922	2.989	1.502e-09	4.110e-08	0	0
A-PEP.CHRNA7_SLC18A3	Translation	39	336	127	2922	2.671	1.940e-09	5.161e-08	0	0
A-PEP.CHRNA7_SLC18A3	HSP90 Chaperone Cycle for Steroid Hormone Receptors (SHR) in the Presence of Ligand	18	336	35	2922	4.472	5.777e-09	1.496e-07	0	0
A-PEP.CHRNA7_SLC18A3	Developmental Biology	92	336	464	2922	1.724	6.723e-09	1.695e-07	0	0
A-PEP.CHRNA7_SLC18A3	FBXL7 Down-Regulates AURKA During Mitotic Entry and in Early Mitosis	13	336	19	2922	5.950	7.051e-09	1.710e-07	0	0
A-PEP.CHRNA7_SLC18A3	Negative Regulation of NOTCH4 Signaling	14	336	22	2922	5.534	7.407e-09	1.710e-07	0	0
A-PEP.CHRNA7_SLC18A3	G2 M Transition	29	336	82	2922	3.076	7.497e-09	1.710e-07	0	0
A-PEP.CHRNA7_SLC18A3	Mitotic G2-G2 M Phases	29	336	82	2922	3.076	7.497e-09	1.710e-07	0	0
A-PEP.CHRNA7_SLC18A3	Signaling by WNT	34	336	108	2922	2.738	1.136e-08	2.530e-07	0	0
A-PEP.CHRNA7_SLC18A3	Apoptosis	29	336	84	2922	3.002	1.414e-08	3.036e-07	0	0
A-PEP.CHRNA7_SLC18A3	Aggrephagy	15	336	26	2922	5.017	1.426e-08	3.036e-07	0	0
A-PEP.CHRNA7_SLC18A3	Separation of Sister Chromatids	24	336	63	2922	3.313	2.980e-08	6.206e-07	0	0
A-PEP.CHRNA7_SLC18A3	Degradation of DVL	13	336	21	2922	5.384	4.256e-08	8.494e-07	0	0
A-PEP.CHRNA7_SLC18A3	Orc1 Removal From Chromatin	13	336	21	2922	5.384	4.256e-08	8.494e-07	0	0
A-PEP.CHRNA7_SLC18A3	UCH Proteinases	15	336	28	2922	4.659	5.556e-08	1.086e-06	0	0
A-PEP.CHRNA7_SLC18A3	Degradation of GLI2 by the Proteasome	14	336	25	2922	4.870	7.449e-08	1.399e-06	0	0
A-PEP.CHRNA7_SLC18A3	GLI3 Is Processed to GLI3R by the Proteasome	14	336	25	2922	4.870	7.449e-08	1.399e-06	0	0
A-PEP.CHRNA7_SLC18A3	GSK3B and BTRC CUL1-mediated-degradation of NFE2L2	13	336	22	2922	5.139	9.333e-08	1.719e-06	0	0
A-PEP.CHRNA7_SLC18A3	Vif-mediated Degradation of APOBEC3G	12	336	19	2922	5.492	1.058e-07	1.912e-06	0	0
A-PEP.CHRNA7_SLC18A3	Hedgehog 'Off' State	20	336	49	2922	3.550	1.156e-07	2.050e-06	0	0
A-PEP.CHRNA7_SLC18A3	SARS-CoV-1-host Interactions	24	336	68	2922	3.069	1.654e-07	2.880e-06	0	0
A-PEP.CHRNA7_SLC18A3	SCF-beta-TrCP Mediated Degradation of Emi1	12	336	20	2922	5.218	2.374e-07	3.990e-06	0	0
A-PEP.CHRNA7_SLC18A3	Vpu Mediated Degradation of CD4	12	336	20	2922	5.218	2.374e-07	3.990e-06	0	0
A-PEP.CHRNA7_SLC18A3	TCF Dependent Signaling in Response to WNT	22	336	60	2922	3.189	2.555e-07	4.221e-06	0	0
A-PEP.CHRNA7_SLC18A3	Regulation of Activated PAK-2p34 by Proteasome Mediated Degradation	11	336	17	2922	5.627	2.601e-07	4.224e-06	0	0
A-PEP.CHRNA7_SLC18A3	RHO GTPase Effectors	32	336	111	2922	2.507	3.194e-07	5.101e-06	0	0
A-PEP.CHRNA7_SLC18A3	Degradation of GLI1 by the Proteasome	13	336	24	2922	4.711	3.770e-07	5.921e-06	0	0
A-PEP.CHRNA7_SLC18A3	AUF1 (hnRNP D0) Binds and Destabilizes mRNA	12	336	21	2922	4.969	4.971e-07	7.560e-06	0	0
A-PEP.CHRNA7_SLC18A3	SCF(Skp2)-mediated Degradation of P27 P21	12	336	21	2922	4.969	4.971e-07	7.560e-06	0	0
A-PEP.CHRNA7_SLC18A3	Host Interactions of HIV Factors	20	336	53	2922	3.282	5.335e-07	7.986e-06	0	0
A-PEP.CHRNA7_SLC18A3	Downstream Signaling Events of B Cell Receptor (BCR)	16	336	36	2922	3.865	5.564e-07	8.200e-06	0	0
A-PEP.CHRNA7_SLC18A3	Ubiquitin Mediated Degradation of Phosphorylated Cdc25A	11	336	18	2922	5.314	6.007e-07	8.463e-06	0	0
A-PEP.CHRNA7_SLC18A3	p53-Independent DNA Damage Response	11	336	18	2922	5.314	6.007e-07	8.463e-06	0	0
A-PEP.CHRNA7_SLC18A3	p53-Independent G1 S DNA Damage Checkpoint	11	336	18	2922	5.314	6.007e-07	8.463e-06	0	0
A-PEP.CHRNA7_SLC18A3	NIK-->noncanonical NF-kB Signaling	13	336	25	2922	4.522	7.047e-07	9.784e-06	0	0
A-PEP.CHRNA7_SLC18A3	M Phase	35	336	132	2922	2.306	8.160e-07	1.117e-05	0	0
A-PEP.CHRNA7_SLC18A3	Regulation of RUNX2 Expression and Activity	14	336	29	2922	4.198	8.390e-07	1.132e-05	0	0
A-PEP.CHRNA7_SLC18A3	tRNA Processing in the Mitochondrion	8	336	10	2922	6.957	1.034e-06	1.376e-05	0	0
A-PEP.CHRNA7_SLC18A3	G2 M Checkpoints	17	336	42	2922	3.520	1.233e-06	1.574e-05	0	0
A-PEP.CHRNA7_SLC18A3	Dectin-1 Mediated Noncanonical NF-kB Signaling	13	336	26	2922	4.348	1.265e-06	1.574e-05	0	0
A-PEP.CHRNA7_SLC18A3	Autodegradation of the E3 Ubiquitin Ligase COP1	11	336	19	2922	5.035	1.281e-06	1.574e-05	0	0
A-PEP.CHRNA7_SLC18A3	Degradation of AXIN	11	336	19	2922	5.035	1.281e-06	1.574e-05	0	0
A-PEP.CHRNA7_SLC18A3	Regulation of Apoptosis	11	336	19	2922	5.035	1.281e-06	1.574e-05	0	0
A-PEP.CHRNA7_SLC18A3	Ubiquitin-dependent Degradation of Cyclin D	11	336	19	2922	5.035	1.281e-06	1.574e-05	0	0
A-PEP.CHRNA7_SLC18A3	SARS-CoV-2-host Interactions	27	336	91	2922	2.580	1.514e-06	1.836e-05	0	0
A-PEP.CHRNA7_SLC18A3	SARS-CoV-1 Infection	26	336	86	2922	2.629	1.605e-06	1.922e-05	0	0
A-PEP.CHRNA7_SLC18A3	Cell Cycle Checkpoints	24	336	76	2922	2.746	1.724e-06	2.039e-05	0	0
A-PEP.CHRNA7_SLC18A3	G1 S Transition	17	336	43	2922	3.438	1.828e-06	2.080e-05	0	0
A-PEP.CHRNA7_SLC18A3	Cell Cycle	48	336	215	2922	1.942	1.830e-06	2.080e-05	0	0
A-PEP.CHRNA7_SLC18A3	Asymmetric Localization of PCP Proteins	12	336	23	2922	4.537	1.843e-06	2.080e-05	0	0
A-PEP.CHRNA7_SLC18A3	Selective Autophagy	19	336	52	2922	3.178	1.845e-06	2.080e-05	0	0
A-PEP.CHRNA7_SLC18A3	Cell Cycle. Mitotic	42	336	178	2922	2.052	1.896e-06	2.112e-05	0	0
A-PEP.CHRNA7_SLC18A3	Mitotic Anaphase	25	336	82	2922	2.651	2.163e-06	2.355e-05	0	0
A-PEP.CHRNA7_SLC18A3	Mitotic Metaphase and Anaphase	25	336	82	2922	2.651	2.163e-06	2.355e-05	0	0
A-PEP.CHRNA7_SLC18A3	Regulation of RAS by GAPs	13	336	27	2922	4.187	2.189e-06	2.356e-05	0	0
A-PEP.CHRNA7_SLC18A3	HIV Infection	23	336	72	2922	2.778	2.285e-06	2.430e-05	0	0
A-PEP.CHRNA7_SLC18A3	Hedgehog 'On' State	14	336	31	2922	3.927	2.308e-06	2.430e-05	0	0
A-PEP.CHRNA7_SLC18A3	Oxygen-dependent Proline Hydroxylation of Hypoxia-inducible Factor Alpha	12	336	24	2922	4.348	3.308e-06	3.445e-05	0	0
A-PEP.CHRNA7_SLC18A3	rRNA Processing in the Mitochondrion	8	336	11	2922	6.325	3.414e-06	3.449e-05	0	0
A-PEP.CHRNA7_SLC18A3	Nucleotide Excision Repair	15	336	36	2922	3.624	3.457e-06	3.449e-05	0	0
A-PEP.CHRNA7_SLC18A3	Regulation of mRNA Stability by Proteins That Bind AU-rich Elements	15	336	36	2922	3.624	3.457e-06	3.449e-05	0	0
A-PEP.CHRNA7_SLC18A3	Signaling by NOTCH4	15	336	36	2922	3.624	3.457e-06	3.449e-05	0	0
A-PEP.CHRNA7_SLC18A3	Stabilization of P53	11	336	21	2922	4.555	4.823e-06	4.763e-05	0	0
A-PEP.CHRNA7_SLC18A3	PCP CE Pathway	15	336	37	2922	3.526	5.214e-06	5.006e-05	0	0
A-PEP.CHRNA7_SLC18A3	Synthesis of DNA	15	336	37	2922	3.526	5.214e-06	5.006e-05	0	0
A-PEP.CHRNA7_SLC18A3	Signaling by Hedgehog	21	336	65	2922	2.810	5.226e-06	5.006e-05	0	0
A-PEP.CHRNA7_SLC18A3	Cyclin E Associated Events During G1 S Transition	13	336	29	2922	3.898	5.963e-06	5.546e-05	0	0
A-PEP.CHRNA7_SLC18A3	Global Genome Nucleotide Excision Repair (GG-NER)	13	336	29	2922	3.898	5.963e-06	5.546e-05	0	0
A-PEP.CHRNA7_SLC18A3	SARS-CoV-1 Modulates Host Translation Machinery	13	336	29	2922	3.898	5.963e-06	5.546e-05	0	0
A-PEP.CHRNA7_SLC18A3	FASTK Family Proteins Regulate Processing and Stability of Mitochondrial RNAs	7	336	9	2922	6.764	7.353e-06	6.773e-05	0	0
A-PEP.CHRNA7_SLC18A3	Metabolism of Polyamines	9	336	15	2922	5.218	8.450e-06	7.647e-05	0	0
A-PEP.CHRNA7_SLC18A3	Mitotic G1 Phase and G1 S Transition	18	336	52	2922	3.010	8.461e-06	7.647e-05	0	0
A-PEP.CHRNA7_SLC18A3	Regulation of RUNX3 Expression and Activity	11	336	22	2922	4.348	8.664e-06	7.757e-05	0	0
A-PEP.CHRNA7_SLC18A3	ER-Phagosome Pathway	16	336	43	2922	3.236	9.412e-06	7.937e-05	0	0
A-PEP.CHRNA7_SLC18A3	Cyclin A Cdk2-associated Events at S Phase Entry	13	336	30	2922	3.768	9.444e-06	7.937e-05	0	0
A-PEP.CHRNA7_SLC18A3	Formation of the Ternary Complex. and Subsequently. the 43S Complex	13	336	30	2922	3.768	9.444e-06	7.937e-05	0	0
A-PEP.CHRNA7_SLC18A3	Ribosomal Scanning and Start Codon Recognition	13	336	30	2922	3.768	9.444e-06	7.937e-05	0	0
A-PEP.CHRNA7_SLC18A3	Switching of Origins to a Post-Replicative State	13	336	30	2922	3.768	9.444e-06	7.937e-05	0	0
A-PEP.CHRNA7_SLC18A3	Translation Initiation Complex Formation	13	336	30	2922	3.768	9.444e-06	7.937e-05	0	0
A-PEP.CHRNA7_SLC18A3	mRNA Activation Upon Binding of the Cap-Binding Complex and eIFs. and Subsequent Binding to 43S	13	336	30	2922	3.768	9.444e-06	7.937e-05	0	0
A-PEP.CHRNA7_SLC18A3	DNA Replication	15	336	39	2922	3.345	1.126e-05	9.382e-05	0	0
A-PEP.CHRNA7_SLC18A3	Beta-catenin Independent WNT Signaling	20	336	63	2922	2.761	1.190e-05	9.827e-05	0	0
A-PEP.CHRNA7_SLC18A3	DNA Damage Recognition in GG-NER	10	336	19	2922	4.577	1.264e-05	1.026e-04	0	0
A-PEP.CHRNA7_SLC18A3	RHO GTPases Activate IQGAPs	10	336	19	2922	4.577	1.264e-05	1.026e-04	0	0
A-PEP.CHRNA7_SLC18A3	Regulation of PTEN Stability and Activity	13	336	31	2922	3.647	1.460e-05	1.157e-04	0	0
A-PEP.CHRNA7_SLC18A3	G1 S DNA Damage Checkpoints	11	336	23	2922	4.159	1.492e-05	1.157e-04	0	0
A-PEP.CHRNA7_SLC18A3	Hh Mutants Are Degraded by ERAD	11	336	23	2922	4.159	1.492e-05	1.157e-04	0	0
A-PEP.CHRNA7_SLC18A3	p53-Dependent G1 DNA Damage Response	11	336	23	2922	4.159	1.492e-05	1.157e-04	0	0
A-PEP.CHRNA7_SLC18A3	p53-Dependent G1 S DNA Damage Checkpoint	11	336	23	2922	4.159	1.492e-05	1.157e-04	0	0
A-PEP.CHRNA7_SLC18A3	Macroautophagy	21	336	69	2922	2.647	1.498e-05	1.157e-04	0	0
A-PEP.CHRNA7_SLC18A3	Somitogenesis	9	336	16	2922	4.892	1.737e-05	1.331e-04	0	0
A-PEP.CHRNA7_SLC18A3	Autophagy	22	336	75	2922	2.551	1.801e-05	1.359e-04	0	0
A-PEP.CHRNA7_SLC18A3	L1CAM Interactions	22	336	75	2922	2.551	1.801e-05	1.359e-04	0	0
A-PEP.CHRNA7_SLC18A3	Cross-presentation of Soluble Exogenous Antigens (Endosomes)	8	336	13	2922	5.352	2.159e-05	1.603e-04	0	0
A-PEP.CHRNA7_SLC18A3	Regulation of Ornithine Decarboxylase (ODC)	8	336	13	2922	5.352	2.159e-05	1.603e-04	0	0
A-PEP.CHRNA7_SLC18A3	Mitochondrial RNA Degradation	7	336	10	2922	6.088	2.210e-05	1.628e-04	0	0
A-PEP.CHRNA7_SLC18A3	Cellular Response to Hypoxia	12	336	28	2922	3.727	2.418e-05	1.769e-04	0	0
A-PEP.CHRNA7_SLC18A3	APC C Cdc20 Mediated Degradation of Securin	11	336	24	2922	3.986	2.474e-05	1.769e-04	0	0
A-PEP.CHRNA7_SLC18A3	Hh Mutants Abrogate Ligand Secretion	11	336	24	2922	3.986	2.474e-05	1.769e-04	0	0
A-PEP.CHRNA7_SLC18A3	Transcription-Coupled Nucleotide Excision Repair (TC-NER)	11	336	24	2922	3.986	2.474e-05	1.769e-04	0	0
A-PEP.CHRNA7_SLC18A3	Recycling Pathway of L1	13	336	33	2922	3.426	3.268e-05	2.319e-04	0	0
A-PEP.CHRNA7_SLC18A3	Proteasome Assembly	9	336	17	2922	4.604	3.321e-05	2.339e-04	0	0
A-PEP.CHRNA7_SLC18A3	Regulation of APC C Activators Between G1 S and Early Anaphase	12	336	29	2922	3.599	3.705e-05	2.553e-04	0	0
A-PEP.CHRNA7_SLC18A3	SARS-CoV-2 Modulates Host Translation Machinery	12	336	29	2922	3.599	3.705e-05	2.553e-04	0	0
A-PEP.CHRNA7_SLC18A3	TGF-beta Receptor Signaling Activates SMADs	12	336	29	2922	3.599	3.705e-05	2.553e-04	0	0
A-PEP.CHRNA7_SLC18A3	APC Cdc20 Mediated Degradation of Cell Cycle Proteins Prior to Satisfation of the Checkpoint	11	336	25	2922	3.826	3.969e-05	2.640e-04	0	0
A-PEP.CHRNA7_SLC18A3	Autodegradation of Cdh1 by Cdh1 APC C	11	336	25	2922	3.826	3.969e-05	2.640e-04	0	0
A-PEP.CHRNA7_SLC18A3	CDK-mediated Phosphorylation and Removal of Cdc6	11	336	25	2922	3.826	3.969e-05	2.640e-04	0	0
A-PEP.CHRNA7_SLC18A3	Cdc20 Phospho-APC C Mediated Degradation of Cyclin A	11	336	25	2922	3.826	3.969e-05	2.640e-04	0	0
A-PEP.CHRNA7_SLC18A3	RUNX1 Regulates Transcription of Genes Involved in Differentiation of HSCs	11	336	25	2922	3.826	3.969e-05	2.640e-04	0	0
A-PEP.CHRNA7_SLC18A3	SARS-CoV Infections	43	336	206	2922	1.815	4.030e-05	2.663e-04	0	0
A-PEP.CHRNA7_SLC18A3	Translocation of SLC2A4 (GLUT4) to the Plasma Membrane	15	336	43	2922	3.034	4.396e-05	2.884e-04	0	0
A-PEP.CHRNA7_SLC18A3	Signaling by the B Cell Receptor (BCR)	16	336	48	2922	2.899	4.643e-05	3.026e-04	0	0
A-PEP.CHRNA7_SLC18A3	Beta-catenin Phosphorylation Cascade	6	336	8	2922	6.522	5.074e-05	3.156e-04	0	0
A-PEP.CHRNA7_SLC18A3	CTNNB1 S33 Mutants Aren'T Phosphorylated	6	336	8	2922	6.522	5.074e-05	3.156e-04	0	0
A-PEP.CHRNA7_SLC18A3	CTNNB1 S37 Mutants Aren'T Phosphorylated	6	336	8	2922	6.522	5.074e-05	3.156e-04	0	0
A-PEP.CHRNA7_SLC18A3	CTNNB1 S45 Mutants Aren'T Phosphorylated	6	336	8	2922	6.522	5.074e-05	3.156e-04	0	0
A-PEP.CHRNA7_SLC18A3	CTNNB1 T41 Mutants Aren'T Phosphorylated	6	336	8	2922	6.522	5.074e-05	3.156e-04	0	0
A-PEP.CHRNA7_SLC18A3	Signaling by CTNNB1 Phospho-Site Mutants	6	336	8	2922	6.522	5.074e-05	3.156e-04	0	0
A-PEP.CHRNA7_SLC18A3	Signaling by GSK3beta Mutants	6	336	8	2922	6.522	5.074e-05	3.156e-04	0	0
A-PEP.CHRNA7_SLC18A3	APC C-mediated Degradation of Cell Cycle Proteins	12	336	30	2922	3.479	5.545e-05	3.362e-04	0	0
A-PEP.CHRNA7_SLC18A3	Activation of NF-kappaB in B Cells	12	336	30	2922	3.479	5.545e-05	3.362e-04	0	0
A-PEP.CHRNA7_SLC18A3	Intrinsic Pathway for Apoptosis	12	336	30	2922	3.479	5.545e-05	3.362e-04	0	0
A-PEP.CHRNA7_SLC18A3	Regulation of Mitotic Cell Cycle	12	336	30	2922	3.479	5.545e-05	3.362e-04	0	0
A-PEP.CHRNA7_SLC18A3	SARS-CoV-2 Infection	32	336	139	2922	2.002	5.920e-05	3.567e-04	0	0
A-PEP.CHRNA7_SLC18A3	Downregulation of TGF-beta Receptor Signaling	9	336	18	2922	4.348	5.976e-05	3.569e-04	0	0
A-PEP.CHRNA7_SLC18A3	APC C Cdc20 Mediated Degradation of Mitotic Proteins	11	336	26	2922	3.679	6.181e-05	3.569e-04	0	0
A-PEP.CHRNA7_SLC18A3	APC C Cdh1 Mediated Degradation of Cdc20 and Other APC C Cdh1 Targets in Late Mitosis Early G1	11	336	26	2922	3.679	6.181e-05	3.569e-04	0	0
A-PEP.CHRNA7_SLC18A3	Activation of APC C and APC C Cdc20 Mediated Degradation of Mitotic Proteins	11	336	26	2922	3.679	6.181e-05	3.569e-04	0	0
A-PEP.CHRNA7_SLC18A3	COPI-independent Golgi-to-ER Retrograde Traffic	11	336	26	2922	3.679	6.181e-05	3.569e-04	0	0
A-PEP.CHRNA7_SLC18A3	Hedgehog Ligand Biogenesis	11	336	26	2922	3.679	6.181e-05	3.569e-04	0	0
A-PEP.CHRNA7_SLC18A3	Antigen processing-Cross Presentation	16	336	49	2922	2.840	6.184e-05	3.569e-04	0	0
A-PEP.CHRNA7_SLC18A3	TNFR2 Non-Canonical NF-kB Pathway	13	336	35	2922	3.230	6.784e-05	3.891e-04	0	0
A-PEP.CHRNA7_SLC18A3	Vesicle-mediated Transport	52	336	272	2922	1.663	7.581e-05	4.323e-04	0	0
A-PEP.CHRNA7_SLC18A3	Signaling by TGF-beta Receptor Complex	16	336	50	2922	2.783	8.157e-05	4.624e-04	0	0
A-PEP.CHRNA7_SLC18A3	Defective CFTR Causes Cystic Fibrosis	11	336	27	2922	3.543	9.372e-05	5.281e-04	0	0
A-PEP.CHRNA7_SLC18A3	DNA Replication Pre-Initiation	13	336	36	2922	3.140	9.532e-05	5.309e-04	0	0
A-PEP.CHRNA7_SLC18A3	EML4 and NUDC in Mitotic Spindle Formation	13	336	36	2922	3.140	9.532e-05	5.309e-04	0	0
A-PEP.CHRNA7_SLC18A3	Intraflagellar Transport	9	336	19	2922	4.119	1.022e-04	5.658e-04	0	0
A-PEP.CHRNA7_SLC18A3	Nuclear Events Mediated by NFE2L2	15	336	46	2922	2.836	1.072e-04	5.902e-04	0	0
A-PEP.CHRNA7_SLC18A3	Membrane Trafficking	49	336	257	2922	1.658	1.350e-04	7.389e-04	0	0
A-PEP.CHRNA7_SLC18A3	ERKs Are Inactivated	6	336	9	2922	5.798	1.375e-04	7.466e-04	0	0
A-PEP.CHRNA7_SLC18A3	ABC Transporter Disorders	11	336	28	2922	3.416	1.387e-04	7.466e-04	0	0
A-PEP.CHRNA7_SLC18A3	Regulation of Actin Dynamics for Phagocytic Cup Formation	11	336	28	2922	3.416	1.387e-04	7.466e-04	0	0
A-PEP.CHRNA7_SLC18A3	RHO GTPases Activate Formins	15	336	47	2922	2.775	1.413e-04	7.519e-04	0	0
A-PEP.CHRNA7_SLC18A3	Regulation of PLK1 Activity at G2 M Transition	15	336	47	2922	2.775	1.413e-04	7.519e-04	0	0
A-PEP.CHRNA7_SLC18A3	Activation of AMPK Downstream of NMDARs	8	336	16	2922	4.348	1.577e-04	8.347e-04	0	0
A-PEP.CHRNA7_SLC18A3	Activation of BH3-only Proteins	9	336	20	2922	3.913	1.672e-04	8.657e-04	0	0
A-PEP.CHRNA7_SLC18A3	Cooperation of Prefoldin and TriC CCT in Actin and Tubulin Folding	9	336	20	2922	3.913	1.672e-04	8.657e-04	0	0
A-PEP.CHRNA7_SLC18A3	Formation of TC-NER Pre-Incision Complex	9	336	20	2922	3.913	1.672e-04	8.657e-04	0	0
A-PEP.CHRNA7_SLC18A3	Gap Junction Trafficking	9	336	20	2922	3.913	1.672e-04	8.657e-04	0	0
A-PEP.CHRNA7_SLC18A3	CLEC7A (Dectin-1) Signaling	15	336	48	2922	2.718	1.844e-04	9.446e-04	0	0
A-PEP.CHRNA7_SLC18A3	Respiratory Syncytial Virus Infection Pathway	15	336	48	2922	2.718	1.844e-04	9.446e-04	0	0
A-PEP.CHRNA7_SLC18A3	Recruitment of NuMA to Mitotic Centrosomes	14	336	43	2922	2.831	1.859e-04	9.473e-04	0	0
A-PEP.CHRNA7_SLC18A3	Negative Regulation of MAPK Pathway	11	336	29	2922	3.299	2.008e-04	1.018e-03	0	0
A-PEP.CHRNA7_SLC18A3	S Phase	16	336	54	2922	2.577	2.263e-04	1.141e-03	0	0
A-PEP.CHRNA7_SLC18A3	Chaperone Mediated Autophagy	7	336	13	2922	4.683	2.318e-04	1.156e-03	0	0
A-PEP.CHRNA7_SLC18A3	Dual Incision in GG-NER	7	336	13	2922	4.683	2.318e-04	1.156e-03	0	0
A-PEP.CHRNA7_SLC18A3	Mitotic Prometaphase	19	336	71	2922	2.327	2.626e-04	1.294e-03	0	0
A-PEP.CHRNA7_SLC18A3	Formation of Paraxial Mesoderm	9	336	21	2922	3.727	2.633e-04	1.294e-03	0	0
A-PEP.CHRNA7_SLC18A3	KEAP1-NFE2L2 Pathway	17	336	60	2922	2.464	2.635e-04	1.294e-03	0	0
A-PEP.CHRNA7_SLC18A3	Assembly of the Pre-Replicative Complex	11	336	30	2922	3.189	2.850e-04	1.392e-03	0	0
A-PEP.CHRNA7_SLC18A3	Transcriptional Regulation by RUNX2	16	336	55	2922	2.530	2.863e-04	1.392e-03	0	0
A-PEP.CHRNA7_SLC18A3	Resolution of Sister Chromatid Cohesion	13	336	40	2922	2.826	3.226e-04	1.561e-03	0	0
A-PEP.CHRNA7_SLC18A3	APC Truncation Mutants Have Impaired AXIN Binding	5	336	7	2922	6.212	3.372e-04	1.583e-03	0	0
A-PEP.CHRNA7_SLC18A3	AXIN Missense Mutants Destabilize the Destruction Complex	5	336	7	2922	6.212	3.372e-04	1.583e-03	0	0
A-PEP.CHRNA7_SLC18A3	Signaling by AMER1 Mutants	5	336	7	2922	6.212	3.372e-04	1.583e-03	0	0
A-PEP.CHRNA7_SLC18A3	Signaling by APC Mutants	5	336	7	2922	6.212	3.372e-04	1.583e-03	0	0
A-PEP.CHRNA7_SLC18A3	Signaling by AXIN Mutants	5	336	7	2922	6.212	3.372e-04	1.583e-03	0	0
A-PEP.CHRNA7_SLC18A3	Truncations of AMER1 Destabilize the Destruction Complex	5	336	7	2922	6.212	3.372e-04	1.583e-03	0	0
A-PEP.CHRNA7_SLC18A3	Innate Immune System	65	336	382	2922	1.480	3.561e-04	1.664e-03	0	0
A-PEP.CHRNA7_SLC18A3	Interferon Signaling	25	336	108	2922	2.013	3.578e-04	1.664e-03	0	0
A-PEP.CHRNA7_SLC18A3	Gap Junction Trafficking and Regulation	9	336	22	2922	3.558	4.011e-04	1.856e-03	0	0
A-PEP.CHRNA7_SLC18A3	Neddylation	20	336	80	2922	2.174	4.863e-04	2.240e-03	0	0
A-PEP.CHRNA7_SLC18A3	Golgi-to-ER Retrograde Transport	16	336	58	2922	2.399	5.558e-04	2.532e-03	0	0
A-PEP.CHRNA7_SLC18A3	MHC Class II Antigen Presentation	16	336	58	2922	2.399	5.558e-04	2.532e-03	0	0
A-PEP.CHRNA7_SLC18A3	ABC-family Proteins Mediated Transport	12	336	37	2922	2.820	5.604e-04	2.532e-03	0	0
A-PEP.CHRNA7_SLC18A3	FCERI Mediated NF-kB Activation	12	336	37	2922	2.820	5.604e-04	2.532e-03	0	0
A-PEP.CHRNA7_SLC18A3	Cellular Response to Chemical Stress	23	336	99	2922	2.020	5.831e-04	2.623e-03	0	0
A-PEP.CHRNA7_SLC18A3	Interleukin-1 Signaling	15	336	53	2922	2.461	6.136e-04	2.714e-03	0	0
A-PEP.CHRNA7_SLC18A3	Activation of BAD and Translocation to Mitochondria	6	336	11	2922	4.744	6.176e-04	2.714e-03	0	0
A-PEP.CHRNA7_SLC18A3	Gap Junction Assembly	6	336	11	2922	4.744	6.176e-04	2.714e-03	0	0
A-PEP.CHRNA7_SLC18A3	Microtubule-dependent Trafficking of Connexons From Golgi to the Plasma Membrane	6	336	11	2922	4.744	6.176e-04	2.714e-03	0	0
A-PEP.CHRNA7_SLC18A3	Transport of Connexons to the Plasma Membrane	6	336	11	2922	4.744	6.176e-04	2.714e-03	0	0
A-PEP.CHRNA7_SLC18A3	Antiviral Mechanism by IFN-stimulated Genes	18	336	70	2922	2.236	6.460e-04	2.826e-03	0	0
A-PEP.CHRNA7_SLC18A3	Dual Incision in TC-NER	8	336	19	2922	3.662	6.774e-04	2.901e-03	0	0
A-PEP.CHRNA7_SLC18A3	Formation of Tubulin Folding Intermediates by CCT TriC	8	336	19	2922	3.662	6.774e-04	2.901e-03	0	0
A-PEP.CHRNA7_SLC18A3	Gap-filling DNA Repair Synthesis and Ligation in TC-NER	8	336	19	2922	3.662	6.774e-04	2.901e-03	0	0
A-PEP.CHRNA7_SLC18A3	Prefoldin Mediated Transfer of Substrate to CCT TriC	8	336	19	2922	3.662	6.774e-04	2.901e-03	0	0
A-PEP.CHRNA7_SLC18A3	RAF MAP Kinase Cascade	27	336	125	2922	1.878	6.813e-04	2.901e-03	0	0
A-PEP.CHRNA7_SLC18A3	Signaling by Rho GTPases. Miro GTPases and RHOBTB3	47	336	260	2922	1.572	6.817e-04	2.901e-03	0	0
A-PEP.CHRNA7_SLC18A3	C-type Lectin Receptors (CLRs)	16	336	59	2922	2.358	6.843e-04	2.901e-03	0	0
A-PEP.CHRNA7_SLC18A3	Spry Regulation of FGF Signaling	7	336	15	2922	4.058	7.075e-04	2.986e-03	0	0
A-PEP.CHRNA7_SLC18A3	Chk1 Chk2(Cds1) Mediated Inactivation of Cyclin B Cdk1 Complex	5	336	8	2922	5.435	8.146e-04	3.349e-03	0	0
A-PEP.CHRNA7_SLC18A3	Gap-filling DNA Repair Synthesis and Ligation in GG-NER	5	336	8	2922	5.435	8.146e-04	3.349e-03	0	0
A-PEP.CHRNA7_SLC18A3	Regulation of BACH1 Activity	5	336	8	2922	5.435	8.146e-04	3.349e-03	0	0
A-PEP.CHRNA7_SLC18A3	Translesion Synthesis by POLI	5	336	8	2922	5.435	8.146e-04	3.349e-03	0	0
A-PEP.CHRNA7_SLC18A3	Translesion Synthesis by POLK	5	336	8	2922	5.435	8.146e-04	3.349e-03	0	0
A-PEP.CHRNA7_SLC18A3	Translesion Synthesis by REV1	5	336	8	2922	5.435	8.146e-04	3.349e-03	0	0
A-PEP.CHRNA7_SLC18A3	Signaling by Rho GTPases	46	336	255	2922	1.569	8.193e-04	3.354e-03	0	0
A-PEP.CHRNA7_SLC18A3	Bacterial Infection Pathways	14	336	49	2922	2.485	8.383e-04	3.417e-03	0	0
A-PEP.CHRNA7_SLC18A3	Transmission Across Chemical Synapses	31	336	153	2922	1.762	8.820e-04	3.580e-03	0	0
A-PEP.CHRNA7_SLC18A3	Post NMDA Receptor Activation Events	15	336	55	2922	2.372	9.411e-04	3.804e-03	0	0
A-PEP.CHRNA7_SLC18A3	Cytokine Signaling in Immune System	53	336	307	2922	1.501	9.599e-04	3.864e-03	0	0
A-PEP.CHRNA7_SLC18A3	Loss of Nlp From Mitotic Centrosomes	11	336	34	2922	2.814	9.749e-04	3.875e-03	0	0
A-PEP.CHRNA7_SLC18A3	Loss of Proteins Required for Interphase Microtubule Organization From the Centrosome	11	336	34	2922	2.814	9.749e-04	3.875e-03	0	0
A-PEP.CHRNA7_SLC18A3	MAPK6 MAPK4 Signaling	11	336	34	2922	2.814	9.749e-04	3.875e-03	0	0
A-PEP.CHRNA7_SLC18A3	MAPK1 MAPK3 Signaling	27	336	128	2922	1.834	1.004e-03	3.976e-03	0	0
A-PEP.CHRNA7_SLC18A3	Cellular Response to Heat Stress	16	336	61	2922	2.281	1.019e-03	4.015e-03	0	0
A-PEP.CHRNA7_SLC18A3	Post-chaperonin Tubulin Folding Pathway	6	336	12	2922	4.348	1.117e-03	4.348e-03	0	0
A-PEP.CHRNA7_SLC18A3	Sealing of the Nuclear Envelope (NE) by ESCRT-III	6	336	12	2922	4.348	1.117e-03	4.348e-03	0	0
A-PEP.CHRNA7_SLC18A3	Translesion Synthesis by Y Family DNA Polymerases Bypasses Lesions on DNA Template	6	336	12	2922	4.348	1.117e-03	4.348e-03	0	0
A-PEP.CHRNA7_SLC18A3	Negative Regulation of FGFR2 Signaling	7	336	16	2922	3.805	1.135e-03	4.367e-03	0	0
A-PEP.CHRNA7_SLC18A3	Negative Regulation of FGFR3 Signaling	7	336	16	2922	3.805	1.135e-03	4.367e-03	0	0
A-PEP.CHRNA7_SLC18A3	Negative Regulation of FGFR4 Signaling	7	336	16	2922	3.805	1.135e-03	4.367e-03	0	0
A-PEP.CHRNA7_SLC18A3	Chaperonin-mediated Protein Folding	13	336	45	2922	2.512	1.144e-03	4.383e-03	0	0
A-PEP.CHRNA7_SLC18A3	AURKA Activation by TPX2	11	336	35	2922	2.733	1.278e-03	4.863e-03	0	0
A-PEP.CHRNA7_SLC18A3	Gastrulation	10	336	30	2922	2.899	1.279e-03	4.863e-03	0	0
A-PEP.CHRNA7_SLC18A3	Opioid Signalling	14	336	51	2922	2.387	1.294e-03	4.900e-03	0	0
A-PEP.CHRNA7_SLC18A3	Adaptive Immune System	50	336	290	2922	1.499	1.399e-03	5.278e-03	0	0
A-PEP.CHRNA7_SLC18A3	HSF1 Activation	8	336	21	2922	3.313	1.482e-03	5.567e-03	0	0
A-PEP.CHRNA7_SLC18A3	Anchoring of the Basal Body to the Plasma Membrane	12	336	41	2922	2.545	1.558e-03	5.809e-03	0	0
A-PEP.CHRNA7_SLC18A3	Transcriptional Regulation by RUNX3	12	336	41	2922	2.545	1.558e-03	5.809e-03	0	0
A-PEP.CHRNA7_SLC18A3	Paradoxical Activation of RAF Signaling by Kinase Inactive BRAF	10	336	31	2922	2.805	1.699e-03	6.237e-03	0	0
A-PEP.CHRNA7_SLC18A3	Signaling Downstream of RAS Mutants	10	336	31	2922	2.805	1.699e-03	6.237e-03	0	0
A-PEP.CHRNA7_SLC18A3	Signaling by Moderate Kinase Activity BRAF Mutants	10	336	31	2922	2.805	1.699e-03	6.237e-03	0	0
A-PEP.CHRNA7_SLC18A3	Signaling by RAS Mutants	10	336	31	2922	2.805	1.699e-03	6.237e-03	0	0
A-PEP.CHRNA7_SLC18A3	Negative Regulation of FGFR1 Signaling	7	336	17	2922	3.581	1.742e-03	6.345e-03	0	0
A-PEP.CHRNA7_SLC18A3	RHO GTPases Activate WASPs and WAVEs	7	336	17	2922	3.581	1.742e-03	6.345e-03	0	0
A-PEP.CHRNA7_SLC18A3	Protein Folding	13	336	47	2922	2.405	1.779e-03	6.455e-03	0	0
A-PEP.CHRNA7_SLC18A3	DNA Repair	19	336	82	2922	2.015	1.802e-03	6.514e-03	0	0
A-PEP.CHRNA7_SLC18A3	Carboxyterminal Post-Translational Modifications of Tubulin	6	336	13	2922	4.014	1.875e-03	6.677e-03	0	0
A-PEP.CHRNA7_SLC18A3	DARPP-32 Events	6	336	13	2922	4.014	1.875e-03	6.677e-03	0	0
A-PEP.CHRNA7_SLC18A3	Disassembly of the Destruction Complex and Recruitment of AXIN to the Membrane	6	336	13	2922	4.014	1.875e-03	6.677e-03	0	0
A-PEP.CHRNA7_SLC18A3	Respiratory Syncytial Virus (RSV) Genome Replication. Transcription and Translation	6	336	13	2922	4.014	1.875e-03	6.677e-03	0	0
A-PEP.CHRNA7_SLC18A3	Cyclin D Associated Events in G1	8	336	22	2922	3.162	2.099e-03	7.408e-03	0	0
A-PEP.CHRNA7_SLC18A3	G1 Phase	8	336	22	2922	3.162	2.099e-03	7.408e-03	0	0
A-PEP.CHRNA7_SLC18A3	Centrosome Maturation	11	336	37	2922	2.585	2.119e-03	7.408e-03	0	0
A-PEP.CHRNA7_SLC18A3	Recruitment of Mitotic Centrosome Proteins and Complexes	11	336	37	2922	2.585	2.119e-03	7.408e-03	0	0
A-PEP.CHRNA7_SLC18A3	Signaling by FGFR	11	336	37	2922	2.585	2.119e-03	7.408e-03	0	0
A-PEP.CHRNA7_SLC18A3	Signaling by FGFR2	10	336	32	2922	2.718	2.225e-03	7.749e-03	0	0
A-PEP.CHRNA7_SLC18A3	COPI-mediated Anterograde Transport	14	336	54	2922	2.255	2.353e-03	8.153e-03	0	0
A-PEP.CHRNA7_SLC18A3	G Alpha (I) Signalling Events	20	336	90	2922	1.933	2.357e-03	8.153e-03	0	0
A-PEP.CHRNA7_SLC18A3	PKR-mediated Signaling	12	336	43	2922	2.427	2.445e-03	8.426e-03	0	0
A-PEP.CHRNA7_SLC18A3	Signaling by TGFB Family Members	18	336	78	2922	2.007	2.482e-03	8.523e-03	0	0
A-PEP.CHRNA7_SLC18A3	Fc Epsilon Receptor (FCERI) Signaling	17	336	72	2922	2.053	2.509e-03	8.583e-03	0	0
A-PEP.CHRNA7_SLC18A3	Attenuation Phase	7	336	18	2922	3.382	2.573e-03	8.711e-03	0	0
A-PEP.CHRNA7_SLC18A3	DNA Damage Bypass	7	336	18	2922	3.382	2.573e-03	8.711e-03	0	0
A-PEP.CHRNA7_SLC18A3	Downregulation of SMAD2 3 SMAD4 Transcriptional Activity	7	336	18	2922	3.382	2.573e-03	8.711e-03	0	0
A-PEP.CHRNA7_SLC18A3	Aerobic Respiration and Respiratory Electron Transport	22	336	104	2922	1.840	2.818e-03	9.507e-03	0	0
A-PEP.CHRNA7_SLC18A3	Complex I Biogenesis	10	336	33	2922	2.635	2.873e-03	9.623e-03	0	0
A-PEP.CHRNA7_SLC18A3	tRNA Processing	10	336	33	2922	2.635	2.873e-03	9.623e-03	0	0
A-PEP.CHRNA7_SLC18A3	Kinesins	8	336	23	2922	3.025	2.903e-03	9.689e-03	0	0
A-PEP.CHRNA7_SLC18A3	PTEN Regulation	17	336	73	2922	2.025	2.935e-03	9.736e-03	0	0
A-PEP.CHRNA7_SLC18A3	Ub-specific Processing Proteases	16	336	67	2922	2.077	2.950e-03	9.736e-03	0	0
A-PEP.CHRNA7_SLC18A3	Recognition of DNA Damage by PCNA-containing Replication Complex	6	336	14	2922	3.727	2.968e-03	9.736e-03	0	0
A-PEP.CHRNA7_SLC18A3	SARS-CoV-1 Targets Host Intracellular Signalling and Regulatory Pathways	6	336	14	2922	3.727	2.968e-03	9.736e-03	0	0
A-PEP.CHRNA7_SLC18A3	Signaling by WNT in Cancer	6	336	14	2922	3.727	2.968e-03	9.736e-03	0	0
A-PEP.CHRNA7_SLC18A3	SARS-CoV-2 Targets Host Intracellular Signalling and Regulatory Pathways	5	336	10	2922	4.348	3.011e-03	9.812e-03	0	0
A-PEP.CHRNA7_SLC18A3	Termination of Translesion DNA Synthesis	5	336	10	2922	4.348	3.011e-03	9.812e-03	0	0
A-PEP.CHRNA7_SLC18A3	Deubiquitination	20	336	92	2922	1.891	3.105e-03	1.008e-02	0	0
A-PEP.CHRNA7_SLC18A3	Neurotransmitter Receptors and Postsynaptic Signal Transmission	24	336	118	2922	1.769	3.189e-03	1.032e-02	0	0
A-PEP.CHRNA7_SLC18A3	Activation of NMDA Receptors and Postsynaptic Events	15	336	62	2922	2.104	3.460e-03	1.116e-02	0	0
A-PEP.CHRNA7_SLC18A3	Downregulation of ERBB2 Signaling	7	336	19	2922	3.204	3.679e-03	1.171e-02	0	0
A-PEP.CHRNA7_SLC18A3	Formation of Incision Complex in GG-NER	7	336	19	2922	3.204	3.679e-03	1.171e-02	0	0
A-PEP.CHRNA7_SLC18A3	RIPK1-mediated Regulated Necrosis	7	336	19	2922	3.204	3.679e-03	1.171e-02	0	0
A-PEP.CHRNA7_SLC18A3	Regulation of Necroptotic Cell Death	7	336	19	2922	3.204	3.679e-03	1.171e-02	0	0
A-PEP.CHRNA7_SLC18A3	Downstream TCR Signaling	12	336	45	2922	2.319	3.706e-03	1.176e-02	0	0
A-PEP.CHRNA7_SLC18A3	Cilium Assembly	18	336	81	2922	1.933	3.852e-03	1.218e-02	0	0
A-PEP.CHRNA7_SLC18A3	Signaling by FGFR1	9	336	29	2922	2.699	3.880e-03	1.223e-02	0	0
A-PEP.CHRNA7_SLC18A3	Signaling by FGFR3	8	336	24	2922	2.899	3.927e-03	1.229e-02	0	0
A-PEP.CHRNA7_SLC18A3	Signaling by FGFR4	8	336	24	2922	2.899	3.927e-03	1.229e-02	0	0
A-PEP.CHRNA7_SLC18A3	Interleukin-1 Family Signaling	15	336	63	2922	2.071	4.078e-03	1.273e-02	0	0
A-PEP.CHRNA7_SLC18A3	Synthesis of Active Ubiquitin Roles of E1 and E2 Enzymes	6	336	15	2922	3.479	4.474e-03	1.382e-02	0	0
A-PEP.CHRNA7_SLC18A3	Regulation of HSF1-mediated Heat Shock Response	12	336	46	2922	2.269	4.508e-03	1.382e-02	0	0
A-PEP.CHRNA7_SLC18A3	ATF6 (ATF6-alpha) Activates Chaperone Genes	4	336	7	2922	4.969	4.529e-03	1.382e-02	0	0
A-PEP.CHRNA7_SLC18A3	ATF6 (ATF6-alpha) Activates Chaperones	4	336	7	2922	4.969	4.529e-03	1.382e-02	0	0
A-PEP.CHRNA7_SLC18A3	CREB1 Phosphorylation Through the Activation of CaMKII CaMKK CaMKIV Cascasde	4	336	7	2922	4.969	4.529e-03	1.382e-02	0	0
A-PEP.CHRNA7_SLC18A3	Prevention of Phagosomal-Lysosomal Fusion	4	336	7	2922	4.969	4.529e-03	1.382e-02	0	0
A-PEP.CHRNA7_SLC18A3	Regulation of FZD by Ubiquitination	4	336	7	2922	4.969	4.529e-03	1.382e-02	0	0
A-PEP.CHRNA7_SLC18A3	Signaling by RAF1 Mutants	9	336	30	2922	2.609	4.994e-03	1.513e-02	0	0
A-PEP.CHRNA7_SLC18A3	Budding and Maturation of HIV Virion	5	336	11	2922	3.953	5.006e-03	1.513e-02	0	0
A-PEP.CHRNA7_SLC18A3	Downregulation of ERBB2 ERBB3 Signaling	5	336	11	2922	3.953	5.006e-03	1.513e-02	0	0
A-PEP.CHRNA7_SLC18A3	HSF1-dependent Transactivation	8	336	25	2922	2.783	5.209e-03	1.564e-02	0	0
A-PEP.CHRNA7_SLC18A3	Iron Uptake and Transport	8	336	25	2922	2.783	5.209e-03	1.564e-02	0	0
A-PEP.CHRNA7_SLC18A3	Hemostasis	41	336	242	2922	1.473	5.342e-03	1.599e-02	0	0
A-PEP.CHRNA7_SLC18A3	Calcineurin Activates NFAT	3	336	4	2922	6.522	5.518e-03	1.626e-02	0	0
A-PEP.CHRNA7_SLC18A3	Maturation of Protein E 9683683	3	336	4	2922	6.522	5.518e-03	1.626e-02	0	0
A-PEP.CHRNA7_SLC18A3	Maturation of Protein E 9694493	3	336	4	2922	6.522	5.518e-03	1.626e-02	0	0
A-PEP.CHRNA7_SLC18A3	Modulation by Mtb of Host Immune System	3	336	4	2922	6.522	5.518e-03	1.626e-02	0	0
A-PEP.CHRNA7_SLC18A3	PP2A-mediated Dephosphorylation of Key Metabolic Factors	3	336	4	2922	6.522	5.518e-03	1.626e-02	0	0
A-PEP.CHRNA7_SLC18A3	Respiratory Electron Transport	15	336	65	2922	2.007	5.585e-03	1.641e-02	0	0
A-PEP.CHRNA7_SLC18A3	COPI-dependent Golgi-to-ER Retrograde Traffic	11	336	42	2922	2.278	6.251e-03	1.831e-02	0	0
A-PEP.CHRNA7_SLC18A3	Clathrin-mediated Endocytosis	16	336	72	2922	1.933	6.303e-03	1.841e-02	0	0
A-PEP.CHRNA7_SLC18A3	Cell Death Signalling via NRAGE. NRIF and NADE	9	336	31	2922	2.525	6.342e-03	1.847e-02	0	0
A-PEP.CHRNA7_SLC18A3	Deactivation of the Beta-Catenin Transactivating Complex	6	336	16	2922	3.261	6.478e-03	1.875e-02	0	0
A-PEP.CHRNA7_SLC18A3	Thrombin Signalling Through Proteinase Activated Receptors (PARs)	6	336	16	2922	3.261	6.478e-03	1.875e-02	0	0
A-PEP.CHRNA7_SLC18A3	MAPK Family Signaling Cascades	27	336	145	2922	1.619	6.548e-03	1.890e-02	0	0
A-PEP.CHRNA7_SLC18A3	Assembly and Cell Surface Presentation of NMDA Receptors	8	336	26	2922	2.676	6.788e-03	1.918e-02	0	0
A-PEP.CHRNA7_SLC18A3	FCGR3A-mediated Phagocytosis	8	336	26	2922	2.676	6.788e-03	1.918e-02	0	0
A-PEP.CHRNA7_SLC18A3	Leishmania Phagocytosis	8	336	26	2922	2.676	6.788e-03	1.918e-02	0	0
A-PEP.CHRNA7_SLC18A3	MAP2K and MAPK Activation	8	336	26	2922	2.676	6.788e-03	1.918e-02	0	0
A-PEP.CHRNA7_SLC18A3	Parasite Infection	8	336	26	2922	2.676	6.788e-03	1.918e-02	0	0
A-PEP.CHRNA7_SLC18A3	Signaling by High-Kinase Activity BRAF Mutants	8	336	26	2922	2.676	6.788e-03	1.918e-02	0	0
A-PEP.CHRNA7_SLC18A3	Transcriptional Activity of SMAD2 SMAD3 SMAD4 Heterotrimer	8	336	26	2922	2.676	6.788e-03	1.918e-02	0	0
A-PEP.CHRNA7_SLC18A3	Uptake and Actions of Bacterial Toxins	7	336	21	2922	2.899	6.928e-03	1.952e-02	0	0
A-PEP.CHRNA7_SLC18A3	Protein Ubiquitination	9	336	32	2922	2.446	7.954e-03	2.235e-02	0	0
A-PEP.CHRNA7_SLC18A3	InlA-mediated Entry of Listeria Monocytogenes Into Host Cells	4	336	8	2922	4.348	8.243e-03	2.289e-02	0	0
A-PEP.CHRNA7_SLC18A3	Pexophagy	4	336	8	2922	4.348	8.243e-03	2.289e-02	0	0
A-PEP.CHRNA7_SLC18A3	Regulation of PTEN Localization	4	336	8	2922	4.348	8.243e-03	2.289e-02	0	0
A-PEP.CHRNA7_SLC18A3	Translesion Synthesis by POLH	4	336	8	2922	4.348	8.243e-03	2.289e-02	0	0
A-PEP.CHRNA7_SLC18A3	HCMV Early Events	10	336	38	2922	2.289	8.684e-03	2.404e-02	0	0
A-PEP.CHRNA7_SLC18A3	ERK MAPK Targets	6	336	17	2922	3.069	9.061e-03	2.502e-02	0	0
A-PEP.CHRNA7_SLC18A3	Oncogene Induced Senescence	7	336	22	2922	2.767	9.181e-03	2.520e-02	0	0
A-PEP.CHRNA7_SLC18A3	RAF Activation	7	336	22	2922	2.767	9.181e-03	2.520e-02	0	0
A-PEP.CHRNA7_SLC18A3	Signaling by NOTCH	18	336	88	2922	1.779	9.565e-03	2.618e-02	0	0
A-PEP.CHRNA7_SLC18A3	Nuclear Envelope (NE) Reassembly	9	336	33	2922	2.372	9.859e-03	2.683e-02	0	0
A-PEP.CHRNA7_SLC18A3	RSV-host Interactions	9	336	33	2922	2.372	9.859e-03	2.683e-02	0	0
A-PEP.CHRNA7_SLC18A3	Disorders of Transmembrane Transporters	11	336	45	2922	2.126	1.081e-02	2.917e-02	0	0
A-PEP.CHRNA7_SLC18A3	Fcgamma Receptor (FCGR) Dependent Phagocytosis	11	336	45	2922	2.126	1.081e-02	2.917e-02	0	0
A-PEP.CHRNA7_SLC18A3	HCMV Infection	11	336	45	2922	2.126	1.081e-02	2.917e-02	0	0
A-PEP.CHRNA7_SLC18A3	Neuronal System	34	336	201	2922	1.471	1.123e-02	3.022e-02	0	0
A-PEP.CHRNA7_SLC18A3	Late Endosomal Microautophagy	5	336	13	2922	3.345	1.148e-02	3.071e-02	0	0
A-PEP.CHRNA7_SLC18A3	NRIF Signals Cell Death From the Nucleus	5	336	13	2922	3.345	1.148e-02	3.071e-02	0	0
A-PEP.CHRNA7_SLC18A3	Gene and Protein Expression by JAK-STAT Signaling After Interleukin-12 Stimulation	6	336	18	2922	2.899	1.231e-02	3.265e-02	0	0
A-PEP.CHRNA7_SLC18A3	Response of Mtb to Phagocytosis	6	336	18	2922	2.899	1.231e-02	3.265e-02	0	0
A-PEP.CHRNA7_SLC18A3	SMAD2 SMAD3 SMAD4 Heterotrimer Regulates Transcription	6	336	18	2922	2.899	1.231e-02	3.265e-02	0	0
A-PEP.CHRNA7_SLC18A3	Signaling by Interleukins	33	336	195	2922	1.472	1.234e-02	3.267e-02	0	0
A-PEP.CHRNA7_SLC18A3	Dissolution of Fibrin Clot	3	336	5	2922	5.218	1.262e-02	3.307e-02	0	0
A-PEP.CHRNA7_SLC18A3	FLT3 Signaling by CBL Mutants	3	336	5	2922	5.218	1.262e-02	3.307e-02	0	0
A-PEP.CHRNA7_SLC18A3	Resolution of AP Sites via the Multiple-Nucleotide Patch Replacement Pathway	3	336	5	2922	5.218	1.262e-02	3.307e-02	0	0
A-PEP.CHRNA7_SLC18A3	Signaling by BRAF and RAF1 Fusions	10	336	40	2922	2.174	1.264e-02	3.307e-02	0	0
A-PEP.CHRNA7_SLC18A3	Assembly Of The HIV Virion	4	336	9	2922	3.865	1.351e-02	3.507e-02	0	0
A-PEP.CHRNA7_SLC18A3	CaMK IV-mediated Phosphorylation of CREB	4	336	9	2922	3.865	1.351e-02	3.507e-02	0	0
A-PEP.CHRNA7_SLC18A3	Glycogen Metabolism	4	336	9	2922	3.865	1.351e-02	3.507e-02	0	0
A-PEP.CHRNA7_SLC18A3	Platelet Homeostasis	9	336	35	2922	2.236	1.468e-02	3.800e-02	0	0
A-PEP.CHRNA7_SLC18A3	TP53 Regulates Metabolic Genes	11	336	47	2922	2.035	1.503e-02	3.882e-02	0	0
A-PEP.CHRNA7_SLC18A3	Amplification of Signal From Unattached Kinetochores via a MAD2 Inhibitory Signal	7	336	24	2922	2.536	1.522e-02	3.899e-02	0	0
A-PEP.CHRNA7_SLC18A3	Amplification of Signal From the Kinetochores	7	336	24	2922	2.536	1.522e-02	3.899e-02	0	0
A-PEP.CHRNA7_SLC18A3	E3 Ubiquitin Ligases Ubiquitinate Target Proteins	7	336	24	2922	2.536	1.522e-02	3.899e-02	0	0
A-PEP.CHRNA7_SLC18A3	Leishmania Infection	16	336	79	2922	1.761	1.557e-02	3.966e-02	0	0
A-PEP.CHRNA7_SLC18A3	Parasitic Infection Pathways	16	336	79	2922	1.761	1.557e-02	3.966e-02	0	0
A-PEP.CHRNA7_SLC18A3	RAS Processing	5	336	14	2922	3.106	1.621e-02	4.118e-02	0	0
A-PEP.CHRNA7_SLC18A3	Infection With Mycobacterium Tuberculosis	6	336	19	2922	2.746	1.629e-02	4.128e-02	0	0
A-PEP.CHRNA7_SLC18A3	TCR Signaling	12	336	54	2922	1.933	1.704e-02	4.308e-02	0	0
A-PEP.CHRNA7_SLC18A3	Interleukin-17 Signaling	11	336	48	2922	1.993	1.756e-02	4.416e-02	0	0
A-PEP.CHRNA7_SLC18A3	MAP Kinase Activation	11	336	48	2922	1.993	1.756e-02	4.416e-02	0	0
A-PEP.CHRNA7_SLC18A3	Signaling by ERBB2	9	336	36	2922	2.174	1.765e-02	4.426e-02	0	0
A-PEP.CHRNA7_SLC18A3	Intra-Golgi and Retrograde Golgi-to-ER Traffic	17	336	87	2922	1.699	1.815e-02	4.540e-02	0	0
A-PEP.CHRNA7_SLC18A3	ER to Golgi Anterograde Transport	15	336	74	2922	1.763	1.874e-02	4.675e-02	0	0
A-PEP.CHRNA7_SLC18A3	Homology Directed Repair	7	336	25	2922	2.435	1.912e-02	4.756e-02	0	0
A-PEP.CHRNA7_SLC18A3	Cargo Recognition for Clathrin-Mediated Endocytosis	12	336	55	2922	1.897	1.962e-02	4.869e-02	0	0
A-PEP.CHRNA7_SLC18A3	Frs2-mediated Activation	4	336	10	2922	3.479	2.051e-02	5.037e-02	0	0
A-PEP.CHRNA7_SLC18A3	GABA Synthesis. Release. Reuptake and Degradation	4	336	10	2922	3.479	2.051e-02	5.037e-02	0	0
A-PEP.CHRNA7_SLC18A3	Suppression of Phagosomal Maturation	4	336	10	2922	3.479	2.051e-02	5.037e-02	0	0
A-PEP.CHRNA7_SLC18A3	TGF-beta Receptor Signaling in EMT (Epithelial to Mesenchymal Transition)	4	336	10	2922	3.479	2.051e-02	5.037e-02	0	0
A-PEP.CHRNA7_SLC18A3	Neutrophil Degranulation	29	336	173	2922	1.458	2.091e-02	5.124e-02	0	0
A-PEP.CHRNA7_SLC18A3	Ion Channel Transport	13	336	62	2922	1.823	2.127e-02	5.199e-02	0	0
A-PEP.CHRNA7_SLC18A3	Defective Intrinsic Pathway for Apoptosis	5	336	15	2922	2.899	2.207e-02	5.326e-02	0	0
A-PEP.CHRNA7_SLC18A3	Evasion by RSV of Host Interferon Responses	5	336	15	2922	2.899	2.207e-02	5.326e-02	0	0
A-PEP.CHRNA7_SLC18A3	HDR Through Homologous Recombination (HRR)	5	336	15	2922	2.899	2.207e-02	5.326e-02	0	0
A-PEP.CHRNA7_SLC18A3	MAP3K8 (TPL2)-dependent MAPK1 3 Activation	5	336	15	2922	2.899	2.207e-02	5.326e-02	0	0
A-PEP.CHRNA7_SLC18A3	VLDLR Internalisation and Degradation	5	336	15	2922	2.899	2.207e-02	5.326e-02	0	0
A-PEP.CHRNA7_SLC18A3	Josephin Domain DUBs	3	336	6	2922	4.348	2.311e-02	5.480e-02	0	0
A-PEP.CHRNA7_SLC18A3	Myoclonic Epilepsy of Lafora	3	336	6	2922	4.348	2.311e-02	5.480e-02	0	0
A-PEP.CHRNA7_SLC18A3	Negative Feedback Regulation of MAPK Pathway	3	336	6	2922	4.348	2.311e-02	5.480e-02	0	0
A-PEP.CHRNA7_SLC18A3	Regulation of Glycolysis by Fructose 2.6-Bisphosphate Metabolism	3	336	6	2922	4.348	2.311e-02	5.480e-02	0	0
A-PEP.CHRNA7_SLC18A3	Regulation of Localization of FOXO Transcription Factors	3	336	6	2922	4.348	2.311e-02	5.480e-02	0	0
A-PEP.CHRNA7_SLC18A3	Uptake and Function of Diphtheria Toxin	3	336	6	2922	4.348	2.311e-02	5.480e-02	0	0
A-PEP.CHRNA7_SLC18A3	WNT Ligand Biogenesis and Trafficking	3	336	6	2922	4.348	2.311e-02	5.480e-02	0	0
A-PEP.CHRNA7_SLC18A3	Amyloid Fiber Formation	7	336	26	2922	2.341	2.366e-02	5.568e-02	0	0
A-PEP.CHRNA7_SLC18A3	Interferon Alpha Beta Signaling	7	336	26	2922	2.341	2.366e-02	5.568e-02	0	0
A-PEP.CHRNA7_SLC18A3	Regulated Necrosis	7	336	26	2922	2.341	2.366e-02	5.568e-02	0	0
A-PEP.CHRNA7_SLC18A3	CREB1 Phosphorylation Through NMDA Receptor-Mediated Activation of RAS Signaling	6	336	21	2922	2.485	2.673e-02	6.277e-02	0	0
A-PEP.CHRNA7_SLC18A3	Glycolysis	7	336	27	2922	2.255	2.889e-02	6.750e-02	0	0
A-PEP.CHRNA7_SLC18A3	Ion Homeostasis	7	336	27	2922	2.255	2.889e-02	6.750e-02	0	0
A-PEP.CHRNA7_SLC18A3	DNA Double-Strand Break Repair	9	336	39	2922	2.007	2.918e-02	6.801e-02	0	0
A-PEP.CHRNA7_SLC18A3	Endosomal Sorting Complex Required For Transport (ESCRT)	4	336	11	2922	3.162	2.937e-02	6.828e-02	0	0
A-PEP.CHRNA7_SLC18A3	Transcriptional Regulation by TP53	24	336	142	2922	1.470	3.115e-02	7.225e-02	0	0
A-PEP.CHRNA7_SLC18A3	Signaling by GPCR	30	336	187	2922	1.395	3.309e-02	7.636e-02	0	0
A-PEP.CHRNA7_SLC18A3	G2 M DNA Damage Checkpoint	6	336	22	2922	2.372	3.332e-02	7.636e-02	0	0
A-PEP.CHRNA7_SLC18A3	Interleukin-12 Signaling	6	336	22	2922	2.372	3.332e-02	7.636e-02	0	0
A-PEP.CHRNA7_SLC18A3	Regulation of TP53 Degradation	6	336	22	2922	2.372	3.332e-02	7.636e-02	0	0
A-PEP.CHRNA7_SLC18A3	Regulation of TP53 Expression and Degradation	6	336	22	2922	2.372	3.332e-02	7.636e-02	0	0
A-PEP.CHRNA7_SLC18A3	MyD88 Dependent Cascade Initiated on Endosome	13	336	66	2922	1.713	3.433e-02	7.830e-02	0	0
A-PEP.CHRNA7_SLC18A3	TRAF6 Mediated Induction of NFkB and MAP Kinases Upon TLR7 8 or 9 Activation	13	336	66	2922	1.713	3.433e-02	7.830e-02	0	0
A-PEP.CHRNA7_SLC18A3	Organelle Biogenesis and Maintenance	22	336	129	2922	1.483	3.485e-02	7.912e-02	0	0
A-PEP.CHRNA7_SLC18A3	Glucose Metabolism	7	336	28	2922	2.174	3.485e-02	7.912e-02	0	0
A-PEP.CHRNA7_SLC18A3	Class I MHC Mediated Antigen Processing & Presentation	25	336	151	2922	1.440	3.534e-02	8.003e-02	0	0
A-PEP.CHRNA7_SLC18A3	Passive Transport by Aquaporins	2	336	3	2922	5.798	3.655e-02	8.257e-02	0	0
A-PEP.CHRNA7_SLC18A3	Glycogen Storage Diseases	3	336	7	2922	3.727	3.704e-02	8.272e-02	0	0
A-PEP.CHRNA7_SLC18A3	Glycogen Synthesis	3	336	7	2922	3.727	3.704e-02	8.272e-02	0	0
A-PEP.CHRNA7_SLC18A3	PTK6 Regulates RTKs and Their Effectors AKT1 and DOK1	3	336	7	2922	3.727	3.704e-02	8.272e-02	0	0
A-PEP.CHRNA7_SLC18A3	Receptor Mediated Mitophagy	3	336	7	2922	3.727	3.704e-02	8.272e-02	0	0
A-PEP.CHRNA7_SLC18A3	Signal Attenuation	3	336	7	2922	3.727	3.704e-02	8.272e-02	0	0
A-PEP.CHRNA7_SLC18A3	Constitutive Signaling by Ligand-Responsive EGFR Cancer Variants	5	336	17	2922	2.558	3.753e-02	8.342e-02	0	0
A-PEP.CHRNA7_SLC18A3	Signaling by Ligand-Responsive EGFR Variants in Cancer	5	336	17	2922	2.558	3.753e-02	8.342e-02	0	0
A-PEP.CHRNA7_SLC18A3	Toll Like Receptor 7 8 (TLR7 8) Cascade	13	336	67	2922	1.687	3.834e-02	8.482e-02	0	0
A-PEP.CHRNA7_SLC18A3	Toll Like Receptor 9 (TLR9) Cascade	13	336	67	2922	1.687	3.834e-02	8.482e-02	0	0
A-PEP.CHRNA7_SLC18A3	IRAK2 Mediated Activation of TAK1 Complex Upon TLR7 8 or 9 Stimulation	4	336	12	2922	2.899	4.016e-02	8.763e-02	0	0
A-PEP.CHRNA7_SLC18A3	Prolonged ERK Activation Events	4	336	12	2922	2.899	4.016e-02	8.763e-02	0	0
A-PEP.CHRNA7_SLC18A3	RHO GTPases Activate NADPH Oxidases	4	336	12	2922	2.899	4.016e-02	8.763e-02	0	0
A-PEP.CHRNA7_SLC18A3	Regulation of TBK1. IKKε (IKBKE)-mediated Activation of IRF3. IRF7	4	336	12	2922	2.899	4.016e-02	8.763e-02	0	0
A-PEP.CHRNA7_SLC18A3	Sema3A PAK Dependent Axon Repulsion	4	336	12	2922	2.899	4.016e-02	8.763e-02	0	0
A-PEP.CHRNA7_SLC18A3	p75NTR Recruits Signalling Complexes	4	336	12	2922	2.899	4.016e-02	8.763e-02	0	0
A-PEP.CHRNA7_SLC18A3	Adherens Junctions Interactions	6	336	23	2922	2.269	4.087e-02	8.878e-02	0	0
A-PEP.CHRNA7_SLC18A3	Plasma Lipoprotein Clearance	6	336	23	2922	2.269	4.087e-02	8.878e-02	0	0
A-PEP.CHRNA7_SLC18A3	SARS-CoV-2 Activates Modulates Innate and Adaptive Immune Responses	10	336	48	2922	1.812	4.253e-02	9.219e-02	0	0
A-PEP.CHRNA7_SLC18A3	Post-translational Protein Modification	68	336	491	2922	1.204	4.558e-02	9.857e-02	0	0
A-PEP.CHRNA7_SLC18A3	TBC RABGAPs	5	336	18	2922	2.416	4.723e-02	1.019e-01	0	0
A-PEP.CHRNA7_SLC18A3	Transport to the Golgi and Subsequent Modification	16	336	90	2922	1.546	4.788e-02	1.031e-01	0	0
A-PEP.CHRNA7_SLC18A3	Oncogenic MAPK Signaling	10	336	49	2922	1.775	4.821e-02	1.036e-01	0	0
A-PEP.CHRNA7_SLC18A3	Ca-dependent Events	6	336	24	2922	2.174	4.941e-02	1.057e-01	0	0
A-PEP.CHRNA7_SLC18A3	HDR Through Homologous Recombination (HRR) or Single Strand Annealing (SSA)	6	336	24	2922	2.174	4.941e-02	1.057e-01	0	0
A-PEP.CHRNA7_SLC18A3	Signaling by Receptor Tyrosine Kinases	41	336	279	2922	1.278	5.158e-02	1.091e-01	0	0
A-PEP.CHRNA7_SLC18A3	Extra-nuclear Estrogen Signaling	9	336	43	2922	1.820	5.159e-02	1.091e-01	0	0
A-PEP.CHRNA7_SLC18A3	MyD88 Cascade Initiated on Plasma Membrane	12	336	63	2922	1.656	5.160e-02	1.091e-01	0	0
A-PEP.CHRNA7_SLC18A3	Toll Like Receptor 10 (TLR10) Cascade	12	336	63	2922	1.656	5.160e-02	1.091e-01	0	0
A-PEP.CHRNA7_SLC18A3	Toll Like Receptor 5 (TLR5) Cascade	12	336	63	2922	1.656	5.160e-02	1.091e-01	0	0
A-PEP.CHRNA7_SLC18A3	Transcriptional Regulation by RUNX1	13	336	70	2922	1.615	5.234e-02	1.099e-01	0	0
A-PEP.CHRNA7_SLC18A3	Antigen Presentation Folding. Assembly and Peptide Loading of Class I MHC	4	336	13	2922	2.676	5.290e-02	1.099e-01	0	0
A-PEP.CHRNA7_SLC18A3	Complex IV Assembly	4	336	13	2922	2.676	5.290e-02	1.099e-01	0	0
A-PEP.CHRNA7_SLC18A3	Deregulated CDK5 Triggers Multiple Neurodegenerative Pathways in Alzheimer's Disease Models	4	336	13	2922	2.676	5.290e-02	1.099e-01	0	0
A-PEP.CHRNA7_SLC18A3	NF-kB Is Activated and Signals Survival	4	336	13	2922	2.676	5.290e-02	1.099e-01	0	0
A-PEP.CHRNA7_SLC18A3	Neurodegenerative Diseases	4	336	13	2922	2.676	5.290e-02	1.099e-01	0	0
A-PEP.CHRNA7_SLC18A3	TRAF6-mediated Induction of TAK1 Complex Within TLR4 Complex	4	336	13	2922	2.676	5.290e-02	1.099e-01	0	0
A-PEP.CHRNA7_SLC18A3	The Role of Nef in HIV-1 Replication and Disease Pathogenesis	4	336	13	2922	2.676	5.290e-02	1.099e-01	0	0
A-PEP.CHRNA7_SLC18A3	Apoptotic Factor-Mediated Response	3	336	8	2922	3.261	5.432e-02	1.107e-01	0	0
A-PEP.CHRNA7_SLC18A3	Inhibition of Replication Initiation of Damaged DNA by RB1 E2F1	3	336	8	2922	3.261	5.432e-02	1.107e-01	0	0
A-PEP.CHRNA7_SLC18A3	Membrane Binding and Targetting of GAG Proteins	3	336	8	2922	3.261	5.432e-02	1.107e-01	0	0
A-PEP.CHRNA7_SLC18A3	Platelet Sensitization by LDL	3	336	8	2922	3.261	5.432e-02	1.107e-01	0	0
A-PEP.CHRNA7_SLC18A3	Regulation of Innate Immune Responses to Cytosolic DNA	3	336	8	2922	3.261	5.432e-02	1.107e-01	0	0
A-PEP.CHRNA7_SLC18A3	Response of EIF2AK1 (HRI) to Heme Deficiency	3	336	8	2922	3.261	5.432e-02	1.107e-01	0	0
A-PEP.CHRNA7_SLC18A3	Scavenging by Class A Receptors	3	336	8	2922	3.261	5.432e-02	1.107e-01	0	0
A-PEP.CHRNA7_SLC18A3	Synthesis And Processing Of GAG. GAGPOL Polyproteins	3	336	8	2922	3.261	5.432e-02	1.107e-01	0	0
A-PEP.CHRNA7_SLC18A3	TICAM1.TRAF6-dependent Induction of TAK1 Complex	3	336	8	2922	3.261	5.432e-02	1.107e-01	0	0
A-PEP.CHRNA7_SLC18A3	Diseases of Signal Transduction by Growth Factor Receptors and Second Messengers	35	336	234	2922	1.301	5.593e-02	1.138e-01	0	0
A-PEP.CHRNA7_SLC18A3	Transport of Small Molecules	36	336	242	2922	1.294	5.669e-02	1.151e-01	0	0
A-PEP.CHRNA7_SLC18A3	Mitotic Spindle Checkpoint	7	336	31	2922	1.964	5.743e-02	1.159e-01	0	0
A-PEP.CHRNA7_SLC18A3	MyD88 MAL(TIRAP) Cascade Initiated on Plasma Membrane	13	336	71	2922	1.592	5.770e-02	1.159e-01	0	0
A-PEP.CHRNA7_SLC18A3	Toll Like Receptor 2 (TLR2) Cascade	13	336	71	2922	1.592	5.770e-02	1.159e-01	0	0
A-PEP.CHRNA7_SLC18A3	Toll Like Receptor TLR1 TLR2 Cascade	13	336	71	2922	1.592	5.770e-02	1.159e-01	0	0
A-PEP.CHRNA7_SLC18A3	Toll Like Receptor TLR6 TLR2 Cascade	13	336	71	2922	1.592	5.770e-02	1.159e-01	0	0
A-PEP.CHRNA7_SLC18A3	Asparagine N-linked Glycosylation	22	336	136	2922	1.407	5.805e-02	1.163e-01	0	0
A-PEP.CHRNA7_SLC18A3	Activated NOTCH1 Transmits Signal to the Nucleus	5	336	19	2922	2.289	5.829e-02	1.163e-01	0	0
A-PEP.CHRNA7_SLC18A3	Signaling by EGFR in Cancer	5	336	19	2922	2.289	5.829e-02	1.163e-01	0	0
A-PEP.CHRNA7_SLC18A3	MAPK Targets Nuclear Events Mediated by MAP Kinases	6	336	25	2922	2.087	5.898e-02	1.170e-01	0	0
A-PEP.CHRNA7_SLC18A3	Mitophagy	6	336	25	2922	2.087	5.898e-02	1.170e-01	0	0
A-PEP.CHRNA7_SLC18A3	Neurotransmitter Release Cycle	6	336	25	2922	2.087	5.898e-02	1.170e-01	0	0
A-PEP.CHRNA7_SLC18A3	Antigen Processing Ubiquitination & Proteasome Degradation	19	336	115	2922	1.437	6.282e-02	1.243e-01	0	0
A-PEP.CHRNA7_SLC18A3	GPCR Downstream Signalling	27	336	175	2922	1.342	6.359e-02	1.256e-01	0	0
A-PEP.CHRNA7_SLC18A3	P75 NTR Receptor-Mediated Signalling	9	336	45	2922	1.739	6.615e-02	1.287e-01	0	0
A-PEP.CHRNA7_SLC18A3	Aryl Hydrocarbon Receptor Signalling	2	336	4	2922	4.348	6.758e-02	1.287e-01	0	0
A-PEP.CHRNA7_SLC18A3	CDH11 Homotypic and Heterotypic Interactions	2	336	4	2922	4.348	6.758e-02	1.287e-01	0	0
A-PEP.CHRNA7_SLC18A3	CHL1 Interactions	2	336	4	2922	4.348	6.758e-02	1.287e-01	0	0
A-PEP.CHRNA7_SLC18A3	FBXW7 Mutants and NOTCH1 in Cancer	2	336	4	2922	4.348	6.758e-02	1.287e-01	0	0
A-PEP.CHRNA7_SLC18A3	Loss of Function of FBXW7 in Cancer and NOTCH1 Signaling	2	336	4	2922	4.348	6.758e-02	1.287e-01	0	0
A-PEP.CHRNA7_SLC18A3	NADE Modulates Death Signalling	2	336	4	2922	4.348	6.758e-02	1.287e-01	0	0
A-PEP.CHRNA7_SLC18A3	PCNA-Dependent Long Patch Base Excision Repair	2	336	4	2922	4.348	6.758e-02	1.287e-01	0	0
A-PEP.CHRNA7_SLC18A3	Purine Salvage	2	336	4	2922	4.348	6.758e-02	1.287e-01	0	0
A-PEP.CHRNA7_SLC18A3	Ribavirin ADME	2	336	4	2922	4.348	6.758e-02	1.287e-01	0	0
A-PEP.CHRNA7_SLC18A3	Sodium Calcium Exchangers	2	336	4	2922	4.348	6.758e-02	1.287e-01	0	0
A-PEP.CHRNA7_SLC18A3	Tetrahydrobiopterin (BH4) Synthesis. Recycling. Salvage and Regulation	2	336	4	2922	4.348	6.758e-02	1.287e-01	0	0
A-PEP.CHRNA7_SLC18A3	Base Excision Repair	4	336	14	2922	2.485	6.758e-02	1.287e-01	0	0
A-PEP.CHRNA7_SLC18A3	Fanconi Anemia Pathway	4	336	14	2922	2.485	6.758e-02	1.287e-01	0	0
A-PEP.CHRNA7_SLC18A3	Listeria Monocytogenes Entry Into Host Cells	4	336	14	2922	2.485	6.758e-02	1.287e-01	0	0
A-PEP.CHRNA7_SLC18A3	Negative Regulation of MET Activity	4	336	14	2922	2.485	6.758e-02	1.287e-01	0	0
A-PEP.CHRNA7_SLC18A3	RHOBTB2 GTPase Cycle	4	336	14	2922	2.485	6.758e-02	1.287e-01	0	0
A-PEP.CHRNA7_SLC18A3	Ras Activation Upon Ca2+ Influx Through NMDA Receptor	4	336	14	2922	2.485	6.758e-02	1.287e-01	0	0
A-PEP.CHRNA7_SLC18A3	EPH-Ephrin Signaling	10	336	52	2922	1.672	6.821e-02	1.294e-01	0	0
A-PEP.CHRNA7_SLC18A3	Mitochondrial Protein Degradation	10	336	52	2922	1.672	6.821e-02	1.294e-01	0	0
A-PEP.CHRNA7_SLC18A3	Response to Elevated Platelet Cytosolic Ca2+	11	336	59	2922	1.621	6.930e-02	1.309e-01	0	0
A-PEP.CHRNA7_SLC18A3	MyD88-independent TLR4 Cascade	13	336	73	2922	1.549	6.950e-02	1.309e-01	0	0
A-PEP.CHRNA7_SLC18A3	TRIF (TICAM1)-mediated TLR4 Signaling	13	336	73	2922	1.549	6.950e-02	1.309e-01	0	0
A-PEP.CHRNA7_SLC18A3	EPHB-mediated Forward Signaling	6	336	26	2922	2.007	6.958e-02	1.309e-01	0	0
A-PEP.CHRNA7_SLC18A3	VEGFA-VEGFR2 Pathway	12	336	66	2922	1.581	6.967e-02	1.309e-01	0	0
A-PEP.CHRNA7_SLC18A3	Nuclear Events Stimulated by ALK Signaling in Cancer	5	336	20	2922	2.174	7.069e-02	1.325e-01	0	0
A-PEP.CHRNA7_SLC18A3	HIV Life Cycle	8	336	39	2922	1.784	7.139e-02	1.333e-01	0	0
A-PEP.CHRNA7_SLC18A3	Oxidative Stress Induced Senescence	8	336	39	2922	1.784	7.139e-02	1.333e-01	0	0
A-PEP.CHRNA7_SLC18A3	Intracellular Signaling by Second Messengers	25	336	162	2922	1.342	7.233e-02	1.348e-01	0	0
A-PEP.CHRNA7_SLC18A3	Alpha-protein Kinase 1 Signaling Pathway	3	336	9	2922	2.899	7.473e-02	1.366e-01	0	0
A-PEP.CHRNA7_SLC18A3	Diseases of Carbohydrate Metabolism	3	336	9	2922	2.899	7.473e-02	1.366e-01	0	0
A-PEP.CHRNA7_SLC18A3	Downregulation of ERBB4 Signaling	3	336	9	2922	2.899	7.473e-02	1.366e-01	0	0
A-PEP.CHRNA7_SLC18A3	Formation of Annular Gap Junctions	3	336	9	2922	2.899	7.473e-02	1.366e-01	0	0
A-PEP.CHRNA7_SLC18A3	IRAK2 Mediated Activation of TAK1 Complex	3	336	9	2922	2.899	7.473e-02	1.366e-01	0	0
A-PEP.CHRNA7_SLC18A3	Metalloprotease DUBs	3	336	9	2922	2.899	7.473e-02	1.366e-01	0	0
A-PEP.CHRNA7_SLC18A3	ROS and RNS Production in Phagocytes	3	336	9	2922	2.899	7.473e-02	1.366e-01	0	0
A-PEP.CHRNA7_SLC18A3	Reduction of Cytosolic Ca++ Levels	3	336	9	2922	2.899	7.473e-02	1.366e-01	0	0
A-PEP.CHRNA7_SLC18A3	Regulation of TBK1. IKKε-mediated Activation of IRF3. IRF7 Upon TLR3 Ligation	3	336	9	2922	2.899	7.473e-02	1.366e-01	0	0
A-PEP.CHRNA7_SLC18A3	TRAF6 Mediated IRF7 Activation in TLR7 8 or 9 Signaling	3	336	9	2922	2.899	7.473e-02	1.366e-01	0	0
A-PEP.CHRNA7_SLC18A3	Signaling by VEGF	12	336	67	2922	1.558	7.650e-02	1.396e-01	0	0
A-PEP.CHRNA7_SLC18A3	Cell-cell Junction Organization	6	336	27	2922	1.933	8.121e-02	1.476e-01	0	0
A-PEP.CHRNA7_SLC18A3	Cytosolic Sensors of Pathogen-Associated DNA	6	336	27	2922	1.933	8.121e-02	1.476e-01	0	0
A-PEP.CHRNA7_SLC18A3	Activation of IRF3. IRF7 Mediated by TBK1. IKKε (IKBKE)	4	336	15	2922	2.319	8.413e-02	1.515e-01	0	0
A-PEP.CHRNA7_SLC18A3	Regulation of Pyruvate Metabolism	4	336	15	2922	2.319	8.413e-02	1.515e-01	0	0
A-PEP.CHRNA7_SLC18A3	p75NTR Signals via NF-kB	4	336	15	2922	2.319	8.413e-02	1.515e-01	0	0
A-PEP.CHRNA7_SLC18A3	Cooperation of PDCL (PhLP1) and TRiC CCT in G-protein Beta Folding	5	336	21	2922	2.071	8.443e-02	1.515e-01	0	0
A-PEP.CHRNA7_SLC18A3	Ion Transport by P-type ATPases	5	336	21	2922	2.071	8.443e-02	1.515e-01	0	0
A-PEP.CHRNA7_SLC18A3	PINK1-PRKN Mediated Mitophagy	5	336	21	2922	2.071	8.443e-02	1.515e-01	0	0
A-PEP.CHRNA7_SLC18A3	Processing of DNA Double-Strand Break Ends	5	336	21	2922	2.071	8.443e-02	1.515e-01	0	0
A-PEP.CHRNA7_SLC18A3	Late Phase of HIV Life Cycle	7	336	34	2922	1.790	8.737e-02	1.564e-01	0	0
A-PEP.CHRNA7_SLC18A3	Platelet Activation. Signaling and Aggregation	20	336	128	2922	1.359	9.136e-02	1.631e-01	0	0
A-PEP.CHRNA7_SLC18A3	Toll Like Receptor 3 (TLR3) Cascade	12	336	69	2922	1.512	9.142e-02	1.631e-01	0	0
A-PEP.CHRNA7_SLC18A3	Cardiac Conduction	10	336	55	2922	1.581	9.285e-02	1.653e-01	0	0
A-PEP.CHRNA7_SLC18A3	Ca2+ Pathway	6	336	28	2922	1.864	9.385e-02	1.662e-01	0	0
A-PEP.CHRNA7_SLC18A3	G Alpha (Z) Signalling Events	6	336	28	2922	1.864	9.385e-02	1.662e-01	0	0
A-PEP.CHRNA7_SLC18A3	Interleukin-12 Family Signaling	6	336	28	2922	1.864	9.385e-02	1.662e-01	0	0
A-PEP.CHRNA7_SLC18A3	ADP Signalling Through P2Y Purinoceptor 12	3	336	10	2922	2.609	9.797e-02	1.691e-01	0	0
A-PEP.CHRNA7_SLC18A3	Advanced Glycosylation Endproduct Receptor Signaling	3	336	10	2922	2.609	9.797e-02	1.691e-01	0	0
A-PEP.CHRNA7_SLC18A3	CTLA4 Inhibitory Signaling	3	336	10	2922	2.609	9.797e-02	1.691e-01	0	0
A-PEP.CHRNA7_SLC18A3	E2F Mediated Regulation of DNA Replication	3	336	10	2922	2.609	9.797e-02	1.691e-01	0	0
A-PEP.CHRNA7_SLC18A3	Folding of Actin by CCT TriC	3	336	10	2922	2.609	9.797e-02	1.691e-01	0	0
A-PEP.CHRNA7_SLC18A3	Gap Junction Degradation	3	336	10	2922	2.609	9.797e-02	1.691e-01	0	0
A-PEP.CHRNA7_SLC18A3	InlB-mediated Entry of Listeria Monocytogenes Into Host Cell	3	336	10	2922	2.609	9.797e-02	1.691e-01	0	0
A-PEP.CHRNA7_SLC18A3	Maturation of hRSV A Proteins	3	336	10	2922	2.609	9.797e-02	1.691e-01	0	0
A-PEP.CHRNA7_SLC18A3	Nef-mediates Down Modulation of Cell Surface Receptors by Recruiting Them to Clathrin Adapters	3	336	10	2922	2.609	9.797e-02	1.691e-01	0	0
A-PEP.CHRNA7_SLC18A3	Regulation of NF-kappa B Signaling	3	336	10	2922	2.609	9.797e-02	1.691e-01	0	0
A-PEP.CHRNA7_SLC18A3	Resolution of Abasic Sites (AP Sites)	3	336	10	2922	2.609	9.797e-02	1.691e-01	0	0
A-PEP.CHRNA7_SLC18A3	TICAM1-dependent Activation of IRF3 IRF7	3	336	10	2922	2.609	9.797e-02	1.691e-01	0	0
A-PEP.CHRNA7_SLC18A3	Thromboxane Signalling Through TP Receptor	3	336	10	2922	2.609	9.797e-02	1.691e-01	0	0
A-PEP.CHRNA7_SLC18A3	tRNA Aminoacylation	3	336	10	2922	2.609	9.797e-02	1.691e-01	0	0
A-PEP.CHRNA7_SLC18A3	Stimuli-sensing Channels	7	336	35	2922	1.739	9.900e-02	1.705e-01	0	0
A-PEP.CHRNA7_SLC18A3	N-glycan Trimming in the ER and Calnexin Calreticulin Cycle	5	336	22	2922	1.976	9.946e-02	1.705e-01	0	0
A-PEP.CHRNA7_SLC18A3	RHO GTPases Activate PKNs	5	336	22	2922	1.976	9.946e-02	1.705e-01	0	0
A-PEP.CHRNA7_SLC18A3	Vasopressin Regulates Renal Water Homeostasis via Aquaporins	5	336	22	2922	1.976	9.946e-02	1.705e-01	0	0
A-PEP.CHRNA7_SLC18A3	Platelet Degranulation	10	336	56	2922	1.553	1.021e-01	1.730e-01	0	0
A-PEP.CHRNA7_SLC18A3	Potential Therapeutics for SARS	10	336	56	2922	1.553	1.021e-01	1.730e-01	0	0
A-PEP.CHRNA7_SLC18A3	Activation of Kainate Receptors Upon Glutamate Binding	4	336	16	2922	2.174	1.025e-01	1.730e-01	0	0
A-PEP.CHRNA7_SLC18A3	Gastrin-CREB Signalling Pathway via PKC and MAPK	4	336	16	2922	2.174	1.025e-01	1.730e-01	0	0
A-PEP.CHRNA7_SLC18A3	NOTCH2 Activation and Transmission of Signal to the Nucleus	4	336	16	2922	2.174	1.025e-01	1.730e-01	0	0
A-PEP.CHRNA7_SLC18A3	NOTCH3 Activation and Transmission of Signal to the Nucleus	4	336	16	2922	2.174	1.025e-01	1.730e-01	0	0
A-PEP.CHRNA7_SLC18A3	Estrogen-stimulated Signaling Through PRKCZ	2	336	5	2922	3.479	1.042e-01	1.730e-01	0	0
A-PEP.CHRNA7_SLC18A3	Formation of Apoptosome	2	336	5	2922	3.479	1.042e-01	1.730e-01	0	0
A-PEP.CHRNA7_SLC18A3	Incretin Synthesis. Secretion. and Inactivation	2	336	5	2922	3.479	1.042e-01	1.730e-01	0	0
A-PEP.CHRNA7_SLC18A3	Integration of Provirus	2	336	5	2922	3.479	1.042e-01	1.730e-01	0	0
A-PEP.CHRNA7_SLC18A3	Nef Mediated CD8 Down-regulation	2	336	5	2922	3.479	1.042e-01	1.730e-01	0	0
A-PEP.CHRNA7_SLC18A3	Nucleotide Salvage	2	336	5	2922	3.479	1.042e-01	1.730e-01	0	0
A-PEP.CHRNA7_SLC18A3	Regulation of CDH19 Expression and Function	2	336	5	2922	3.479	1.042e-01	1.730e-01	0	0
A-PEP.CHRNA7_SLC18A3	Regulation of the Apoptosome Activity	2	336	5	2922	3.479	1.042e-01	1.730e-01	0	0
A-PEP.CHRNA7_SLC18A3	Scavenging by Class F Receptors	2	336	5	2922	3.479	1.042e-01	1.730e-01	0	0
A-PEP.CHRNA7_SLC18A3	Suppression of Apoptosis	2	336	5	2922	3.479	1.042e-01	1.730e-01	0	0
A-PEP.CHRNA7_SLC18A3	Synthesis. Secretion. and Inactivation of Glucagon-like Peptide-1 (GLP-1)	2	336	5	2922	3.479	1.042e-01	1.730e-01	0	0
A-PEP.CHRNA7_SLC18A3	TGFBR3 Regulates TGF-beta Signaling	2	336	5	2922	3.479	1.042e-01	1.730e-01	0	0
A-PEP.CHRNA7_SLC18A3	ESR-mediated Signaling	14	336	86	2922	1.416	1.107e-01	1.835e-01	0	0
A-PEP.CHRNA7_SLC18A3	Aquaporin-mediated Transport	5	336	23	2922	1.891	1.157e-01	1.905e-01	0	0
A-PEP.CHRNA7_SLC18A3	CaM Pathway	5	336	23	2922	1.891	1.157e-01	1.905e-01	0	0
A-PEP.CHRNA7_SLC18A3	Calmodulin Induced Events	5	336	23	2922	1.891	1.157e-01	1.905e-01	0	0
A-PEP.CHRNA7_SLC18A3	SARS-CoV-1 Activates Modulates Innate Immune Responses	5	336	23	2922	1.891	1.157e-01	1.905e-01	0	0
A-PEP.CHRNA7_SLC18A3	ISG15 Antiviral Mechanism	6	336	30	2922	1.739	1.221e-01	1.978e-01	0	0
A-PEP.CHRNA7_SLC18A3	Senescence-Associated Secretory Phenotype (SASP)	6	336	30	2922	1.739	1.221e-01	1.978e-01	0	0
A-PEP.CHRNA7_SLC18A3	Binding and Uptake of Ligands by Scavenger Receptors	4	336	17	2922	2.046	1.224e-01	1.978e-01	0	0
A-PEP.CHRNA7_SLC18A3	IKK Complex Recruitment Mediated by RIP1	4	336	17	2922	2.046	1.224e-01	1.978e-01	0	0
A-PEP.CHRNA7_SLC18A3	Lysosome Vesicle Biogenesis	4	336	17	2922	2.046	1.224e-01	1.978e-01	0	0
A-PEP.CHRNA7_SLC18A3	Sensory Processing of Sound by Outer Hair Cells of the Cochlea	4	336	17	2922	2.046	1.224e-01	1.978e-01	0	0
A-PEP.CHRNA7_SLC18A3	Signal Amplification	4	336	17	2922	2.046	1.224e-01	1.978e-01	0	0
A-PEP.CHRNA7_SLC18A3	VEGFR2 Mediated Vascular Permeability	4	336	17	2922	2.046	1.224e-01	1.978e-01	0	0
A-PEP.CHRNA7_SLC18A3	Activation of G Protein Gated Potassium Channels	3	336	11	2922	2.372	1.237e-01	1.978e-01	0	0
A-PEP.CHRNA7_SLC18A3	Constitutive Signaling by NOTCH1 HD Domain Mutants	3	336	11	2922	2.372	1.237e-01	1.978e-01	0	0
A-PEP.CHRNA7_SLC18A3	G Protein Gated Potassium Channels	3	336	11	2922	2.372	1.237e-01	1.978e-01	0	0
A-PEP.CHRNA7_SLC18A3	Inhibition of Voltage Gated Ca2+ Channels via Gbeta Gamma Subunits	3	336	11	2922	2.372	1.237e-01	1.978e-01	0	0
A-PEP.CHRNA7_SLC18A3	Inwardly Rectifying K+ Channels	3	336	11	2922	2.372	1.237e-01	1.978e-01	0	0
A-PEP.CHRNA7_SLC18A3	Negative Regulation of FLT3	3	336	11	2922	2.372	1.237e-01	1.978e-01	0	0
A-PEP.CHRNA7_SLC18A3	PERK Regulates Gene Expression	3	336	11	2922	2.372	1.237e-01	1.978e-01	0	0
A-PEP.CHRNA7_SLC18A3	Regulation of TP53 Activity Through Methylation	3	336	11	2922	2.372	1.237e-01	1.978e-01	0	0
A-PEP.CHRNA7_SLC18A3	Signaling by NOTCH1 HD Domain Mutants in Cancer	3	336	11	2922	2.372	1.237e-01	1.978e-01	0	0
A-PEP.CHRNA7_SLC18A3	G-protein Mediated Events	7	336	37	2922	1.645	1.247e-01	1.987e-01	0	0
A-PEP.CHRNA7_SLC18A3	Nuclear Events (Kinase and Transcription Factor Activation)	7	336	37	2922	1.645	1.247e-01	1.987e-01	0	0
A-PEP.CHRNA7_SLC18A3	PIP3 Activates AKT Signaling	20	336	134	2922	1.298	1.297e-01	2.065e-01	0	0
A-PEP.CHRNA7_SLC18A3	Signalling to ERKs	5	336	24	2922	1.812	1.332e-01	2.112e-01	0	0
A-PEP.CHRNA7_SLC18A3	Transcriptional and Post-Translational Regulation of MITF-M Expression and Activity	5	336	24	2922	1.812	1.332e-01	2.112e-01	0	0
A-PEP.CHRNA7_SLC18A3	Calnexin Calreticulin Cycle	4	336	18	2922	1.933	1.439e-01	2.215e-01	0	0
A-PEP.CHRNA7_SLC18A3	Phase 0 - Rapid Depolarisation	4	336	18	2922	1.933	1.439e-01	2.215e-01	0	0
A-PEP.CHRNA7_SLC18A3	RHOH GTPase Cycle	4	336	18	2922	1.933	1.439e-01	2.215e-01	0	0
A-PEP.CHRNA7_SLC18A3	Signal Transduction by L1	4	336	18	2922	1.933	1.439e-01	2.215e-01	0	0
A-PEP.CHRNA7_SLC18A3	Signaling by NOTCH2	4	336	18	2922	1.933	1.439e-01	2.215e-01	0	0
A-PEP.CHRNA7_SLC18A3	Activation of RAC1 Downstream of NMDARs	2	336	6	2922	2.899	1.448e-01	2.215e-01	0	0
A-PEP.CHRNA7_SLC18A3	CLEC7A (Dectin-1) Induces NFAT Activation	2	336	6	2922	2.899	1.448e-01	2.215e-01	0	0
A-PEP.CHRNA7_SLC18A3	Cytochrome C-Mediated Apoptotic Response	2	336	6	2922	2.899	1.448e-01	2.215e-01	0	0
A-PEP.CHRNA7_SLC18A3	Early Phase of HIV Life Cycle	2	336	6	2922	2.899	1.448e-01	2.215e-01	0	0
A-PEP.CHRNA7_SLC18A3	Endosomal Vacuolar Pathway	2	336	6	2922	2.899	1.448e-01	2.215e-01	0	0
A-PEP.CHRNA7_SLC18A3	G Beta Gamma Signalling Through BTK	2	336	6	2922	2.899	1.448e-01	2.215e-01	0	0
A-PEP.CHRNA7_SLC18A3	HuR (ELAVL1) Binds and Stabilizes mRNA	2	336	6	2922	2.899	1.448e-01	2.215e-01	0	0
A-PEP.CHRNA7_SLC18A3	MASTL Facilitates Mitotic Progression	2	336	6	2922	2.899	1.448e-01	2.215e-01	0	0
A-PEP.CHRNA7_SLC18A3	Metabolism of Cofactors	2	336	6	2922	2.899	1.448e-01	2.215e-01	0	0
A-PEP.CHRNA7_SLC18A3	RSK Activation	2	336	6	2922	2.899	1.448e-01	2.215e-01	0	0
A-PEP.CHRNA7_SLC18A3	Regulation of CDH11 Function	2	336	6	2922	2.899	1.448e-01	2.215e-01	0	0
A-PEP.CHRNA7_SLC18A3	Regulation of MITF-M-dependent Genes Involved in Lysosome Biogenesis and Autophagy	2	336	6	2922	2.899	1.448e-01	2.215e-01	0	0
A-PEP.CHRNA7_SLC18A3	Signaling by LTK in Cancer	2	336	6	2922	2.899	1.448e-01	2.215e-01	0	0
A-PEP.CHRNA7_SLC18A3	Synthesis of Prostaglandins (PG) and Thromboxanes (TX)	2	336	6	2922	2.899	1.448e-01	2.215e-01	0	0
A-PEP.CHRNA7_SLC18A3	TP53 Regulates Transcription of Genes Involved in G2 Cell Cycle Arrest	2	336	6	2922	2.899	1.448e-01	2.215e-01	0	0
A-PEP.CHRNA7_SLC18A3	Uptake and Function of Anthrax Toxins	2	336	6	2922	2.899	1.448e-01	2.215e-01	0	0
A-PEP.CHRNA7_SLC18A3	eNOS Activation	2	336	6	2922	2.899	1.448e-01	2.215e-01	0	0
A-PEP.CHRNA7_SLC18A3	APC C Cdc20 Mediated Degradation of Cyclin B	3	336	12	2922	2.174	1.515e-01	2.290e-01	0	0
A-PEP.CHRNA7_SLC18A3	APC-Cdc20 Mediated Degradation of Nek2A	3	336	12	2922	2.174	1.515e-01	2.290e-01	0	0
A-PEP.CHRNA7_SLC18A3	Acetylcholine Neurotransmitter Release Cycle	3	336	12	2922	2.174	1.515e-01	2.290e-01	0	0
A-PEP.CHRNA7_SLC18A3	IRAK1 Recruits IKK Complex	3	336	12	2922	2.174	1.515e-01	2.290e-01	0	0
A-PEP.CHRNA7_SLC18A3	IRAK1 Recruits IKK Complex Upon TLR7 8 or 9 Stimulation	3	336	12	2922	2.174	1.515e-01	2.290e-01	0	0
A-PEP.CHRNA7_SLC18A3	Retrograde Neurotrophin Signalling	3	336	12	2922	2.174	1.515e-01	2.290e-01	0	0
A-PEP.CHRNA7_SLC18A3	TP53 Regulates Transcription of Cell Cycle Genes	3	336	12	2922	2.174	1.515e-01	2.290e-01	0	0
A-PEP.CHRNA7_SLC18A3	WNT5A-dependent Internalization of FZD4	3	336	12	2922	2.174	1.515e-01	2.290e-01	0	0
A-PEP.CHRNA7_SLC18A3	Late SARS-CoV-2 Infection Events	7	336	39	2922	1.561	1.534e-01	2.314e-01	0	0
A-PEP.CHRNA7_SLC18A3	Regulation of TP53 Activity Through Phosphorylation	6	336	32	2922	1.631	1.540e-01	2.316e-01	0	0
A-PEP.CHRNA7_SLC18A3	Signaling by Insulin Receptor	6	336	32	2922	1.631	1.540e-01	2.316e-01	0	0
A-PEP.CHRNA7_SLC18A3	Signaling by NTRK1 (TRKA)	12	336	76	2922	1.373	1.567e-01	2.349e-01	0	0
A-PEP.CHRNA7_SLC18A3	Generic Transcription Pathway	47	336	355	2922	1.151	1.567e-01	2.349e-01	0	0
A-PEP.CHRNA7_SLC18A3	G Alpha (Q) Signalling Events	11	336	69	2922	1.386	1.624e-01	2.431e-01	0	0
A-PEP.CHRNA7_SLC18A3	NRAGE Signals Death Through JNK	4	336	19	2922	1.831	1.667e-01	2.484e-01	0	0
A-PEP.CHRNA7_SLC18A3	Pyruvate Metabolism	4	336	19	2922	1.831	1.667e-01	2.484e-01	0	0
A-PEP.CHRNA7_SLC18A3	RHOBTB GTPase Cycle	4	336	19	2922	1.831	1.667e-01	2.484e-01	0	0
A-PEP.KIT	TRAF6 Mediated IRF7 Activation	10	368	12	2922	6.617	4.693e-08	2.858e-05	1	0
A-PEP.KIT	TRAF3-dependent IRF Activation Pathway	9	368	10	2922	7.146	6.501e-08	2.858e-05	0	0
A-PEP.KIT	TGFBR3 Expression	11	368	15	2922	5.823	9.390e-08	2.858e-05	1	0
A-PEP.KIT	Circadian Clock	18	368	39	2922	3.665	2.149e-07	4.905e-05	1	0
A-PEP.KIT	Signaling by TGFBR3	14	368	27	2922	4.117	8.507e-07	1.553e-04	0	0
A-PEP.KIT	Regulation of NPAS4 Gene Expression	7	368	8	2922	6.948	3.409e-06	4.577e-04	1	0
A-PEP.KIT	Toll-like Receptor Cascades	29	368	97	2922	2.374	3.510e-06	4.577e-04	1	0
A-PEP.KIT	Toll Like Receptor 4 (TLR4) Cascade	27	368	89	2922	2.409	5.686e-06	6.490e-04	0	0
A-PEP.KIT	Signaling by Receptor Tyrosine Kinases	60	368	279	2922	1.708	7.657e-06	7.767e-04	0	0
A-PEP.KIT	DDX58 IFIH1-mediated Induction of Interferon-Alpha Beta	17	368	44	2922	3.068	9.514e-06	7.948e-04	0	0
A-PEP.KIT	PIP3 Activates AKT Signaling	35	368	134	2922	2.074	1.035e-05	7.948e-04	0	0
A-PEP.KIT	Intracellular Signaling by Second Messengers	40	368	162	2922	1.961	1.045e-05	7.948e-04	0	0
A-PEP.KIT	Transcriptional Regulation by NPAS4	11	368	21	2922	4.159	1.190e-05	8.357e-04	0	0
A-PEP.KIT	Heme Signaling	12	368	25	2922	3.811	1.495e-05	9.752e-04	0	0
A-PEP.KIT	Toll Like Receptor 3 (TLR3) Cascade	22	368	69	2922	2.532	1.796e-05	1.093e-03	0	0
A-PEP.KIT	Post-transcriptional Silencing by Small RNAs	5	368	5	2922	7.940	3.094e-05	1.569e-03	0	0
A-PEP.KIT	Regulation of CDH11 mRNA Translation by microRNAs	5	368	5	2922	7.940	3.094e-05	1.569e-03	0	0
A-PEP.KIT	Regulation of NPAS4 mRNA Translation	5	368	5	2922	7.940	3.094e-05	1.569e-03	0	0
A-PEP.KIT	Regulation of MITF-M-dependent Genes Involved in Apoptosis	7	368	10	2922	5.558	4.068e-05	1.955e-03	0	0
A-PEP.KIT	MyD88-independent TLR4 Cascade	22	368	73	2922	2.393	4.817e-05	2.094e-03	0	0
A-PEP.KIT	TRIF (TICAM1)-mediated TLR4 Signaling	22	368	73	2922	2.393	4.817e-05	2.094e-03	0	0
A-PEP.KIT	Ca2+ Pathway	12	368	28	2922	3.403	6.124e-05	2.541e-03	0	0
A-PEP.KIT	MAPK Family Signaling Cascades	35	368	145	2922	1.917	6.461e-05	2.565e-03	0	0
A-PEP.KIT	Signaling by ALK	10	368	21	2922	3.781	8.679e-05	3.301e-03	0	0
A-PEP.KIT	Signaling by WNT	28	368	108	2922	2.059	9.549e-05	3.487e-03	0	0
A-PEP.KIT	Generic Transcription Pathway	68	368	355	2922	1.521	1.055e-04	3.706e-03	0	0
A-PEP.KIT	Diseases of Signal Transduction by Growth Factor Receptors and Second Messengers	49	368	234	2922	1.663	1.210e-04	3.903e-03	0	0
A-PEP.KIT	Long-term Potentiation	9	368	18	2922	3.970	1.240e-04	3.903e-03	0	0
A-PEP.KIT	NR1H3 & NR1H2 Regulate Gene Expression Linked to Cholesterol Transport and Efflux	9	368	18	2922	3.970	1.240e-04	3.903e-03	0	0
A-PEP.KIT	Competing Endogenous RNAs (ceRNAs) Regulate PTEN Translation	5	368	6	2922	6.617	1.664e-04	5.063e-03	0	0
A-PEP.KIT	SUMOylation	22	368	79	2922	2.211	1.784e-04	5.254e-03	0	0
A-PEP.KIT	CD209 (DC-SIGN) Signaling	7	368	12	2922	4.632	2.138e-04	6.099e-03	0	0
A-PEP.KIT	Regulation of MECP2 Expression and Activity	10	368	23	2922	3.452	2.226e-04	6.160e-03	0	0
A-PEP.KIT	SUMO E3 Ligases SUMOylate Target Proteins	21	368	77	2922	2.166	3.436e-04	9.227e-03	0	0
A-PEP.KIT	Toll Like Receptor 7 8 (TLR7 8) Cascade	19	368	67	2922	2.252	3.826e-04	9.472e-03	0	0
A-PEP.KIT	Toll Like Receptor 9 (TLR9) Cascade	19	368	67	2922	2.252	3.826e-04	9.472e-03	0	0
A-PEP.KIT	Gene Expression (Transcription)	77	368	431	2922	1.419	3.839e-04	9.472e-03	0	0
A-PEP.KIT	Regulation of KIT Signaling	7	368	13	2922	4.276	4.134e-04	9.932e-03	0	0
A-PEP.KIT	RNA Polymerase II Transcription	69	368	379	2922	1.446	4.695e-04	1.070e-02	0	0
A-PEP.KIT	MyD88 Cascade Initiated on Plasma Membrane	18	368	63	2922	2.269	4.923e-04	1.070e-02	0	0
A-PEP.KIT	Toll Like Receptor 10 (TLR10) Cascade	18	368	63	2922	2.269	4.923e-04	1.070e-02	0	0
A-PEP.KIT	Toll Like Receptor 5 (TLR5) Cascade	18	368	63	2922	2.269	4.923e-04	1.070e-02	0	0
A-PEP.KIT	TRAF6 Mediated NF-kB Activation	8	368	17	2922	3.737	5.080e-04	1.073e-02	0	0
A-PEP.KIT	Regulation of PTEN mRNA Translation	5	368	7	2922	5.672	5.221e-04	1.073e-02	0	0
A-PEP.KIT	NR1H2 and NR1H3-mediated Signaling	9	368	21	2922	3.403	5.288e-04	1.073e-02	0	0
A-PEP.KIT	Ras Activation Upon Ca2+ Influx Through NMDA Receptor	7	368	14	2922	3.970	7.381e-04	1.465e-02	0	0
A-PEP.KIT	RAF Activation	9	368	22	2922	3.248	7.970e-04	1.489e-02	0	0
A-PEP.KIT	Pre-NOTCH Transcription and Translation	8	368	18	2922	3.529	8.153e-04	1.489e-02	0	0
A-PEP.KIT	MyD88 MAL(TIRAP) Cascade Initiated on Plasma Membrane	19	368	71	2922	2.125	8.482e-04	1.489e-02	0	0
A-PEP.KIT	Toll Like Receptor 2 (TLR2) Cascade	19	368	71	2922	2.125	8.482e-04	1.489e-02	0	0
A-PEP.KIT	Toll Like Receptor TLR1 TLR2 Cascade	19	368	71	2922	2.125	8.482e-04	1.489e-02	0	0
A-PEP.KIT	Toll Like Receptor TLR6 TLR2 Cascade	19	368	71	2922	2.125	8.482e-04	1.489e-02	0	0
A-PEP.KIT	MyD88 Dependent Cascade Initiated on Endosome	18	368	66	2922	2.166	9.081e-04	1.535e-02	0	0
A-PEP.KIT	TRAF6 Mediated Induction of NFkB and MAP Kinases Upon TLR7 8 or 9 Activation	18	368	66	2922	2.166	9.081e-04	1.535e-02	0	0
A-PEP.KIT	Signaling by NOTCH	22	368	88	2922	1.985	9.272e-04	1.539e-02	0	0
A-PEP.KIT	ZBP1(DAI) Mediated Induction of Type I IFNs	6	368	11	2922	4.331	1.016e-03	1.652e-02	0	0
A-PEP.KIT	Adipogenesis	13	368	41	2922	2.518	1.031e-03	1.652e-02	0	0
A-PEP.KIT	Regulation of Gene Expression by Hypoxia-inducible Factor	4	368	5	2922	6.352	1.116e-03	1.757e-02	0	0
A-PEP.KIT	Negative Regulators of DDX58 IFIH1 Signaling	9	368	23	2922	3.107	1.166e-03	1.775e-02	0	0
A-PEP.KIT	SARS-CoV-1 Activates Modulates Innate Immune Responses	9	368	23	2922	3.107	1.166e-03	1.775e-02	0	0
A-PEP.KIT	Regulation of CDH11 Expression and Function	7	368	15	2922	3.705	1.236e-03	1.839e-02	0	0
A-PEP.KIT	Small Interfering RNA (siRNA) Biogenesis	5	368	8	2922	4.963	1.249e-03	1.839e-02	0	0
A-PEP.KIT	Regulation of Lipid Metabolism by PPARalpha	12	368	37	2922	2.575	1.285e-03	1.863e-02	0	0
A-PEP.KIT	Signaling by NOTCH1	13	368	42	2922	2.458	1.327e-03	1.893e-02	0	0
A-PEP.KIT	NOTCH1 Intracellular Domain Regulates Transcription	10	368	28	2922	2.836	1.424e-03	1.948e-02	0	0
A-PEP.KIT	Transcriptional Regulation of White Adipocyte Differentiation	10	368	28	2922	2.836	1.424e-03	1.948e-02	0	0
A-PEP.KIT	Interleukin-1 Family Signaling	17	368	63	2922	2.143	1.429e-03	1.948e-02	0	0
A-PEP.KIT	Cell-Cell Communication	16	368	58	2922	2.190	1.523e-03	2.045e-02	0	0
A-PEP.KIT	Cytokine Signaling in Immune System	56	368	307	2922	1.448	1.658e-03	2.109e-02	0	0
A-PEP.KIT	Interleukin-17 Signaling	14	368	48	2922	2.316	1.663e-03	2.109e-02	0	0
A-PEP.KIT	MAP Kinase Activation	14	368	48	2922	2.316	1.663e-03	2.109e-02	0	0
A-PEP.KIT	SARS-CoV-2 Activates Modulates Innate and Adaptive Immune Responses	14	368	48	2922	2.316	1.663e-03	2.109e-02	0	0
A-PEP.KIT	Transcriptional Regulation by RUNX1	18	368	70	2922	2.042	1.903e-03	2.322e-02	0	0
A-PEP.KIT	Regulation of Expression and Function of Type II Classical Cadherins	7	368	16	2922	3.474	1.962e-03	2.322e-02	0	0
A-PEP.KIT	Regulation of Homotypic Cell-Cell Adhesion	7	368	16	2922	3.474	1.962e-03	2.322e-02	0	0
A-PEP.KIT	TNFR1-induced Proapoptotic Signaling	7	368	16	2922	3.474	1.962e-03	2.322e-02	0	0
A-PEP.KIT	Negative Regulation of the PI3K AKT Network	15	368	54	2922	2.206	1.972e-03	2.322e-02	0	0
A-PEP.KIT	Activation of the TFAP2 (AP-2) Family of Transcription Factors	3	368	3	2922	7.940	1.983e-03	2.322e-02	0	0
A-PEP.KIT	Regulation of TNFR1 Signaling	11	368	34	2922	2.569	2.087e-03	2.412e-02	0	0
A-PEP.KIT	Epigenetic Regulation of Adipogenesis Genes by MLL3 and MLL4 Complexes	9	368	25	2922	2.858	2.314e-03	2.546e-02	0	0
A-PEP.KIT	Epigenetic Regulation of Gene Expression by MLL3 and MLL4 Complexes	9	368	25	2922	2.858	2.314e-03	2.546e-02	0	0
A-PEP.KIT	MLL4 and MLL3 Complexes Regulate Expression of PPARG Targets in Adipogenesis and Hepatic Steatosis	9	368	25	2922	2.858	2.314e-03	2.546e-02	0	0
A-PEP.KIT	Pre-NOTCH Expression and Processing	9	368	25	2922	2.858	2.314e-03	2.546e-02	0	0
A-PEP.KIT	NF-kB Activation Through FADD RIP-1 Pathway Mediated by Caspase-8 and -10	5	368	9	2922	4.411	2.521e-03	2.676e-02	0	0
A-PEP.KIT	RORA Activates Gene Expression	5	368	9	2922	4.411	2.521e-03	2.676e-02	0	0
A-PEP.KIT	STAT3 Nuclear Events Downstream of ALK Signaling	5	368	9	2922	4.411	2.521e-03	2.676e-02	0	0
A-PEP.KIT	Signaling by RAF1 Mutants	10	368	30	2922	2.647	2.583e-03	2.680e-02	0	0
A-PEP.KIT	Signaling by SCF-KIT	10	368	30	2922	2.647	2.583e-03	2.680e-02	0	0
A-PEP.KIT	CREB1 Phosphorylation Through NMDA Receptor-Mediated Activation of RAS Signaling	8	368	21	2922	3.025	2.690e-03	2.692e-02	0	0
A-PEP.KIT	RUNX2 Regulates Bone Development	8	368	21	2922	3.025	2.690e-03	2.692e-02	0	0
A-PEP.KIT	TNF Signaling	12	368	40	2922	2.382	2.723e-03	2.692e-02	0	0
A-PEP.KIT	Transcriptional Regulation by MECP2	12	368	40	2922	2.382	2.723e-03	2.692e-02	0	0
A-PEP.KIT	RAF MAP Kinase Cascade	27	368	125	2922	1.715	2.742e-03	2.692e-02	0	0
A-PEP.KIT	Signaling by TGFB Family Members	19	368	78	2922	1.934	2.831e-03	2.750e-02	0	0
A-PEP.KIT	Diseases Associated With the TLR Signaling Cascade	7	368	17	2922	3.270	2.980e-03	2.805e-02	0	0
A-PEP.KIT	Diseases of Immune System	7	368	17	2922	3.270	2.980e-03	2.805e-02	0	0
A-PEP.KIT	Notch-HLH Transcription Pathway	7	368	17	2922	3.270	2.980e-03	2.805e-02	0	0
A-PEP.KIT	Regulation of RUNX1 Expression and Activity	6	368	13	2922	3.665	3.023e-03	2.816e-02	0	0
A-PEP.KIT	Paradoxical Activation of RAF Signaling by Kinase Inactive BRAF	10	368	31	2922	2.561	3.395e-03	2.959e-02	0	0
A-PEP.KIT	Signaling Downstream of RAS Mutants	10	368	31	2922	2.561	3.395e-03	2.959e-02	0	0
A-PEP.KIT	Signaling by Moderate Kinase Activity BRAF Mutants	10	368	31	2922	2.561	3.395e-03	2.959e-02	0	0
A-PEP.KIT	Signaling by RAS Mutants	10	368	31	2922	2.561	3.395e-03	2.959e-02	0	0
A-PEP.KIT	Signaling by NTRKs	20	368	85	2922	1.868	3.425e-03	2.959e-02	0	0
A-PEP.KIT	Cell Junction Organization	11	368	36	2922	2.426	3.468e-03	2.959e-02	0	0
A-PEP.KIT	PPARA Activates Gene Expression	11	368	36	2922	2.426	3.468e-03	2.959e-02	0	0
A-PEP.KIT	Signaling by EGFR	11	368	36	2922	2.426	3.468e-03	2.959e-02	0	0
A-PEP.KIT	Signaling by ERBB2	11	368	36	2922	2.426	3.468e-03	2.959e-02	0	0
A-PEP.KIT	Beta-catenin Independent WNT Signaling	16	368	63	2922	2.017	3.844e-03	3.249e-02	0	0
A-PEP.KIT	MAPK1 MAPK3 Signaling	27	368	128	2922	1.675	3.905e-03	3.271e-02	0	0
A-PEP.KIT	Signaling by ERBB2 in Cancer	7	368	18	2922	3.088	4.358e-03	3.617e-02	0	0
A-PEP.KIT	TICAM1-dependent Activation of IRF3 IRF7	5	368	10	2922	3.970	4.526e-03	3.723e-02	0	0
A-PEP.KIT	Cellular Senescence	17	368	70	2922	1.928	4.812e-03	3.923e-02	0	0
A-PEP.KIT	Adherens Junctions Interactions	8	368	23	2922	2.762	5.161e-03	4.133e-02	0	0
A-PEP.KIT	Nuclear Receptor Transcription Pathway	8	368	23	2922	2.762	5.161e-03	4.133e-02	0	0
A-PEP.KIT	Protein-protein Interactions at Synapses	12	368	43	2922	2.216	5.257e-03	4.174e-02	0	0
A-PEP.KIT	Oncogenic MAPK Signaling	13	368	49	2922	2.107	5.976e-03	4.663e-02	0	0
A-PEP.KIT	PI5P. PP2A and IER3 Regulate PI3K AKT Signaling	13	368	49	2922	2.107	5.976e-03	4.663e-02	0	0
A-PEP.KIT	NOD1 2 Signaling Pathway	7	368	19	2922	2.925	6.168e-03	4.693e-02	0	0
A-PEP.KIT	Nuclear Signaling by ERBB4	7	368	19	2922	2.925	6.168e-03	4.693e-02	0	0
A-PEP.KIT	SUMOylation of Intracellular Receptors	7	368	19	2922	2.925	6.168e-03	4.693e-02	0	0
A-PEP.KIT	TNF Receptor Superfamily (TNFSF) Members Mediating Non-Canonical NF-kB Pathway	4	368	7	2922	4.537	6.341e-03	4.785e-02	0	0
A-PEP.KIT	Oxidative Stress Induced Senescence	11	368	39	2922	2.240	6.820e-03	4.973e-02	0	0
A-PEP.KIT	TNFR1-induced NF-kappa-B Signaling Pathway	8	368	24	2922	2.647	6.910e-03	4.973e-02	0	0
A-PEP.KIT	Turbulent Flow Shear Stress Activates Signaling by PIEZO1 and Integrins in Endothelial Cells	8	368	24	2922	2.647	6.910e-03	4.973e-02	0	0
A-PEP.KIT	MITF-M-regulated Melanocyte Development	15	368	61	2922	1.953	6.997e-03	4.973e-02	0	0
A-PEP.KIT	Activation of IRF3. IRF7 Mediated by TBK1. IKKε (IKBKE)	6	368	15	2922	3.176	7.070e-03	4.973e-02	0	0
A-PEP.KIT	Negative Regulation of NMDA Receptor-Mediated Neuronal Transmission	6	368	15	2922	3.176	7.070e-03	4.973e-02	0	0
A-PEP.KIT	RUNX1 Regulates Genes Involved in Megakaryocyte Differentiation and Platelet Function	6	368	15	2922	3.176	7.070e-03	4.973e-02	0	0
A-PEP.KIT	SHC1 Events in ERBB2 Signaling	6	368	15	2922	3.176	7.070e-03	4.973e-02	0	0
A-PEP.KIT	FCGR Activation	3	368	4	2922	5.955	7.189e-03	4.973e-02	0	0
A-PEP.KIT	LRR FLII-interacting Protein 1 (LRRFIP1) Activates Type I IFN Production	3	368	4	2922	5.955	7.189e-03	4.973e-02	0	0
A-PEP.KIT	SLC15A4 TASL-dependent IRF5 Activation	3	368	4	2922	5.955	7.189e-03	4.973e-02	0	0
A-PEP.KIT	BMAL1 CLOCK.NPAS2 Activates Circadian Gene Expression	5	368	11	2922	3.609	7.450e-03	5.068e-02	0	0
A-PEP.KIT	TRP Channels	5	368	11	2922	3.609	7.450e-03	5.068e-02	0	0
A-PEP.KIT	Epigenetic Regulation of Gene Expression	17	368	73	2922	1.849	7.550e-03	5.068e-02	0	0
A-PEP.KIT	PTEN Regulation	17	368	73	2922	1.849	7.550e-03	5.068e-02	0	0
A-PEP.KIT	Signaling by Nuclear Receptors	24	368	116	2922	1.643	8.199e-03	5.464e-02	0	0
A-PEP.KIT	Death Receptor Signaling	18	368	80	2922	1.787	8.804e-03	5.648e-02	0	0
A-PEP.KIT	Constitutive Signaling by NOTCH1 HD+PEST Domain Mutants	10	368	35	2922	2.269	8.846e-03	5.648e-02	0	0
A-PEP.KIT	Constitutive Signaling by NOTCH1 PEST Domain Mutants	10	368	35	2922	2.269	8.846e-03	5.648e-02	0	0
A-PEP.KIT	Signaling by NOTCH1 HD+PEST Domain Mutants in Cancer	10	368	35	2922	2.269	8.846e-03	5.648e-02	0	0
A-PEP.KIT	Signaling by NOTCH1 PEST Domain Mutants in Cancer	10	368	35	2922	2.269	8.846e-03	5.648e-02	0	0
A-PEP.KIT	Signaling by NOTCH1 in Cancer	10	368	35	2922	2.269	8.846e-03	5.648e-02	0	0
A-PEP.KIT	Epigenetic Regulation by WDR5-containing Histone Modifying Complexes	9	368	30	2922	2.382	9.125e-03	5.785e-02	0	0
A-PEP.KIT	Signaling by KIT in Disease	6	368	16	2922	2.978	1.013e-02	6.338e-02	0	0
A-PEP.KIT	Signaling by Phosphorylated Juxtamembrane. Extracellular and Kinase Domain KIT Mutants	6	368	16	2922	2.978	1.013e-02	6.338e-02	0	0
A-PEP.KIT	Meiotic Recombination	4	368	8	2922	3.970	1.143e-02	6.937e-02	0	0
A-PEP.KIT	PECAM1 Interactions	4	368	8	2922	3.970	1.143e-02	6.937e-02	0	0
A-PEP.KIT	Regulation of NFE2L2 Gene Expression	4	368	8	2922	3.970	1.143e-02	6.937e-02	0	0
A-PEP.KIT	SHC1 Events in ERBB4 Signaling	4	368	8	2922	3.970	1.143e-02	6.937e-02	0	0
A-PEP.KIT	GAB1 Signalosome	5	368	12	2922	3.308	1.147e-02	6.937e-02	0	0
A-PEP.KIT	Estrogen-dependent Gene Expression	12	368	48	2922	1.985	1.331e-02	7.994e-02	0	0
A-PEP.KIT	Dopamine Neurotransmitter Release Cycle	6	368	17	2922	2.802	1.404e-02	8.215e-02	0	0
A-PEP.KIT	RUNX2 Regulates Osteoblast Differentiation	6	368	17	2922	2.802	1.404e-02	8.215e-02	0	0
A-PEP.KIT	Signaling by ERBB2 KD Mutants	6	368	17	2922	2.802	1.404e-02	8.215e-02	0	0
A-PEP.KIT	Unblocking of NMDA Receptors. Glutamate Binding and Activation	6	368	17	2922	2.802	1.404e-02	8.215e-02	0	0
A-PEP.KIT	Cell-cell Junction Organization	8	368	27	2922	2.353	1.486e-02	8.584e-02	0	0
A-PEP.KIT	Cytosolic Sensors of Pathogen-Associated DNA	8	368	27	2922	2.353	1.486e-02	8.584e-02	0	0
A-PEP.KIT	Neuronal System	36	368	201	2922	1.422	1.523e-02	8.721e-02	0	0
A-PEP.KIT	Innate Immune System	62	368	382	2922	1.289	1.528e-02	8.721e-02	0	0
A-PEP.KIT	Signaling by Interleukins	35	368	195	2922	1.425	1.610e-02	8.929e-02	0	0
A-PEP.KIT	RAS Signaling Downstream of NF1 Loss-Of-Function Variants	3	368	5	2922	4.764	1.630e-02	8.929e-02	0	0
A-PEP.KIT	RUNX3 Regulates p14-ARF	3	368	5	2922	4.764	1.630e-02	8.929e-02	0	0
A-PEP.KIT	Reelin Signalling Pathway	3	368	5	2922	4.764	1.630e-02	8.929e-02	0	0
A-PEP.KIT	WNT Mediated Activation of DVL	3	368	5	2922	4.764	1.630e-02	8.929e-02	0	0
A-PEP.KIT	Zygotic Genome Activation (ZGA)	3	368	5	2922	4.764	1.630e-02	8.929e-02	0	0
A-PEP.KIT	Post NMDA Receptor Activation Events	13	368	55	2922	1.877	1.633e-02	8.929e-02	0	0
A-PEP.KIT	MicroRNA (miRNA) Biogenesis	5	368	13	2922	3.054	1.675e-02	9.105e-02	0	0
A-PEP.KIT	Regulation of TP53 Activity	15	368	67	2922	1.778	1.687e-02	9.116e-02	0	0
A-PEP.KIT	Nucleotide-binding Domain. Leucine Rich Repeat Containing Receptor (NLR) Signaling Pathways	9	368	33	2922	2.166	1.747e-02	9.271e-02	0	0
A-PEP.KIT	Signaling by Non-Receptor Tyrosine Kinases	9	368	33	2922	2.166	1.747e-02	9.271e-02	0	0
A-PEP.KIT	Signaling by PTK6	9	368	33	2922	2.166	1.747e-02	9.271e-02	0	0
A-PEP.KIT	Deubiquitination	19	368	92	2922	1.640	1.807e-02	9.522e-02	0	0
A-PEP.KIT	ESR-mediated Signaling	18	368	86	2922	1.662	1.850e-02	9.522e-02	0	0
A-PEP.KIT	FOXO-mediated Transcription of Oxidative Stress. Metabolic and Neuronal Genes	4	368	9	2922	3.529	1.856e-02	9.522e-02	0	0
A-PEP.KIT	RIP-mediated NFkB Activation via ZBP1	4	368	9	2922	3.529	1.856e-02	9.522e-02	0	0
A-PEP.KIT	Regulation of TBK1. IKKε-mediated Activation of IRF3. IRF7 Upon TLR3 Ligation	4	368	9	2922	3.529	1.856e-02	9.522e-02	0	0
A-PEP.KIT	Netrin-1 Signaling	6	368	18	2922	2.647	1.888e-02	9.522e-02	0	0
A-PEP.KIT	Signaling by NTRK2 (TRKB)	6	368	18	2922	2.647	1.888e-02	9.522e-02	0	0
A-PEP.KIT	Transcriptional Regulation of Brown and Beige Adipocyte Differentiation	6	368	18	2922	2.647	1.888e-02	9.522e-02	0	0
A-PEP.KIT	Transcriptional Regulation of Brown and Beige Adipocyte Differentiation by EBF2	6	368	18	2922	2.647	1.888e-02	9.522e-02	0	0
A-PEP.KIT	Activation of NMDA Receptors and Postsynaptic Events	14	368	62	2922	1.793	1.919e-02	9.531e-02	0	0
A-PEP.KIT	Ion Channel Transport	14	368	62	2922	1.793	1.919e-02	9.531e-02	0	0
A-PEP.KIT	SUMOylation of Transcription Cofactors	7	368	23	2922	2.417	1.921e-02	9.531e-02	0	0
A-PEP.KIT	Signaling by ERBB4	10	368	39	2922	2.036	1.933e-02	9.541e-02	0	0
A-PEP.KIT	Neurexins and Neuroligins	8	368	29	2922	2.190	2.293e-02	1.114e-01	0	0
A-PEP.KIT	Signaling by FGFR1	8	368	29	2922	2.190	2.293e-02	1.114e-01	0	0
A-PEP.KIT	Signaling by BRAF and RAF1 Fusions	10	368	40	2922	1.985	2.299e-02	1.114e-01	0	0
A-PEP.KIT	Serotonin Neurotransmitter Release Cycle	5	368	14	2922	2.836	2.343e-02	1.114e-01	0	0
A-PEP.KIT	Signaling by ERBB2 TMD JMD Mutants	5	368	14	2922	2.836	2.343e-02	1.114e-01	0	0
A-PEP.KIT	Signaling by Erythropoietin	5	368	14	2922	2.836	2.343e-02	1.114e-01	0	0
A-PEP.KIT	Signalling to RAS	5	368	14	2922	2.836	2.343e-02	1.114e-01	0	0
A-PEP.KIT	Signaling by NTRK1 (TRKA)	16	368	76	2922	1.672	2.431e-02	1.150e-01	0	0
A-PEP.KIT	Transcriptional Regulation by VENTX	6	368	19	2922	2.507	2.474e-02	1.164e-01	0	0
A-PEP.KIT	Stimuli-sensing Channels	9	368	35	2922	2.042	2.548e-02	1.193e-01	0	0
A-PEP.KIT	Transcriptional Regulation by RUNX3	10	368	41	2922	1.937	2.712e-02	1.263e-01	0	0
A-PEP.KIT	Activation of the AP-1 Family of Transcription Factors	4	368	10	2922	3.176	2.792e-02	1.275e-01	0	0
A-PEP.KIT	CTLA4 Inhibitory Signaling	4	368	10	2922	3.176	2.792e-02	1.275e-01	0	0
A-PEP.KIT	HDR Through Single Strand Annealing (SSA)	4	368	10	2922	3.176	2.792e-02	1.275e-01	0	0
A-PEP.KIT	Signaling by NTRK3 (TRKC)	4	368	10	2922	3.176	2.792e-02	1.275e-01	0	0
A-PEP.KIT	Interleukin-1 Signaling	12	368	53	2922	1.798	2.851e-02	1.295e-01	0	0
A-PEP.KIT	Regulation of FOXO Transcriptional Activity by Acetylation	3	368	6	2922	3.970	2.958e-02	1.324e-01	0	0
A-PEP.KIT	SHC-related Events Triggered by IGF1R	3	368	6	2922	3.970	2.958e-02	1.324e-01	0	0
A-PEP.KIT	Signaling by Leptin	3	368	6	2922	3.970	2.958e-02	1.324e-01	0	0
A-PEP.KIT	Transcriptional Activation of Mitochondrial Biogenesis	7	368	25	2922	2.223	3.018e-02	1.344e-01	0	0
A-PEP.KIT	Evasion by RSV of Host Interferon Responses	5	368	15	2922	2.647	3.161e-02	1.384e-01	0	0
A-PEP.KIT	MAP3K8 (TPL2)-dependent MAPK1 3 Activation	5	368	15	2922	2.647	3.161e-02	1.384e-01	0	0
A-PEP.KIT	Maternal to Zygotic Transition (MZT)	5	368	15	2922	2.647	3.161e-02	1.384e-01	0	0
A-PEP.KIT	NGF-stimulated Transcription	6	368	20	2922	2.382	3.171e-02	1.384e-01	0	0
A-PEP.KIT	Chromatin Modifying Enzymes	14	368	66	2922	1.684	3.198e-02	1.384e-01	0	0
A-PEP.KIT	Chromatin Organization	14	368	66	2922	1.684	3.198e-02	1.384e-01	0	0
A-PEP.KIT	TCF Dependent Signaling in Response to WNT	13	368	60	2922	1.720	3.245e-02	1.398e-01	0	0
A-PEP.KIT	Nuclear Events (Kinase and Transcription Factor Activation)	9	368	37	2922	1.931	3.580e-02	1.508e-01	0	0
A-PEP.KIT	Signaling by FGFR	9	368	37	2922	1.931	3.580e-02	1.508e-01	0	0
A-PEP.KIT	MITF-M-dependent Gene Expression	10	368	43	2922	1.847	3.691e-02	1.508e-01	0	0
A-PEP.KIT	Assembly and Cell Surface Presentation of NMDA Receptors	7	368	26	2922	2.138	3.699e-02	1.508e-01	0	0
A-PEP.KIT	FCGR3A-mediated Phagocytosis	7	368	26	2922	2.138	3.699e-02	1.508e-01	0	0
A-PEP.KIT	Glutamate Binding. Activation of AMPA Receptors and Synaptic Plasticity	7	368	26	2922	2.138	3.699e-02	1.508e-01	0	0
A-PEP.KIT	Leishmania Phagocytosis	7	368	26	2922	2.138	3.699e-02	1.508e-01	0	0
A-PEP.KIT	MAP2K and MAPK Activation	7	368	26	2922	2.138	3.699e-02	1.508e-01	0	0
A-PEP.KIT	Parasite Infection	7	368	26	2922	2.138	3.699e-02	1.508e-01	0	0
A-PEP.KIT	Signaling by High-Kinase Activity BRAF Mutants	7	368	26	2922	2.138	3.699e-02	1.508e-01	0	0
A-PEP.KIT	Trafficking of AMPA Receptors	7	368	26	2922	2.138	3.699e-02	1.508e-01	0	0
A-PEP.KIT	Transcriptional Activity of SMAD2 SMAD3 SMAD4 Heterotrimer	7	368	26	2922	2.138	3.699e-02	1.508e-01	0	0
A-PEP.KIT	Transmission Across Chemical Synapses	27	368	153	2922	1.401	3.946e-02	1.566e-01	0	0
A-PEP.KIT	Downstream Signaling of Activated FGFR2	4	368	11	2922	2.887	3.962e-02	1.566e-01	0	0
A-PEP.KIT	Downstream Signaling of Activated FGFR3	4	368	11	2922	2.887	3.962e-02	1.566e-01	0	0
A-PEP.KIT	Downstream Signaling of Activated FGFR4	4	368	11	2922	2.887	3.962e-02	1.566e-01	0	0
A-PEP.KIT	Negative Epigenetic Regulation of rRNA Expression	4	368	11	2922	2.887	3.962e-02	1.566e-01	0	0
A-PEP.KIT	Regulation of TP53 Activity Through Methylation	4	368	11	2922	2.887	3.962e-02	1.566e-01	0	0
A-PEP.KIT	SUMOylation of Transcription Factors	4	368	11	2922	2.887	3.962e-02	1.566e-01	0	0
A-PEP.KIT	Endogenous Sterols	2	368	3	2922	5.293	4.350e-02	1.676e-01	0	0
A-PEP.KIT	PTK6 Expression	2	368	3	2922	5.293	4.350e-02	1.676e-01	0	0
A-PEP.KIT	RUNX3 Regulates BCL2L11 (BIM) Transcription	2	368	3	2922	5.293	4.350e-02	1.676e-01	0	0
A-PEP.KIT	Regulation of NPAS4 Gene Transcription	2	368	3	2922	5.293	4.350e-02	1.676e-01	0	0
A-PEP.KIT	Signalling to P38 via RIT and RIN	2	368	3	2922	5.293	4.350e-02	1.676e-01	0	0
A-PEP.KIT	cGMP Effects	2	368	3	2922	5.293	4.350e-02	1.676e-01	0	0
A-PEP.KIT	Cell-extracellular Matrix Interactions	3	368	7	2922	3.403	4.701e-02	1.759e-01	0	0
A-PEP.KIT	IFNG Signaling Activates MAPKs	3	368	7	2922	3.403	4.701e-02	1.759e-01	0	0
A-PEP.KIT	IkBA Variant Leads to EDA-ID	3	368	7	2922	3.403	4.701e-02	1.759e-01	0	0
A-PEP.KIT	Rap1 Signalling	3	368	7	2922	3.403	4.701e-02	1.759e-01	0	0
A-PEP.KIT	Receptor Mediated Mitophagy	3	368	7	2922	3.403	4.701e-02	1.759e-01	0	0
A-PEP.KIT	Receptor-type Tyrosine-Protein Phosphatases	3	368	7	2922	3.403	4.701e-02	1.759e-01	0	0
A-PEP.KIT	p38MAPK Events	3	368	7	2922	3.403	4.701e-02	1.759e-01	0	0
A-PEP.KIT	Cytoprotection by HMOX1	8	368	33	2922	1.925	4.744e-02	1.766e-01	0	0
A-PEP.KIT	Transcriptional Regulation by TP53	25	368	142	2922	1.398	4.760e-02	1.766e-01	0	0
A-PEP.KIT	Interferon Gamma Signaling	9	368	39	2922	1.832	4.867e-02	1.799e-01	0	0
A-PEP.KIT	FCERI Mediated MAPK Activation	6	368	22	2922	2.166	4.918e-02	1.803e-01	0	0
A-PEP.KIT	Oncogene Induced Senescence	6	368	22	2922	2.166	4.918e-02	1.803e-01	0	0
A-PEP.KIT	Gene Silencing by RNA	7	368	28	2922	1.985	5.346e-02	1.938e-01	0	0
A-PEP.KIT	Diseases of DNA Repair	4	368	12	2922	2.647	5.370e-02	1.938e-01	0	0
A-PEP.KIT	Formation of the Beta-Catenin TCF Transactivating Complex	4	368	12	2922	2.647	5.370e-02	1.938e-01	0	0
A-PEP.KIT	Regulation of TBK1. IKKε (IKBKE)-mediated Activation of IRF3. IRF7	4	368	12	2922	2.647	5.370e-02	1.938e-01	0	0
A-PEP.KIT	MAPK6 MAPK4 Signaling	8	368	34	2922	1.868	5.551e-02	1.995e-01	0	0
A-PEP.KIT	Activation of Anterior HOX Genes in Hindbrain Development During Early Embryogenesis	6	368	23	2922	2.071	5.976e-02	2.111e-01	0	0
A-PEP.KIT	Activation of HOX Genes During Differentiation	6	368	23	2922	2.071	5.976e-02	2.111e-01	0	0
A-PEP.KIT	C-type Lectin Receptors (CLRs)	12	368	59	2922	1.615	5.988e-02	2.111e-01	0	0
A-PEP.KIT	Cellular Responses to Mechanical Stimuli	12	368	59	2922	1.615	5.988e-02	2.111e-01	0	0
A-PEP.KIT	Response of Endothelial Cells to Shear Stress	12	368	59	2922	1.615	5.988e-02	2.111e-01	0	0
A-PEP.KIT	Negative Regulation of MAPK Pathway	7	368	29	2922	1.917	6.317e-02	2.218e-01	0	0
A-PEP.KIT	Platelet Homeostasis	8	368	35	2922	1.815	6.441e-02	2.229e-01	0	0
A-PEP.KIT	Regulation of PTEN Gene Transcription	8	368	35	2922	1.815	6.441e-02	2.229e-01	0	0
A-PEP.KIT	Leishmania Infection	15	368	79	2922	1.508	6.444e-02	2.229e-01	0	0
A-PEP.KIT	Parasitic Infection Pathways	15	368	79	2922	1.508	6.444e-02	2.229e-01	0	0
A-PEP.KIT	Activation of Gene Expression by SREBF (SREBP)	5	368	18	2922	2.206	6.580e-02	2.242e-01	0	0
A-PEP.KIT	Positive Epigenetic Regulation of rRNA Expression	5	368	18	2922	2.206	6.580e-02	2.242e-01	0	0
A-PEP.KIT	SMAD2 SMAD3 SMAD4 Heterotrimer Regulates Transcription	5	368	18	2922	2.206	6.580e-02	2.242e-01	0	0
A-PEP.KIT	Transcriptional Regulation by the AP-2 (TFAP2) Family of Transcription Factors	5	368	18	2922	2.206	6.580e-02	2.242e-01	0	0
A-PEP.KIT	DCC Mediated Attractive Signaling	3	368	8	2922	2.978	6.836e-02	2.270e-01	0	0
A-PEP.KIT	Erythropoietin Activates RAS	3	368	8	2922	2.978	6.836e-02	2.270e-01	0	0
A-PEP.KIT	GP1b-IX-V Activation Signalling	3	368	8	2922	2.978	6.836e-02	2.270e-01	0	0
A-PEP.KIT	Interleukin-37 Signaling	3	368	8	2922	2.978	6.836e-02	2.270e-01	0	0
A-PEP.KIT	NFE2L2 Regulating Tumorigenic Genes	3	368	8	2922	2.978	6.836e-02	2.270e-01	0	0
A-PEP.KIT	NOTCH4 Intracellular Domain Regulates Transcription	3	368	8	2922	2.978	6.836e-02	2.270e-01	0	0
A-PEP.KIT	Signaling by FGFR4 in Disease	3	368	8	2922	2.978	6.836e-02	2.270e-01	0	0
A-PEP.KIT	Constitutive Signaling by EGFRvIII	4	368	13	2922	2.443	7.012e-02	2.277e-01	0	0
A-PEP.KIT	Downstream Signaling of Activated FGFR1	4	368	13	2922	2.443	7.012e-02	2.277e-01	0	0
A-PEP.KIT	NPAS4 Regulates Expression of Target Genes	4	368	13	2922	2.443	7.012e-02	2.277e-01	0	0
A-PEP.KIT	Signaling by EGFRvIII in Cancer	4	368	13	2922	2.443	7.012e-02	2.277e-01	0	0
A-PEP.KIT	Signaling by ERBB2 ECD Mutants	4	368	13	2922	2.443	7.012e-02	2.277e-01	0	0
A-PEP.KIT	PI3K AKT Signaling in Cancer	10	368	48	2922	1.654	7.143e-02	2.277e-01	0	0
A-PEP.KIT	Signaling by the B Cell Receptor (BCR)	10	368	48	2922	1.654	7.143e-02	2.277e-01	0	0
A-PEP.KIT	Signaling by FGFR3	6	368	24	2922	1.985	7.159e-02	2.277e-01	0	0
A-PEP.KIT	Signaling by FGFR4	6	368	24	2922	1.985	7.159e-02	2.277e-01	0	0
A-PEP.KIT	Signalling to ERKs	6	368	24	2922	1.985	7.159e-02	2.277e-01	0	0
A-PEP.KIT	TAK1-dependent IKK and NF-kappa-B Activation	6	368	24	2922	1.985	7.159e-02	2.277e-01	0	0
A-PEP.KIT	Transcriptional and Post-Translational Regulation of MITF-M Expression and Activity	6	368	24	2922	1.985	7.159e-02	2.277e-01	0	0
A-PEP.KIT	Activation of NF-kappaB in B Cells	7	368	30	2922	1.853	7.389e-02	2.334e-01	0	0
A-PEP.KIT	FOXO-mediated Transcription	7	368	30	2922	1.853	7.389e-02	2.334e-01	0	0
A-PEP.KIT	Downstream Signaling Events of B Cell Receptor (BCR)	8	368	36	2922	1.764	7.414e-02	2.334e-01	0	0
A-PEP.KIT	SARS-CoV-1-host Interactions	13	368	68	2922	1.518	7.809e-02	2.405e-01	0	0
A-PEP.KIT	Assembly of Active LPL and LIPC Lipase Complexes	2	368	4	2922	3.970	7.982e-02	2.405e-01	0	0
A-PEP.KIT	Class C 3 (Metabotropic Glutamate Pheromone Receptors)	2	368	4	2922	3.970	7.982e-02	2.405e-01	0	0
A-PEP.KIT	Formation of Axial Mesoderm	2	368	4	2922	3.970	7.982e-02	2.405e-01	0	0
A-PEP.KIT	Formation of Definitive Endoderm	2	368	4	2922	3.970	7.982e-02	2.405e-01	0	0
A-PEP.KIT	Germ Layer Formation at Gastrulation	2	368	4	2922	3.970	7.982e-02	2.405e-01	0	0
A-PEP.KIT	Loss of Function of SMAD2 3 in Cancer	2	368	4	2922	3.970	7.982e-02	2.405e-01	0	0
A-PEP.KIT	NFE2L2 Regulating Inflammation Associated Genes	2	368	4	2922	3.970	7.982e-02	2.405e-01	0	0
A-PEP.KIT	PTK6 Promotes HIF1A Stabilization	2	368	4	2922	3.970	7.982e-02	2.405e-01	0	0
A-PEP.KIT	Regulation of CDH11 Gene Transcription	2	368	4	2922	3.970	7.982e-02	2.405e-01	0	0
A-PEP.KIT	Regulation of Gene Expression in Late Stage (Branching Morphogenesis) Pancreatic Bud Precursor Cells	2	368	4	2922	3.970	7.982e-02	2.405e-01	0	0
A-PEP.KIT	SIRT1 Negatively Regulates rRNA Expression	2	368	4	2922	3.970	7.982e-02	2.405e-01	0	0
A-PEP.KIT	TP53 Regulates Transcription of Caspase Activators and Caspases	2	368	4	2922	3.970	7.982e-02	2.405e-01	0	0
A-PEP.KIT	CD28 Co-Stimulation	5	368	19	2922	2.090	8.046e-02	2.417e-01	0	0
A-PEP.NTRK3_S100A16	Potassium Channels	15	316	32	2922	4.334	2.392e-07	2.186e-04	1	0
A-PEP.NTRK3_S100A16	Voltage Gated Potassium Channels	9	316	15	2922	5.548	5.032e-06	2.300e-03	1	0
A-PEP.NTRK3_S100A16	GPCR Ligand Binding	21	316	83	2922	2.340	1.220e-04	3.716e-02	1	0
A-PEP.NTRK3_S100A16	Class A 1 (Rhodopsin-like Receptors)	16	316	57	2922	2.596	2.196e-04	5.017e-02	0	0
A-PEP.NTRK3_S100A16	Downregulation of TGF-beta Receptor Signaling	8	316	18	2922	4.110	2.832e-04	5.177e-02	0	0
A-PEP.NTRK3_S100A16	Defective Intrinsic Pathway for Apoptosis	7	316	15	2922	4.315	4.833e-04	7.362e-02	0	0
A-PEP.NTRK3_S100A16	Attenuation Phase	7	316	18	2922	3.596	1.792e-03	1.915e-01	0	0
A-PEP.NTRK3_S100A16	Formation of ATP by Chemiosmotic Coupling	6	316	14	2922	3.963	2.155e-03	1.915e-01	0	0
A-PEP.NTRK3_S100A16	Mitochondrial Unfolded Protein Response (UPRmt)	5	316	10	2922	4.623	2.281e-03	1.915e-01	0	0
A-PEP.NTRK3_S100A16	TGF-beta Receptor Signaling Activates SMADs	9	316	29	2922	2.870	2.535e-03	1.915e-01	0	0
A-PEP.NTRK3_S100A16	Cristae Formation	7	316	19	2922	3.407	2.578e-03	1.915e-01	0	0
A-PEP.NTRK3_S100A16	Downregulation of ERBB2 Signaling	7	316	19	2922	3.407	2.578e-03	1.915e-01	0	0
A-PEP.NTRK3_S100A16	G Alpha (I) Signalling Events	19	316	90	2922	1.952	2.752e-03	1.915e-01	0	0
A-PEP.NTRK3_S100A16	HSP90 Chaperone Cycle for Steroid Hormone Receptors (SHR) in the Presence of Ligand	10	316	35	2922	2.642	2.934e-03	1.915e-01	0	0
A-PEP.NTRK3_S100A16	HSF1-dependent Transactivation	8	316	25	2922	2.959	3.547e-03	1.937e-01	0	0
A-PEP.NTRK3_S100A16	ATF6 (ATF6-alpha) Activates Chaperone Genes	4	316	7	2922	5.284	3.603e-03	1.937e-01	0	0
A-PEP.NTRK3_S100A16	ATF6 (ATF6-alpha) Activates Chaperones	4	316	7	2922	5.284	3.603e-03	1.937e-01	0	0
A-PEP.NTRK3_S100A16	Downregulation of ERBB2 ERBB3 Signaling	5	316	11	2922	4.203	3.815e-03	1.937e-01	0	0
A-PEP.NTRK3_S100A16	Lysosphingolipid and LPA Receptors	3	316	4	2922	6.935	4.613e-03	2.219e-01	0	0
A-PEP.SCGN_ADRA2C	Infectious Disease	116	302	447	2922	2.511	8.432e-26	8.027e-23	1	0
A-PEP.SCGN_ADRA2C	Influenza Infection	45	302	91	2922	4.785	5.841e-22	2.780e-19	1	0
A-PEP.SCGN_ADRA2C	Viral Infection Pathways	91	302	345	2922	2.552	4.190e-20	1.330e-17	0	0
A-PEP.SCGN_ADRA2C	Influenza Viral RNA Transcription and Replication	39	302	79	2922	4.777	4.555e-19	1.084e-16	0	0
A-PEP.SCGN_ADRA2C	Peptide Chain Elongation	35	302	66	2922	5.131	1.710e-18	3.256e-16	0	0
A-PEP.SCGN_ADRA2C	Viral mRNA Translation	34	302	64	2922	5.140	5.087e-18	8.072e-16	0	0
A-PEP.SCGN_ADRA2C	Eukaryotic Translation Termination	34	302	65	2922	5.061	9.698e-18	1.026e-15	0	0
A-PEP.SCGN_ADRA2C	Nonsense Mediated Decay (NMD) Independent of the Exon Junction Complex (EJC)	34	302	65	2922	5.061	9.698e-18	1.026e-15	0	0
A-PEP.SCGN_ADRA2C	Selenocysteine Synthesis	34	302	65	2922	5.061	9.698e-18	1.026e-15	0	0
A-PEP.SCGN_ADRA2C	Eukaryotic Translation Elongation	35	302	69	2922	4.908	1.126e-17	1.072e-15	0	0
A-PEP.SCGN_ADRA2C	Formation of a Pool of Free 40S Subunits	34	302	66	2922	4.984	1.819e-17	1.574e-15	0	0
A-PEP.SCGN_ADRA2C	SRP-dependent Cotranslational Protein Targeting to Membrane	36	302	74	2922	4.707	2.178e-17	1.728e-15	0	0
A-PEP.SCGN_ADRA2C	GTP Hydrolysis and Joining of the 60S Ribosomal Subunit	34	302	67	2922	4.910	3.357e-17	2.283e-15	0	0
A-PEP.SCGN_ADRA2C	L13a-mediated Translational Silencing of Ceruloplasmin Expression	34	302	67	2922	4.910	3.357e-17	2.283e-15	0	0
A-PEP.SCGN_ADRA2C	Cap-dependent Translation Initiation	34	302	70	2922	4.700	1.934e-16	1.150e-14	0	0
A-PEP.SCGN_ADRA2C	Eukaryotic Translation Initiation	34	302	70	2922	4.700	1.934e-16	1.150e-14	0	0
A-PEP.SCGN_ADRA2C	Regulation of Expression of SLITs and ROBOs	38	302	87	2922	4.226	2.591e-16	1.451e-14	0	0
A-PEP.SCGN_ADRA2C	Nonsense Mediated Decay (NMD) Enhanced by the Exon Junction Complex (EJC)	34	302	71	2922	4.633	3.373e-16	1.605e-14	0	0
A-PEP.SCGN_ADRA2C	Nonsense-Mediated Decay (NMD)	34	302	71	2922	4.633	3.373e-16	1.605e-14	0	0
A-PEP.SCGN_ADRA2C	Response of EIF2AK4 (GCN2) to Amino Acid Deficiency	34	302	71	2922	4.633	3.373e-16	1.605e-14	0	0
A-PEP.SCGN_ADRA2C	Selenoamino Acid Metabolism	34	302	72	2922	4.569	5.809e-16	2.634e-14	0	0
A-PEP.SCGN_ADRA2C	Signaling by ROBO Receptors	41	302	106	2922	3.742	2.846e-15	1.231e-13	1	0
A-PEP.SCGN_ADRA2C	Cellular Response to Starvation	37	302	88	2922	4.068	3.020e-15	1.250e-13	0	0
A-PEP.SCGN_ADRA2C	rRNA Processing	37	302	89	2922	4.022	4.700e-15	1.864e-13	0	0
A-PEP.SCGN_ADRA2C	Major Pathway of rRNA Processing in the Nucleolus and Cytosol	34	302	78	2922	4.218	1.192e-14	4.365e-13	0	0
A-PEP.SCGN_ADRA2C	rRNA Processing in the Nucleus and Cytosol	34	302	78	2922	4.218	1.192e-14	4.365e-13	0	0
A-PEP.SCGN_ADRA2C	Cellular Responses to Stress	82	302	369	2922	2.150	3.440e-13	1.213e-11	1	0
A-PEP.SCGN_ADRA2C	Cellular Responses to Stimuli	90	302	427	2922	2.039	4.573e-13	1.555e-11	0	0
A-PEP.SCGN_ADRA2C	Translation	42	302	127	2922	3.200	7.289e-13	2.393e-11	1	0
A-PEP.SCGN_ADRA2C	Metabolism of Amino Acids and Derivatives	38	302	112	2922	3.283	4.150e-12	1.317e-10	0	0
A-PEP.SCGN_ADRA2C	Metabolism of RNA	53	302	211	2922	2.430	1.103e-10	3.387e-09	0	0
A-PEP.SCGN_ADRA2C	Axon Guidance	63	302	276	2922	2.209	1.203e-10	3.580e-09	0	0
A-PEP.SCGN_ADRA2C	Aerobic Respiration and Respiratory Electron Transport	33	302	104	2922	3.070	9.156e-10	2.642e-08	0	0
A-PEP.SCGN_ADRA2C	Nervous System Development	63	302	292	2922	2.088	1.506e-09	4.218e-08	0	0
A-PEP.SCGN_ADRA2C	SARS-CoV-1-host Interactions	24	302	68	2922	3.415	2.006e-08	5.455e-07	0	0
A-PEP.SCGN_ADRA2C	Respiratory Electron Transport	23	302	65	2922	3.424	3.803e-08	1.006e-06	0	0
A-PEP.SCGN_ADRA2C	SARS-CoV Infections	47	302	206	2922	2.208	4.299e-08	1.106e-06	0	0
A-PEP.SCGN_ADRA2C	TP53 Regulates Metabolic Genes	19	302	47	2922	3.911	5.099e-08	1.277e-06	0	0
A-PEP.SCGN_ADRA2C	SARS-CoV-2-host Interactions	27	302	91	2922	2.871	1.672e-07	4.082e-06	0	0
A-PEP.SCGN_ADRA2C	SARS-CoV-1 Infection	26	302	86	2922	2.925	1.891e-07	4.502e-06	0	0
A-PEP.SCGN_ADRA2C	Complex IV Assembly	9	302	13	2922	6.698	5.911e-07	1.373e-05	0	0
A-PEP.SCGN_ADRA2C	Bacterial Infection Pathways	18	302	49	2922	3.554	6.454e-07	1.463e-05	0	0
A-PEP.SCGN_ADRA2C	SARS-CoV-2 Infection	34	302	139	2922	2.367	7.041e-07	1.559e-05	0	0
A-PEP.SCGN_ADRA2C	Developmental Biology	79	302	464	2922	1.647	8.290e-07	1.794e-05	0	0
A-PEP.SCGN_ADRA2C	Chk1 Chk2(Cds1) Mediated Inactivation of Cyclin B Cdk1 Complex	7	302	8	2922	8.466	8.626e-07	1.825e-05	0	0
A-PEP.SCGN_ADRA2C	SARS-CoV-1 Modulates Host Translation Machinery	13	302	29	2922	4.337	1.756e-06	3.634e-05	0	0
A-PEP.SCGN_ADRA2C	Translocation of SLC2A4 (GLUT4) to the Plasma Membrane	16	302	43	2922	3.600	2.271e-06	4.601e-05	0	0
A-PEP.SCGN_ADRA2C	Aggrephagy	12	302	26	2922	4.466	3.055e-06	6.059e-05	0	0
A-PEP.SCGN_ADRA2C	Chaperone Mediated Autophagy	8	302	13	2922	5.954	9.641e-06	1.873e-04	0	0
A-PEP.SCGN_ADRA2C	Transcriptional Regulation by TP53	32	302	142	2922	2.180	1.021e-05	1.944e-04	0	0
A-PEP.SCGN_ADRA2C	Uptake and Actions of Bacterial Toxins	10	302	21	2922	4.607	1.502e-05	2.804e-04	0	0
A-PEP.SCGN_ADRA2C	HIV Infection	20	302	72	2922	2.688	2.156e-05	3.946e-04	0	0
A-PEP.SCGN_ADRA2C	Activation of BAD and Translocation to Mitochondria	7	302	11	2922	6.157	2.696e-05	4.753e-04	0	0
A-PEP.SCGN_ADRA2C	Complex III Assembly	7	302	11	2922	6.157	2.696e-05	4.753e-04	0	0
A-PEP.SCGN_ADRA2C	Selective Autophagy	16	302	52	2922	2.977	3.712e-05	6.425e-04	0	0
A-PEP.SCGN_ADRA2C	Regulation of PLK1 Activity at G2 M Transition	15	302	47	2922	3.088	4.038e-05	6.865e-04	0	0
A-PEP.SCGN_ADRA2C	Dual Incision in TC-NER	9	302	19	2922	4.583	4.335e-05	7.115e-04	0	0
A-PEP.SCGN_ADRA2C	Gap-filling DNA Repair Synthesis and Ligation in TC-NER	9	302	19	2922	4.583	4.335e-05	7.115e-04	0	0
A-PEP.SCGN_ADRA2C	G2 M Transition	21	302	82	2922	2.478	5.132e-05	8.143e-04	0	0
A-PEP.SCGN_ADRA2C	Mitotic G2-G2 M Phases	21	302	82	2922	2.478	5.132e-05	8.143e-04	0	0
A-PEP.SCGN_ADRA2C	The Role of GTSE1 in G2 M Progression After G2 Checkpoint	12	302	33	2922	3.518	5.737e-05	8.953e-04	0	0
A-PEP.SCGN_ADRA2C	Gluconeogenesis	6	302	9	2922	6.450	7.454e-05	1.137e-03	0	0
A-PEP.SCGN_ADRA2C	SARS-CoV-2 Modulates Host Translation Machinery	11	302	29	2922	3.670	7.525e-05	1.137e-03	0	0
A-PEP.SCGN_ADRA2C	Iron Uptake and Transport	10	302	25	2922	3.870	9.526e-05	1.417e-03	0	0
A-PEP.SCGN_ADRA2C	Formation of the Ternary Complex. and Subsequently. the 43S Complex	11	302	30	2922	3.548	1.080e-04	1.476e-03	0	0
A-PEP.SCGN_ADRA2C	Intrinsic Pathway for Apoptosis	11	302	30	2922	3.548	1.080e-04	1.476e-03	0	0
A-PEP.SCGN_ADRA2C	Ribosomal Scanning and Start Codon Recognition	11	302	30	2922	3.548	1.080e-04	1.476e-03	0	0
A-PEP.SCGN_ADRA2C	Translation Initiation Complex Formation	11	302	30	2922	3.548	1.080e-04	1.476e-03	0	0
A-PEP.SCGN_ADRA2C	mRNA Activation Upon Binding of the Cap-Binding Complex and eIFs. and Subsequent Binding to 43S	11	302	30	2922	3.548	1.080e-04	1.476e-03	0	0
A-PEP.SCGN_ADRA2C	Protein Localization	17	302	62	2922	2.653	1.085e-04	1.476e-03	0	0
A-PEP.SCGN_ADRA2C	Cellular Response to Chemical Stress	23	302	99	2922	2.248	1.172e-04	1.571e-03	0	0
A-PEP.SCGN_ADRA2C	Signaling by Interleukins	37	302	195	2922	1.836	1.198e-04	1.584e-03	0	0
A-PEP.SCGN_ADRA2C	Autophagy	19	302	75	2922	2.451	1.379e-04	1.774e-03	0	0
A-PEP.SCGN_ADRA2C	L1CAM Interactions	19	302	75	2922	2.451	1.379e-04	1.774e-03	0	0
A-PEP.SCGN_ADRA2C	Frs2-mediated Activation	6	302	10	2922	5.805	1.702e-04	2.104e-03	0	0
A-PEP.SCGN_ADRA2C	GABA Synthesis. Release. Reuptake and Degradation	6	302	10	2922	5.805	1.702e-04	2.104e-03	0	0
A-PEP.SCGN_ADRA2C	SARS-CoV-2 Targets Host Intracellular Signalling and Regulatory Pathways	6	302	10	2922	5.805	1.702e-04	2.104e-03	0	0
A-PEP.SCGN_ADRA2C	G2 M DNA Damage Checkpoint	9	302	22	2922	3.958	1.760e-04	2.149e-03	0	0
A-PEP.SCGN_ADRA2C	Host Interactions of HIV Factors	15	302	53	2922	2.738	1.882e-04	2.251e-03	0	0
A-PEP.SCGN_ADRA2C	G2 M Checkpoints	13	302	42	2922	2.995	1.892e-04	2.251e-03	0	0
A-PEP.SCGN_ADRA2C	Gene and Protein Expression by JAK-STAT Signaling After Interleukin-12 Stimulation	8	302	18	2922	4.300	2.056e-04	2.387e-03	0	0
A-PEP.SCGN_ADRA2C	Response of Mtb to Phagocytosis	8	302	18	2922	4.300	2.056e-04	2.387e-03	0	0
A-PEP.SCGN_ADRA2C	Cytoprotection by HMOX1	11	302	33	2922	3.225	2.877e-04	3.225e-03	0	0
A-PEP.SCGN_ADRA2C	Interleukin-12 Family Signaling	10	302	28	2922	3.456	2.880e-04	3.225e-03	0	0
A-PEP.SCGN_ADRA2C	Regulation of Actin Dynamics for Phagocytic Cup Formation	10	302	28	2922	3.456	2.880e-04	3.225e-03	0	0
A-PEP.SCGN_ADRA2C	Innate Immune System	60	302	382	2922	1.520	2.940e-04	3.255e-03	0	0
A-PEP.SCGN_ADRA2C	Infection With Mycobacterium Tuberculosis	8	302	19	2922	4.074	3.236e-04	3.501e-03	0	0
A-PEP.SCGN_ADRA2C	RHO GTPases Activate IQGAPs	8	302	19	2922	4.074	3.236e-04	3.501e-03	0	0
A-PEP.SCGN_ADRA2C	Mitochondrial Protein Import	9	302	24	2922	3.628	3.836e-04	4.057e-03	0	0
A-PEP.SCGN_ADRA2C	Transcription-Coupled Nucleotide Excision Repair (TC-NER)	9	302	24	2922	3.628	3.836e-04	4.057e-03	0	0
A-PEP.SCGN_ADRA2C	Negative Regulation of MAPK Pathway	10	302	29	2922	3.336	3.999e-04	4.139e-03	0	0
A-PEP.SCGN_ADRA2C	TGF-beta Receptor Signaling Activates SMADs	10	302	29	2922	3.336	3.999e-04	4.139e-03	0	0
A-PEP.SCGN_ADRA2C	Cytokine Signaling in Immune System	50	302	307	2922	1.576	4.292e-04	4.394e-03	0	0
A-PEP.SCGN_ADRA2C	Macroautophagy	17	302	69	2922	2.384	4.445e-04	4.502e-03	0	0
A-PEP.SCGN_ADRA2C	Activation of BH3-only Proteins	8	302	20	2922	3.870	4.916e-04	4.727e-03	0	0
A-PEP.SCGN_ADRA2C	Formation of TC-NER Pre-Incision Complex	8	302	20	2922	3.870	4.916e-04	4.727e-03	0	0
A-PEP.SCGN_ADRA2C	FGFR2 Alternative Splicing	5	302	8	2922	6.047	4.916e-04	4.727e-03	0	0
A-PEP.SCGN_ADRA2C	PIWI-interacting RNA (piRNA) Biogenesis	5	302	8	2922	6.047	4.916e-04	4.727e-03	0	0
A-PEP.SCGN_ADRA2C	Regulation of BACH1 Activity	5	302	8	2922	6.047	4.916e-04	4.727e-03	0	0
A-PEP.SCGN_ADRA2C	RNA Pol II CTD Phosphorylation and Interaction With CE	4	302	5	2922	7.740	5.146e-04	4.803e-03	0	0
A-PEP.SCGN_ADRA2C	RNA Pol II CTD Phosphorylation and Interaction With CE During HIV Infection	4	302	5	2922	7.740	5.146e-04	4.803e-03	0	0
A-PEP.SCGN_ADRA2C	mRNA Capping	4	302	5	2922	7.740	5.146e-04	4.803e-03	0	0
A-PEP.SCGN_ADRA2C	Mitochondrial Protein Degradation	14	302	52	2922	2.605	5.432e-04	5.021e-03	0	0
A-PEP.SCGN_ADRA2C	Prolonged ERK Activation Events	6	302	12	2922	4.838	6.252e-04	5.723e-03	0	0
A-PEP.SCGN_ADRA2C	RHO GTPase Effectors	23	302	111	2922	2.005	6.999e-04	6.346e-03	0	0
A-PEP.SCGN_ADRA2C	Leishmania Infection	18	302	79	2922	2.205	8.372e-04	7.449e-03	0	0
A-PEP.SCGN_ADRA2C	Parasitic Infection Pathways	18	302	79	2922	2.205	8.372e-04	7.449e-03	0	0
A-PEP.SCGN_ADRA2C	Cell Cycle	37	302	215	2922	1.665	9.097e-04	8.019e-03	0	0
A-PEP.SCGN_ADRA2C	Recruitment of NuMA to Mitotic Centrosomes	12	302	43	2922	2.700	9.548e-04	8.339e-03	0	0
A-PEP.SCGN_ADRA2C	Signaling by FGFR2	10	302	32	2922	3.024	9.708e-04	8.402e-03	0	0
A-PEP.SCGN_ADRA2C	Hedgehog 'Off' State	13	302	49	2922	2.567	9.961e-04	8.543e-03	0	0
A-PEP.SCGN_ADRA2C	Neurotoxicity of Clostridium Toxins	5	302	9	2922	5.375	1.013e-03	8.610e-03	0	0
A-PEP.SCGN_ADRA2C	Interleukin-12 Signaling	8	302	22	2922	3.518	1.037e-03	8.658e-03	0	0
A-PEP.SCGN_ADRA2C	RHO GTPases Activate PKNs	8	302	22	2922	3.518	1.037e-03	8.658e-03	0	0
A-PEP.SCGN_ADRA2C	Signaling by TGF-beta Receptor Complex	13	302	50	2922	2.516	1.223e-03	1.013e-02	0	0
A-PEP.SCGN_ADRA2C	Downregulation of TGF-beta Receptor Signaling	7	302	18	2922	3.763	1.367e-03	1.089e-02	0	0
A-PEP.SCGN_ADRA2C	Signal Transduction by L1	7	302	18	2922	3.763	1.367e-03	1.089e-02	0	0
A-PEP.SCGN_ADRA2C	Abortive Elongation of HIV-1 Transcript in the Absence of Tat	4	302	6	2922	6.450	1.418e-03	1.089e-02	0	0
A-PEP.SCGN_ADRA2C	FGFR2 Mutant Receptor Activation	4	302	6	2922	6.450	1.418e-03	1.089e-02	0	0
A-PEP.SCGN_ADRA2C	Formation of the Early Elongation Complex	4	302	6	2922	6.450	1.418e-03	1.089e-02	0	0
A-PEP.SCGN_ADRA2C	Formation of the HIV-1 Early Elongation Complex	4	302	6	2922	6.450	1.418e-03	1.089e-02	0	0
A-PEP.SCGN_ADRA2C	Negative Feedback Regulation of MAPK Pathway	4	302	6	2922	6.450	1.418e-03	1.089e-02	0	0
A-PEP.SCGN_ADRA2C	Regulation of Localization of FOXO Transcription Factors	4	302	6	2922	6.450	1.418e-03	1.089e-02	0	0
A-PEP.SCGN_ADRA2C	Signaling by FGFR2 IIIa TM	4	302	6	2922	6.450	1.418e-03	1.089e-02	0	0
A-PEP.SCGN_ADRA2C	SARS-CoV-1 Targets Host Intracellular Signalling and Regulatory Pathways	6	302	14	2922	4.147	1.698e-03	1.283e-02	0	0
A-PEP.SCGN_ADRA2C	Serotonin Neurotransmitter Release Cycle	6	302	14	2922	4.147	1.698e-03	1.283e-02	0	0
A-PEP.SCGN_ADRA2C	TGF-beta Receptor Signaling in EMT (Epithelial to Mesenchymal Transition)	5	302	10	2922	4.838	1.856e-03	1.380e-02	0	0
A-PEP.SCGN_ADRA2C	Termination of Translesion DNA Synthesis	5	302	10	2922	4.838	1.856e-03	1.380e-02	0	0
A-PEP.SCGN_ADRA2C	Pyruvate Metabolism	7	302	19	2922	3.565	1.976e-03	1.458e-02	0	0
A-PEP.SCGN_ADRA2C	HSP90 Chaperone Cycle for Steroid Hormone Receptors (SHR) in the Presence of Ligand	10	302	35	2922	2.764	2.084e-03	1.526e-02	0	0
A-PEP.SCGN_ADRA2C	Hemostasis	39	302	242	2922	1.559	2.396e-03	1.741e-02	0	0
A-PEP.SCGN_ADRA2C	Neutrophil Degranulation	30	302	173	2922	1.678	2.501e-03	1.804e-02	0	0
A-PEP.SCGN_ADRA2C	Defective Intrinsic Pathway for Apoptosis	6	302	15	2922	3.870	2.587e-03	1.811e-02	0	0
A-PEP.SCGN_ADRA2C	MAP3K8 (TPL2)-dependent MAPK1 3 Activation	6	302	15	2922	3.870	2.587e-03	1.811e-02	0	0
A-PEP.SCGN_ADRA2C	Regulation of Pyruvate Metabolism	6	302	15	2922	3.870	2.587e-03	1.811e-02	0	0
A-PEP.SCGN_ADRA2C	VLDLR Internalisation and Degradation	6	302	15	2922	3.870	2.587e-03	1.811e-02	0	0
A-PEP.SCGN_ADRA2C	Nucleotide Excision Repair	10	302	36	2922	2.688	2.627e-03	1.825e-02	0	0
A-PEP.SCGN_ADRA2C	Respiratory Syncytial Virus Infection Pathway	12	302	48	2922	2.419	2.697e-03	1.860e-02	0	0
A-PEP.SCGN_ADRA2C	Gap Junction Trafficking	7	302	20	2922	3.386	2.776e-03	1.887e-02	0	0
A-PEP.SCGN_ADRA2C	Nuclear Events Stimulated by ALK Signaling in Cancer	7	302	20	2922	3.386	2.776e-03	1.887e-02	0	0
A-PEP.SCGN_ADRA2C	Signaling by ALK Fusions and Activated Point Mutants	14	302	61	2922	2.221	2.919e-03	1.927e-02	0	0
A-PEP.SCGN_ADRA2C	Signaling by ALK in Cancer	14	302	61	2922	2.221	2.919e-03	1.927e-02	0	0
A-PEP.SCGN_ADRA2C	HIV Transcription Initiation	4	302	7	2922	5.529	3.041e-03	1.927e-02	0	0
A-PEP.SCGN_ADRA2C	Protein Methylation	4	302	7	2922	5.529	3.041e-03	1.927e-02	0	0
A-PEP.SCGN_ADRA2C	RNA Polymerase II HIV Promoter Escape	4	302	7	2922	5.529	3.041e-03	1.927e-02	0	0
A-PEP.SCGN_ADRA2C	RNA Polymerase II Promoter Escape	4	302	7	2922	5.529	3.041e-03	1.927e-02	0	0
A-PEP.SCGN_ADRA2C	RNA Polymerase II Transcription Initiation	4	302	7	2922	5.529	3.041e-03	1.927e-02	0	0
A-PEP.SCGN_ADRA2C	RNA Polymerase II Transcription Initiation And Promoter Clearance	4	302	7	2922	5.529	3.041e-03	1.927e-02	0	0
A-PEP.SCGN_ADRA2C	RNA Polymerase II Transcription Pre-Initiation And Promoter Opening	4	302	7	2922	5.529	3.041e-03	1.927e-02	0	0
A-PEP.SCGN_ADRA2C	Regulation of FZD by Ubiquitination	4	302	7	2922	5.529	3.041e-03	1.927e-02	0	0
A-PEP.SCGN_ADRA2C	Gap Junction Assembly	5	302	11	2922	4.398	3.117e-03	1.927e-02	0	0
A-PEP.SCGN_ADRA2C	Microtubule-dependent Trafficking of Connexons From Golgi to the Plasma Membrane	5	302	11	2922	4.398	3.117e-03	1.927e-02	0	0
A-PEP.SCGN_ADRA2C	Norepinephrine Neurotransmitter Release Cycle	5	302	11	2922	4.398	3.117e-03	1.927e-02	0	0
A-PEP.SCGN_ADRA2C	Transport of Connexons to the Plasma Membrane	5	302	11	2922	4.398	3.117e-03	1.927e-02	0	0
A-PEP.SCGN_ADRA2C	Centrosome Maturation	10	302	37	2922	2.615	3.278e-03	1.987e-02	0	0
A-PEP.SCGN_ADRA2C	Recruitment of Mitotic Centrosome Proteins and Complexes	10	302	37	2922	2.615	3.278e-03	1.987e-02	0	0
A-PEP.SCGN_ADRA2C	Signaling by FGFR	10	302	37	2922	2.615	3.278e-03	1.987e-02	0	0
A-PEP.SCGN_ADRA2C	Regulation of Insulin Secretion	11	302	43	2922	2.475	3.318e-03	1.999e-02	0	0
A-PEP.SCGN_ADRA2C	FCGR3A-mediated Phagocytosis	8	302	26	2922	2.977	3.502e-03	2.058e-02	0	0
A-PEP.SCGN_ADRA2C	Interferon Alpha Beta Signaling	8	302	26	2922	2.977	3.502e-03	2.058e-02	0	0
A-PEP.SCGN_ADRA2C	Leishmania Phagocytosis	8	302	26	2922	2.977	3.502e-03	2.058e-02	0	0
A-PEP.SCGN_ADRA2C	Parasite Infection	8	302	26	2922	2.977	3.502e-03	2.058e-02	0	0
A-PEP.SCGN_ADRA2C	Programmed Cell Death	19	302	96	2922	1.915	3.530e-03	2.062e-02	0	0
A-PEP.SCGN_ADRA2C	Activation of AMPK Downstream of NMDARs	6	302	16	2922	3.628	3.785e-03	2.167e-02	0	0
A-PEP.SCGN_ADRA2C	Deactivation of the Beta-Catenin Transactivating Complex	6	302	16	2922	3.628	3.785e-03	2.167e-02	0	0
A-PEP.SCGN_ADRA2C	HSF1 Activation	7	302	21	2922	3.225	3.802e-03	2.167e-02	0	0
A-PEP.SCGN_ADRA2C	PINK1-PRKN Mediated Mitophagy	7	302	21	2922	3.225	3.802e-03	2.167e-02	0	0
A-PEP.SCGN_ADRA2C	CHL1 Interactions	3	302	4	2922	7.257	4.041e-03	2.236e-02	0	0
A-PEP.SCGN_ADRA2C	Maturation of Protein E 9683683	3	302	4	2922	7.257	4.041e-03	2.236e-02	0	0
A-PEP.SCGN_ADRA2C	Maturation of Protein E 9694493	3	302	4	2922	7.257	4.041e-03	2.236e-02	0	0
A-PEP.SCGN_ADRA2C	Modulation by Mtb of Host Immune System	3	302	4	2922	7.257	4.041e-03	2.236e-02	0	0
A-PEP.SCGN_ADRA2C	Phase 1 - Inactivation of Fast Na+ Channels	3	302	4	2922	7.257	4.041e-03	2.236e-02	0	0
A-PEP.SCGN_ADRA2C	Fcgamma Receptor (FCGR) Dependent Phagocytosis	11	302	45	2922	2.365	4.851e-03	2.547e-02	0	0
A-PEP.SCGN_ADRA2C	RSV-host Interactions	9	302	33	2922	2.639	4.888e-03	2.547e-02	0	0
A-PEP.SCGN_ADRA2C	Recycling Pathway of L1	9	302	33	2922	2.639	4.888e-03	2.547e-02	0	0
A-PEP.SCGN_ADRA2C	Acetylcholine Neurotransmitter Release Cycle	5	302	12	2922	4.031	4.897e-03	2.547e-02	0	0
A-PEP.SCGN_ADRA2C	Glutamate Neurotransmitter Release Cycle	5	302	12	2922	4.031	4.897e-03	2.547e-02	0	0
A-PEP.SCGN_ADRA2C	IRAK1 Recruits IKK Complex	5	302	12	2922	4.031	4.897e-03	2.547e-02	0	0
A-PEP.SCGN_ADRA2C	IRAK1 Recruits IKK Complex Upon TLR7 8 or 9 Stimulation	5	302	12	2922	4.031	4.897e-03	2.547e-02	0	0
A-PEP.SCGN_ADRA2C	Post-chaperonin Tubulin Folding Pathway	5	302	12	2922	4.031	4.897e-03	2.547e-02	0	0
A-PEP.SCGN_ADRA2C	RHO GTPases Activate NADPH Oxidases	5	302	12	2922	4.031	4.897e-03	2.547e-02	0	0
A-PEP.SCGN_ADRA2C	Sealing of the Nuclear Envelope (NE) by ESCRT-III	5	302	12	2922	4.031	4.897e-03	2.547e-02	0	0
A-PEP.SCGN_ADRA2C	Translesion Synthesis by Y Family DNA Polymerases Bypasses Lesions on DNA Template	5	302	12	2922	4.031	4.897e-03	2.547e-02	0	0
A-PEP.SCGN_ADRA2C	HIV Life Cycle	10	302	39	2922	2.481	4.961e-03	2.567e-02	0	0
A-PEP.SCGN_ADRA2C	Gap Junction Trafficking and Regulation	7	302	22	2922	3.079	5.092e-03	2.606e-02	0	0
A-PEP.SCGN_ADRA2C	Negative Regulation of NOTCH4 Signaling	7	302	22	2922	3.079	5.092e-03	2.606e-02	0	0
A-PEP.SCGN_ADRA2C	Dopamine Neurotransmitter Release Cycle	6	302	17	2922	3.415	5.350e-03	2.709e-02	0	0
A-PEP.SCGN_ADRA2C	RHO GTPases Activate WASPs and WAVEs	6	302	17	2922	3.415	5.350e-03	2.709e-02	0	0
A-PEP.SCGN_ADRA2C	Signaling by Hedgehog	14	302	65	2922	2.084	5.399e-03	2.719e-02	0	0
A-PEP.SCGN_ADRA2C	Gap-filling DNA Repair Synthesis and Ligation in GG-NER	4	302	8	2922	4.838	5.590e-03	2.738e-02	0	0
A-PEP.SCGN_ADRA2C	Translesion Synthesis by POLH	4	302	8	2922	4.838	5.590e-03	2.738e-02	0	0
A-PEP.SCGN_ADRA2C	Translesion Synthesis by POLI	4	302	8	2922	4.838	5.590e-03	2.738e-02	0	0
A-PEP.SCGN_ADRA2C	Translesion Synthesis by POLK	4	302	8	2922	4.838	5.590e-03	2.738e-02	0	0
A-PEP.SCGN_ADRA2C	Translesion Synthesis by REV1	4	302	8	2922	4.838	5.590e-03	2.738e-02	0	0
A-PEP.SCGN_ADRA2C	Clathrin-mediated Endocytosis	15	302	72	2922	2.016	5.608e-03	2.738e-02	0	0
A-PEP.SCGN_ADRA2C	Late Phase of HIV Life Cycle	9	302	34	2922	2.561	6.059e-03	2.913e-02	0	0
A-PEP.SCGN_ADRA2C	Loss of Nlp From Mitotic Centrosomes	9	302	34	2922	2.561	6.059e-03	2.913e-02	0	0
A-PEP.SCGN_ADRA2C	Loss of Proteins Required for Interphase Microtubule Organization From the Centrosome	9	302	34	2922	2.561	6.059e-03	2.913e-02	0	0
A-PEP.SCGN_ADRA2C	Vesicle-mediated Transport	41	302	272	2922	1.458	6.489e-03	3.104e-02	0	0
A-PEP.SCGN_ADRA2C	Anchoring of the Basal Body to the Plasma Membrane	10	302	41	2922	2.360	7.258e-03	3.338e-02	0	0
A-PEP.SCGN_ADRA2C	Antigen Presentation Folding. Assembly and Peptide Loading of Class I MHC	5	302	13	2922	3.721	7.294e-03	3.338e-02	0	0
A-PEP.SCGN_ADRA2C	Carboxyterminal Post-Translational Modifications of Tubulin	5	302	13	2922	3.721	7.294e-03	3.338e-02	0	0
A-PEP.SCGN_ADRA2C	Deregulated CDK5 Triggers Multiple Neurodegenerative Pathways in Alzheimer's Disease Models	5	302	13	2922	3.721	7.294e-03	3.338e-02	0	0
A-PEP.SCGN_ADRA2C	Dual Incision in GG-NER	5	302	13	2922	3.721	7.294e-03	3.338e-02	0	0
A-PEP.SCGN_ADRA2C	Late Endosomal Microautophagy	5	302	13	2922	3.721	7.294e-03	3.338e-02	0	0
A-PEP.SCGN_ADRA2C	MicroRNA (miRNA) Biogenesis	5	302	13	2922	3.721	7.294e-03	3.338e-02	0	0
A-PEP.SCGN_ADRA2C	Neurodegenerative Diseases	5	302	13	2922	3.721	7.294e-03	3.338e-02	0	0
A-PEP.SCGN_ADRA2C	The Role of Nef in HIV-1 Replication and Disease Pathogenesis	5	302	13	2922	3.721	7.294e-03	3.338e-02	0	0
A-PEP.SCGN_ADRA2C	DNA Damage Bypass	6	302	18	2922	3.225	7.341e-03	3.344e-02	0	0
A-PEP.SCGN_ADRA2C	AURKA Activation by TPX2	9	302	35	2922	2.488	7.434e-03	3.370e-02	0	0
A-PEP.SCGN_ADRA2C	Cellular Response to Heat Stress	13	302	61	2922	2.062	7.947e-03	3.586e-02	0	0
A-PEP.SCGN_ADRA2C	Cargo Recognition for Clathrin-Mediated Endocytosis	12	302	55	2922	2.111	8.759e-03	3.933e-02	0	0
A-PEP.SCGN_ADRA2C	Degradation of Beta-Catenin by the Destruction Complex	9	302	36	2922	2.419	9.037e-03	4.020e-02	0	0
A-PEP.SCGN_ADRA2C	Regulation of mRNA Stability by Proteins That Bind AU-rich Elements	9	302	36	2922	2.419	9.037e-03	4.020e-02	0	0
A-PEP.SCGN_ADRA2C	Assembly Of The HIV Virion	4	302	9	2922	4.300	9.251e-03	4.021e-02	0	0
A-PEP.SCGN_ADRA2C	Diseases of Carbohydrate Metabolism	4	302	9	2922	4.300	9.251e-03	4.021e-02	0	0
A-PEP.SCGN_ADRA2C	Glycogen Metabolism	4	302	9	2922	4.300	9.251e-03	4.021e-02	0	0
A-PEP.SCGN_ADRA2C	Reduction of Cytosolic Ca++ Levels	4	302	9	2922	4.300	9.251e-03	4.021e-02	0	0
A-PEP.SCGN_ADRA2C	TRAF6 Mediated IRF7 Activation in TLR7 8 or 9 Signaling	4	302	9	2922	4.300	9.251e-03	4.021e-02	0	0
A-PEP.SCGN_ADRA2C	FLT3 Signaling by CBL Mutants	3	302	5	2922	5.805	9.330e-03	4.037e-02	0	0
A-PEP.SCGN_ADRA2C	Downregulation of ERBB2 Signaling	6	302	19	2922	3.055	9.817e-03	4.117e-02	0	0
A-PEP.SCGN_ADRA2C	FBXL7 Down-Regulates AURKA During Mitotic Entry and in Early Mitosis	6	302	19	2922	3.055	9.817e-03	4.117e-02	0	0
A-PEP.SCGN_ADRA2C	Formation of Incision Complex in GG-NER	6	302	19	2922	3.055	9.817e-03	4.117e-02	0	0
A-PEP.SCGN_ADRA2C	Formation of Tubulin Folding Intermediates by CCT TriC	6	302	19	2922	3.055	9.817e-03	4.117e-02	0	0
A-PEP.SCGN_ADRA2C	Intraflagellar Transport	6	302	19	2922	3.055	9.817e-03	4.117e-02	0	0
A-PEP.SCGN_ADRA2C	RIPK1-mediated Regulated Necrosis	6	302	19	2922	3.055	9.817e-03	4.117e-02	0	0
A-PEP.SCGN_ADRA2C	Regulation of Necroptotic Cell Death	6	302	19	2922	3.055	9.817e-03	4.117e-02	0	0
A-PEP.SCGN_ADRA2C	Potential Therapeutics for SARS	12	302	56	2922	2.073	1.014e-02	4.236e-02	0	0
A-PEP.SCGN_ADRA2C	Recognition of DNA Damage by PCNA-containing Replication Complex	5	302	14	2922	3.456	1.040e-02	4.325e-02	0	0
A-PEP.SCGN_ADRA2C	Apoptosis	16	302	84	2922	1.843	1.050e-02	4.343e-02	0	0
A-PEP.SCGN_ADRA2C	Signaling by Rho GTPases	38	302	255	2922	1.442	1.054e-02	4.343e-02	0	0
A-PEP.SCGN_ADRA2C	Antiviral Mechanism by IFN-stimulated Genes	14	302	70	2922	1.935	1.063e-02	4.361e-02	0	0
A-PEP.SCGN_ADRA2C	Mitophagy	7	302	25	2922	2.709	1.094e-02	4.433e-02	0	0
A-PEP.SCGN_ADRA2C	NIK-->noncanonical NF-kB Signaling	7	302	25	2922	2.709	1.094e-02	4.433e-02	0	0
A-PEP.SCGN_ADRA2C	Neurotransmitter Release Cycle	7	302	25	2922	2.709	1.094e-02	4.433e-02	0	0
A-PEP.SCGN_ADRA2C	Paradoxical Activation of RAF Signaling by Kinase Inactive BRAF	8	302	31	2922	2.497	1.118e-02	4.453e-02	0	0
A-PEP.SCGN_ADRA2C	Signaling Downstream of RAS Mutants	8	302	31	2922	2.497	1.118e-02	4.453e-02	0	0
A-PEP.SCGN_ADRA2C	Signaling by Moderate Kinase Activity BRAF Mutants	8	302	31	2922	2.497	1.118e-02	4.453e-02	0	0
A-PEP.SCGN_ADRA2C	Signaling by RAS Mutants	8	302	31	2922	2.497	1.118e-02	4.453e-02	0	0
A-PEP.SCGN_ADRA2C	Membrane Trafficking	38	302	257	2922	1.431	1.195e-02	4.738e-02	0	0
A-PEP.SCGN_ADRA2C	Cooperation of Prefoldin and TriC CCT in Actin and Tubulin Folding	6	302	20	2922	2.903	1.283e-02	5.070e-02	0	0
A-PEP.SCGN_ADRA2C	Interferon Signaling	19	302	108	2922	1.702	1.304e-02	5.128e-02	0	0
A-PEP.SCGN_ADRA2C	Dectin-1 Mediated Noncanonical NF-kB Signaling	7	302	26	2922	2.605	1.368e-02	5.272e-02	0	0
A-PEP.SCGN_ADRA2C	MAP2K and MAPK Activation	7	302	26	2922	2.605	1.368e-02	5.272e-02	0	0
A-PEP.SCGN_ADRA2C	Signaling by High-Kinase Activity BRAF Mutants	7	302	26	2922	2.605	1.368e-02	5.272e-02	0	0
A-PEP.SCGN_ADRA2C	Formation of HIV Elongation Complex in the Absence of HIV Tat	4	302	10	2922	3.870	1.418e-02	5.272e-02	0	0
A-PEP.SCGN_ADRA2C	Formation of HIV-1 Elongation Complex Containing HIV-1 Tat	4	302	10	2922	3.870	1.418e-02	5.272e-02	0	0
A-PEP.SCGN_ADRA2C	HIV Elongation Arrest and Recovery	4	302	10	2922	3.870	1.418e-02	5.272e-02	0	0
A-PEP.SCGN_ADRA2C	HIV Transcription Elongation	4	302	10	2922	3.870	1.418e-02	5.272e-02	0	0
A-PEP.SCGN_ADRA2C	Inhibition of DNA Recombination at Telomere	4	302	10	2922	3.870	1.418e-02	5.272e-02	0	0
A-PEP.SCGN_ADRA2C	Mitochondrial Unfolded Protein Response (UPRmt)	4	302	10	2922	3.870	1.418e-02	5.272e-02	0	0
A-PEP.SCGN_ADRA2C	Pausing and Recovery of HIV Elongation	4	302	10	2922	3.870	1.418e-02	5.272e-02	0	0
A-PEP.SCGN_ADRA2C	Pausing and Recovery of Tat-mediated HIV Elongation	4	302	10	2922	3.870	1.418e-02	5.272e-02	0	0
A-PEP.SCGN_ADRA2C	Suppression of Phagosomal Maturation	4	302	10	2922	3.870	1.418e-02	5.272e-02	0	0
A-PEP.SCGN_ADRA2C	Tat-mediated Elongation of the HIV-1 Transcript	4	302	10	2922	3.870	1.418e-02	5.272e-02	0	0
A-PEP.SCGN_ADRA2C	Tat-mediated HIV Elongation Arrest and Recovery	4	302	10	2922	3.870	1.418e-02	5.272e-02	0	0
A-PEP.SCGN_ADRA2C	Evasion by RSV of Host Interferon Responses	5	302	15	2922	3.225	1.431e-02	5.272e-02	0	0
A-PEP.SCGN_ADRA2C	Spry Regulation of FGF Signaling	5	302	15	2922	3.225	1.431e-02	5.272e-02	0	0
A-PEP.SCGN_ADRA2C	Signaling by Rho GTPases. Miro GTPases and RHOBTB3	38	302	260	2922	1.414	1.434e-02	5.272e-02	0	0
A-PEP.SCGN_ADRA2C	Metabolism of Carbohydrates	16	302	88	2922	1.759	1.624e-02	5.931e-02	0	0
A-PEP.SCGN_ADRA2C	AUF1 (hnRNP D0) Binds and Destabilizes mRNA	6	302	21	2922	2.764	1.645e-02	5.931e-02	0	0
A-PEP.SCGN_ADRA2C	Chromosome Maintenance	6	302	21	2922	2.764	1.645e-02	5.931e-02	0	0
A-PEP.SCGN_ADRA2C	Orc1 Removal From Chromatin	6	302	21	2922	2.764	1.645e-02	5.931e-02	0	0
A-PEP.SCGN_ADRA2C	Signaling by Receptor Tyrosine Kinases	40	302	279	2922	1.387	1.647e-02	5.931e-02	0	0
A-PEP.SCGN_ADRA2C	Nuclear Events Mediated by NFE2L2	10	302	46	2922	2.103	1.657e-02	5.931e-02	0	0
A-PEP.SCGN_ADRA2C	Regulation of HSF1-mediated Heat Shock Response	10	302	46	2922	2.103	1.657e-02	5.931e-02	0	0
A-PEP.SCGN_ADRA2C	Glycolysis	7	302	27	2922	2.508	1.688e-02	6.020e-02	0	0
A-PEP.SCGN_ADRA2C	Interleukin-1 Signaling	11	302	53	2922	2.008	1.721e-02	6.057e-02	0	0
A-PEP.SCGN_ADRA2C	Josephin Domain DUBs	3	302	6	2922	4.838	1.724e-02	6.057e-02	0	0
A-PEP.SCGN_ADRA2C	Myoclonic Epilepsy of Lafora	3	302	6	2922	4.838	1.724e-02	6.057e-02	0	0
A-PEP.SCGN_ADRA2C	Uptake and Function of Anthrax Toxins	3	302	6	2922	4.838	1.724e-02	6.057e-02	0	0
A-PEP.SCGN_ADRA2C	Detoxification of Reactive Oxygen Species	5	302	16	2922	3.024	1.910e-02	6.587e-02	0	0
A-PEP.SCGN_ADRA2C	Negative Regulation of FGFR2 Signaling	5	302	16	2922	3.024	1.910e-02	6.587e-02	0	0
A-PEP.SCGN_ADRA2C	Negative Regulation of FGFR3 Signaling	5	302	16	2922	3.024	1.910e-02	6.587e-02	0	0
A-PEP.SCGN_ADRA2C	Negative Regulation of FGFR4 Signaling	5	302	16	2922	3.024	1.910e-02	6.587e-02	0	0
A-PEP.SCGN_ADRA2C	RAF-independent MAPK1 3 Activation	5	302	16	2922	3.024	1.910e-02	6.587e-02	0	0
A-PEP.SCGN_ADRA2C	MAPK6 MAPK4 Signaling	8	302	34	2922	2.277	1.957e-02	6.727e-02	0	0
A-PEP.SCGN_ADRA2C	Budding and Maturation of HIV Virion	4	302	11	2922	3.518	2.050e-02	6.965e-02	0	0
A-PEP.SCGN_ADRA2C	Downregulation of ERBB2 ERBB3 Signaling	4	302	11	2922	3.518	2.050e-02	6.965e-02	0	0
A-PEP.SCGN_ADRA2C	mRNA Splicing - Minor Pathway	4	302	11	2922	3.518	2.050e-02	6.965e-02	0	0
A-PEP.SCGN_ADRA2C	Glucose Metabolism	7	302	28	2922	2.419	2.058e-02	6.965e-02	0	0
A-PEP.SCGN_ADRA2C	GSK3B and BTRC CUL1-mediated-degradation of NFE2L2	6	302	22	2922	2.639	2.071e-02	6.965e-02	0	0
A-PEP.SCGN_ADRA2C	Vasopressin Regulates Renal Water Homeostasis via Aquaporins	6	302	22	2922	2.639	2.071e-02	6.965e-02	0	0
A-PEP.SCGN_ADRA2C	Cell Cycle Checkpoints	14	302	76	2922	1.782	2.139e-02	7.172e-02	0	0
A-PEP.SCGN_ADRA2C	Diseases of Signal Transduction by Growth Factor Receptors and Second Messengers	34	302	234	2922	1.406	2.191e-02	7.278e-02	0	0
A-PEP.SCGN_ADRA2C	CLEC7A (Dectin-1) Signaling	10	302	48	2922	2.016	2.209e-02	7.278e-02	0	0
A-PEP.SCGN_ADRA2C	Interleukin-17 Signaling	10	302	48	2922	2.016	2.209e-02	7.278e-02	0	0
A-PEP.SCGN_ADRA2C	MAP Kinase Activation	10	302	48	2922	2.016	2.209e-02	7.278e-02	0	0
A-PEP.SCGN_ADRA2C	SARS-CoV-2 Activates Modulates Innate and Adaptive Immune Responses	10	302	48	2922	2.016	2.209e-02	7.278e-02	0	0
A-PEP.SCGN_ADRA2C	Transmission Across Chemical Synapses	24	302	153	2922	1.518	2.229e-02	7.305e-02	0	0
A-PEP.SCGN_ADRA2C	Integration of Energy Metabolism	12	302	62	2922	1.873	2.233e-02	7.305e-02	0	0
A-PEP.SCGN_ADRA2C	Post NMDA Receptor Activation Events	11	302	55	2922	1.935	2.241e-02	7.307e-02	0	0
A-PEP.SCGN_ADRA2C	Platelet Homeostasis	8	302	35	2922	2.212	2.317e-02	7.529e-02	0	0
A-PEP.SCGN_ADRA2C	Cell Cycle. Mitotic	27	302	178	2922	1.468	2.383e-02	7.716e-02	0	0
A-PEP.SCGN_ADRA2C	Regulation of RUNX2 Expression and Activity	7	302	29	2922	2.335	2.480e-02	7.931e-02	0	0
A-PEP.SCGN_ADRA2C	Lysosome Vesicle Biogenesis	5	302	17	2922	2.846	2.482e-02	7.931e-02	0	0
A-PEP.SCGN_ADRA2C	Negative Regulation of FGFR1 Signaling	5	302	17	2922	2.846	2.482e-02	7.931e-02	0	0
A-PEP.SCGN_ADRA2C	Transcriptional Regulation by Small RNAs	5	302	17	2922	2.846	2.482e-02	7.931e-02	0	0
A-PEP.SCGN_ADRA2C	MyD88 Cascade Initiated on Plasma Membrane	12	302	63	2922	1.843	2.512e-02	7.944e-02	0	0
A-PEP.SCGN_ADRA2C	Toll Like Receptor 10 (TLR10) Cascade	12	302	63	2922	1.843	2.512e-02	7.944e-02	0	0
A-PEP.SCGN_ADRA2C	Toll Like Receptor 5 (TLR5) Cascade	12	302	63	2922	1.843	2.512e-02	7.944e-02	0	0
A-PEP.SCGN_ADRA2C	Aquaporin-mediated Transport	6	302	23	2922	2.524	2.565e-02	8.060e-02	0	0
A-PEP.SCGN_ADRA2C	Plasma Lipoprotein Clearance	6	302	23	2922	2.524	2.565e-02	8.060e-02	0	0
A-PEP.SCGN_ADRA2C	Signaling by WNT	18	302	108	2922	1.613	2.595e-02	8.127e-02	0	0
A-PEP.SCGN_ADRA2C	Signaling by TGFB Family Members	14	302	78	2922	1.737	2.638e-02	8.233e-02	0	0
A-PEP.SCGN_ADRA2C	Downstream Signaling Events of B Cell Receptor (BCR)	8	302	36	2922	2.150	2.721e-02	8.395e-02	0	0
A-PEP.SCGN_ADRA2C	M Phase	21	302	132	2922	1.539	2.734e-02	8.395e-02	0	0
A-PEP.SCGN_ADRA2C	Mitotic Prometaphase	13	302	71	2922	1.772	2.735e-02	8.395e-02	0	0
A-PEP.SCGN_ADRA2C	ATF6 (ATF6-alpha) Activates Chaperone Genes	3	302	7	2922	4.147	2.789e-02	8.395e-02	0	0
A-PEP.SCGN_ADRA2C	ATF6 (ATF6-alpha) Activates Chaperones	3	302	7	2922	4.147	2.789e-02	8.395e-02	0	0
A-PEP.SCGN_ADRA2C	Glycogen Storage Diseases	3	302	7	2922	4.147	2.789e-02	8.395e-02	0	0
A-PEP.SCGN_ADRA2C	Glycogen Synthesis	3	302	7	2922	4.147	2.789e-02	8.395e-02	0	0
A-PEP.SCGN_ADRA2C	MAPK1 (ERK2) Activation	3	302	7	2922	4.147	2.789e-02	8.395e-02	0	0
A-PEP.SCGN_ADRA2C	MAPK3 (ERK1) Activation	3	302	7	2922	4.147	2.789e-02	8.395e-02	0	0
A-PEP.SCGN_ADRA2C	PTK6 Regulates RTKs and Their Effectors AKT1 and DOK1	3	302	7	2922	4.147	2.789e-02	8.395e-02	0	0
A-PEP.SCGN_ADRA2C	Prevention of Phagosomal-Lysosomal Fusion	3	302	7	2922	4.147	2.789e-02	8.395e-02	0	0
A-PEP.SCGN_ADRA2C	APC C Cdc20 Mediated Degradation of Cyclin B	4	302	12	2922	3.225	2.831e-02	8.395e-02	0	0
A-PEP.SCGN_ADRA2C	Retrograde Neurotrophin Signalling	4	302	12	2922	3.225	2.831e-02	8.395e-02	0	0
A-PEP.SCGN_ADRA2C	Sema3A PAK Dependent Axon Repulsion	4	302	12	2922	3.225	2.831e-02	8.395e-02	0	0
A-PEP.SCGN_ADRA2C	Transcription of the HIV Genome	4	302	12	2922	3.225	2.831e-02	8.395e-02	0	0
A-PEP.SCGN_ADRA2C	p75NTR Recruits Signalling Complexes	4	302	12	2922	3.225	2.831e-02	8.395e-02	0	0
A-PEP.SCGN_ADRA2C	ISG15 Antiviral Mechanism	7	302	30	2922	2.258	2.959e-02	8.665e-02	0	0
A-PEP.SCGN_ADRA2C	Signaling by RAF1 Mutants	7	302	30	2922	2.258	2.959e-02	8.665e-02	0	0
A-PEP.SCGN_ADRA2C	Nef and Signal Transduction	2	302	3	2922	6.450	2.976e-02	8.665e-02	0	0
A-PEP.SCGN_ADRA2C	Passive Transport by Aquaporins	2	302	3	2922	6.450	2.976e-02	8.665e-02	0	0
A-PEP.SCGN_ADRA2C	Pentose Phosphate Pathway	2	302	3	2922	6.450	2.976e-02	8.665e-02	0	0
A-PEP.SCGN_ADRA2C	Toxicity of Botulinum Toxin Type B (botB)	2	302	3	2922	6.450	2.976e-02	8.665e-02	0	0
A-PEP.SCGN_ADRA2C	Degradation of GLI1 by the Proteasome	6	302	24	2922	2.419	3.133e-02	8.992e-02	0	0
A-PEP.SCGN_ADRA2C	Signalling to ERKs	6	302	24	2922	2.419	3.133e-02	8.992e-02	0	0
A-PEP.SCGN_ADRA2C	Attenuation Phase	5	302	18	2922	2.688	3.155e-02	8.992e-02	0	0
A-PEP.SCGN_ADRA2C	Calnexin Calreticulin Cycle	5	302	18	2922	2.688	3.155e-02	8.992e-02	0	0
A-PEP.SCGN_ADRA2C	Downregulation of SMAD2 3 SMAD4 Transcriptional Activity	5	302	18	2922	2.688	3.155e-02	8.992e-02	0	0
A-PEP.SCGN_ADRA2C	SMAD2 SMAD3 SMAD4 Heterotrimer Regulates Transcription	5	302	18	2922	2.688	3.155e-02	8.992e-02	0	0
A-PEP.SCGN_ADRA2C	Telomere Maintenance	5	302	18	2922	2.688	3.155e-02	8.992e-02	0	0
A-PEP.SCGN_ADRA2C	PCP CE Pathway	8	302	37	2922	2.092	3.171e-02	9.012e-02	0	0
A-PEP.SCGN_ADRA2C	Cell Death Signalling via NRAGE. NRIF and NADE	7	302	31	2922	2.185	3.495e-02	9.859e-02	0	0
A-PEP.SCGN_ADRA2C	MyD88 Dependent Cascade Initiated on Endosome	12	302	66	2922	1.759	3.501e-02	9.859e-02	0	0
A-PEP.SCGN_ADRA2C	TRAF6 Mediated Induction of NFkB and MAP Kinases Upon TLR7 8 or 9 Activation	12	302	66	2922	1.759	3.501e-02	9.859e-02	0	0
A-PEP.SCGN_ADRA2C	Platelet Activation. Signaling and Aggregation	20	302	128	2922	1.512	3.664e-02	1.025e-01	0	0
A-PEP.SCGN_ADRA2C	Anti-inflammatory Response Favouring Leishmania Parasite Infection	8	302	38	2922	2.037	3.670e-02	1.025e-01	0	0
A-PEP.SCGN_ADRA2C	Leishmania Parasite Growth and Survival	8	302	38	2922	2.037	3.670e-02	1.025e-01	0	0
A-PEP.SCGN_ADRA2C	Formation of RNA Pol II Elongation Complex	4	302	13	2922	2.977	3.765e-02	1.027e-01	0	0
A-PEP.SCGN_ADRA2C	NF-kB Is Activated and Signals Survival	4	302	13	2922	2.977	3.765e-02	1.027e-01	0	0
A-PEP.SCGN_ADRA2C	NRIF Signals Cell Death From the Nucleus	4	302	13	2922	2.977	3.765e-02	1.027e-01	0	0
A-PEP.SCGN_ADRA2C	RNA Polymerase II Transcription Elongation	4	302	13	2922	2.977	3.765e-02	1.027e-01	0	0
A-PEP.SCGN_ADRA2C	TICAM1. RIP1-mediated IKK Complex Recruitment	4	302	13	2922	2.977	3.765e-02	1.027e-01	0	0
A-PEP.SCGN_ADRA2C	Viral Messenger RNA Synthesis	4	302	13	2922	2.977	3.765e-02	1.027e-01	0	0
A-PEP.SCGN_ADRA2C	rRNA Modification in the Nucleus and Cytosol	4	302	13	2922	2.977	3.765e-02	1.027e-01	0	0
A-PEP.SCGN_ADRA2C	Degradation of GLI2 by the Proteasome	6	302	25	2922	2.322	3.777e-02	1.027e-01	0	0
A-PEP.SCGN_ADRA2C	GLI3 Is Processed to GLI3R by the Proteasome	6	302	25	2922	2.322	3.777e-02	1.027e-01	0	0
A-PEP.SCGN_ADRA2C	Signaling by VEGF	12	302	67	2922	1.733	3.884e-02	1.045e-01	0	0
A-PEP.SCGN_ADRA2C	Toll Like Receptor 7 8 (TLR7 8) Cascade	12	302	67	2922	1.733	3.884e-02	1.045e-01	0	0
A-PEP.SCGN_ADRA2C	Toll Like Receptor 9 (TLR9) Cascade	12	302	67	2922	1.733	3.884e-02	1.045e-01	0	0
A-PEP.SCGN_ADRA2C	MAPK Family Signaling Cascades	22	302	145	2922	1.468	3.922e-02	1.045e-01	0	0
A-PEP.SCGN_ADRA2C	Activated NOTCH1 Transmits Signal to the Nucleus	5	302	19	2922	2.546	3.931e-02	1.045e-01	0	0
A-PEP.SCGN_ADRA2C	Cristae Formation	5	302	19	2922	2.546	3.931e-02	1.045e-01	0	0
A-PEP.SCGN_ADRA2C	Prefoldin Mediated Transfer of Substrate to CCT TriC	5	302	19	2922	2.546	3.931e-02	1.045e-01	0	0
A-PEP.SCGN_ADRA2C	Vif-mediated Degradation of APOBEC3G	5	302	19	2922	2.546	3.931e-02	1.045e-01	0	0
A-PEP.SCGN_ADRA2C	Organelle Biogenesis and Maintenance	20	302	129	2922	1.500	3.940e-02	1.045e-01	0	0
A-PEP.SCGN_ADRA2C	G Alpha (I) Signalling Events	15	302	90	2922	1.613	4.012e-02	1.059e-01	0	0
A-PEP.SCGN_ADRA2C	Apoptotic Factor-Mediated Response	3	302	8	2922	3.628	4.127e-02	1.059e-01	0	0
A-PEP.SCGN_ADRA2C	InlA-mediated Entry of Listeria Monocytogenes Into Host Cells	3	302	8	2922	3.628	4.127e-02	1.059e-01	0	0
A-PEP.SCGN_ADRA2C	Membrane Binding and Targetting of GAG Proteins	3	302	8	2922	3.628	4.127e-02	1.059e-01	0	0
A-PEP.SCGN_ADRA2C	Pexophagy	3	302	8	2922	3.628	4.127e-02	1.059e-01	0	0
A-PEP.SCGN_ADRA2C	Prostacyclin Signalling Through Prostacyclin Receptor	3	302	8	2922	3.628	4.127e-02	1.059e-01	0	0
A-PEP.SCGN_ADRA2C	Regulation of Innate Immune Responses to Cytosolic DNA	3	302	8	2922	3.628	4.127e-02	1.059e-01	0	0
A-PEP.SCGN_ADRA2C	Regulation of PTEN Localization	3	302	8	2922	3.628	4.127e-02	1.059e-01	0	0
A-PEP.SCGN_ADRA2C	Scavenging by Class A Receptors	3	302	8	2922	3.628	4.127e-02	1.059e-01	0	0
A-PEP.SCGN_ADRA2C	Synthesis And Processing Of GAG. GAGPOL Polyproteins	3	302	8	2922	3.628	4.127e-02	1.059e-01	0	0
A-PEP.SCGN_ADRA2C	TICAM1.TRAF6-dependent Induction of TAK1 Complex	3	302	8	2922	3.628	4.127e-02	1.059e-01	0	0
A-PEP.SCGN_ADRA2C	WNT5A-dependent Internalization of FZD2. FZD5 and ROR2	3	302	8	2922	3.628	4.127e-02	1.059e-01	0	0
A-PEP.SCGN_ADRA2C	Late SARS-CoV-2 Infection Events	8	302	39	2922	1.985	4.219e-02	1.080e-01	0	0
A-PEP.SCGN_ADRA2C	Assembly and Cell Surface Presentation of NMDA Receptors	6	302	26	2922	2.233	4.499e-02	1.136e-01	0	0
A-PEP.SCGN_ADRA2C	COPI-independent Golgi-to-ER Retrograde Traffic	6	302	26	2922	2.233	4.499e-02	1.136e-01	0	0
A-PEP.SCGN_ADRA2C	Diseases of Programmed Cell Death	6	302	26	2922	2.233	4.499e-02	1.136e-01	0	0
A-PEP.SCGN_ADRA2C	GPER1 Signaling	6	302	26	2922	2.233	4.499e-02	1.136e-01	0	0
A-PEP.SCGN_ADRA2C	Regulated Necrosis	6	302	26	2922	2.233	4.499e-02	1.136e-01	0	0
A-PEP.SCGN_ADRA2C	Nuclear Envelope (NE) Reassembly	7	302	33	2922	2.052	4.754e-02	1.188e-01	0	0
A-PEP.SCGN_ADRA2C	Nucleotide-binding Domain. Leucine Rich Repeat Containing Receptor (NLR) Signaling Pathways	7	302	33	2922	2.052	4.754e-02	1.188e-01	0	0
A-PEP.SCGN_ADRA2C	RHO GTPases Activate Formins	9	302	47	2922	1.853	4.771e-02	1.188e-01	0	0
A-PEP.SCGN_ADRA2C	EGFR Downregulation	5	302	20	2922	2.419	4.814e-02	1.188e-01	0	0
A-PEP.SCGN_ADRA2C	SCF-beta-TrCP Mediated Degradation of Emi1	5	302	20	2922	2.419	4.814e-02	1.188e-01	0	0
A-PEP.SCGN_ADRA2C	Vpu Mediated Degradation of CD4	5	302	20	2922	2.419	4.814e-02	1.188e-01	0	0
A-PEP.SCGN_ADRA2C	Signaling by BRAF and RAF1 Fusions	8	302	40	2922	1.935	4.820e-02	1.188e-01	0	0
A-PEP.SCGN_ADRA2C	Fanconi Anemia Pathway	4	302	14	2922	2.764	4.854e-02	1.188e-01	0	0
A-PEP.SCGN_ADRA2C	Negative Regulation of MET Activity	4	302	14	2922	2.764	4.854e-02	1.188e-01	0	0
A-PEP.SCGN_ADRA2C	RAS Processing	4	302	14	2922	2.764	4.854e-02	1.188e-01	0	0
A-PEP.SCGN_ADRA2C	RHO GTPases Activate PAKs	4	302	14	2922	2.764	4.854e-02	1.188e-01	0	0
A-PEP.SCGN_ADRA2C	Signaling by FGFR2 in Disease	4	302	14	2922	2.764	4.854e-02	1.188e-01	0	0
A-PEP.SCGN_ADRA2C	Activation of NMDA Receptors and Postsynaptic Events	11	302	62	2922	1.717	4.972e-02	1.211e-01	0	0
A-PEP.SCGN_ADRA2C	Ion Channel Transport	11	302	62	2922	1.717	4.972e-02	1.211e-01	0	0
A-PEP.SCGN_ADRA2C	Cardiac Conduction	10	302	55	2922	1.759	5.186e-02	1.256e-01	0	0
A-PEP.SCGN_ADRA2C	Transcriptional Regulation by RUNX2	10	302	55	2922	1.759	5.186e-02	1.256e-01	0	0
A-PEP.SCGN_ADRA2C	Ion Homeostasis	6	302	27	2922	2.150	5.303e-02	1.281e-01	0	0
A-PEP.SCGN_ADRA2C	Generic Transcription Pathway	46	302	355	2922	1.254	5.358e-02	1.284e-01	0	0
A-PEP.SCGN_ADRA2C	Signaling by the B Cell Receptor (BCR)	9	302	48	2922	1.814	5.362e-02	1.284e-01	0	0
A-PEP.SCGN_ADRA2C	Interleukin-1 Family Signaling	11	302	63	2922	1.689	5.493e-02	1.284e-01	0	0
A-PEP.SCGN_ADRA2C	Adrenoceptors	2	302	4	2922	4.838	5.548e-02	1.284e-01	0	0
A-PEP.SCGN_ADRA2C	Axonal Growth Inhibition (RHOA Activation)	2	302	4	2922	4.838	5.548e-02	1.284e-01	0	0
A-PEP.SCGN_ADRA2C	Calcineurin Activates NFAT	2	302	4	2922	4.838	5.548e-02	1.284e-01	0	0
A-PEP.SCGN_ADRA2C	FBXW7 Mutants and NOTCH1 in Cancer	2	302	4	2922	4.838	5.548e-02	1.284e-01	0	0
A-PEP.SCGN_ADRA2C	Heme Degradation	2	302	4	2922	4.838	5.548e-02	1.284e-01	0	0
A-PEP.SCGN_ADRA2C	Loss of Function of FBXW7 in Cancer and NOTCH1 Signaling	2	302	4	2922	4.838	5.548e-02	1.284e-01	0	0
A-PEP.SCGN_ADRA2C	NADE Modulates Death Signalling	2	302	4	2922	4.838	5.548e-02	1.284e-01	0	0
A-PEP.SCGN_ADRA2C	Neurofascin Interactions	2	302	4	2922	4.838	5.548e-02	1.284e-01	0	0
A-PEP.SCGN_ADRA2C	Sodium Calcium Exchangers	2	302	4	2922	4.838	5.548e-02	1.284e-01	0	0
A-PEP.SCGN_ADRA2C	Tetrahydrobiopterin (BH4) Synthesis. Recycling. Salvage and Regulation	2	302	4	2922	4.838	5.548e-02	1.284e-01	0	0
A-PEP.SCGN_ADRA2C	Toxicity of Botulinum Toxin Type D (botD)	2	302	4	2922	4.838	5.548e-02	1.284e-01	0	0
A-PEP.SCGN_ADRA2C	Toxicity of Botulinum Toxin Type F (botF)	2	302	4	2922	4.838	5.548e-02	1.284e-01	0	0
A-PEP.SCGN_ADRA2C	MyD88 MAL(TIRAP) Cascade Initiated on Plasma Membrane	12	302	71	2922	1.635	5.716e-02	1.284e-01	0	0
A-PEP.SCGN_ADRA2C	Toll Like Receptor 2 (TLR2) Cascade	12	302	71	2922	1.635	5.716e-02	1.284e-01	0	0
A-PEP.SCGN_ADRA2C	Toll Like Receptor TLR1 TLR2 Cascade	12	302	71	2922	1.635	5.716e-02	1.284e-01	0	0
A-PEP.SCGN_ADRA2C	Toll Like Receptor TLR6 TLR2 Cascade	12	302	71	2922	1.635	5.716e-02	1.284e-01	0	0
A-PEP.SCGN_ADRA2C	ALK Mutants Bind TKIs	3	302	9	2922	3.225	5.728e-02	1.284e-01	0	0
A-PEP.SCGN_ADRA2C	Alpha-protein Kinase 1 Signaling Pathway	3	302	9	2922	3.225	5.728e-02	1.284e-01	0	0
A-PEP.SCGN_ADRA2C	Downregulation of ERBB4 Signaling	3	302	9	2922	3.225	5.728e-02	1.284e-01	0	0
A-PEP.SCGN_ADRA2C	ERKs Are Inactivated	3	302	9	2922	3.225	5.728e-02	1.284e-01	0	0
A-PEP.SCGN_ADRA2C	FASTK Family Proteins Regulate Processing and Stability of Mitochondrial RNAs	3	302	9	2922	3.225	5.728e-02	1.284e-01	0	0
A-PEP.SCGN_ADRA2C	Golgi Cisternae Pericentriolar Stack Reorganization	3	302	9	2922	3.225	5.728e-02	1.284e-01	0	0
A-PEP.SCGN_ADRA2C	IRAK2 Mediated Activation of TAK1 Complex	3	302	9	2922	3.225	5.728e-02	1.284e-01	0	0
A-PEP.SCGN_ADRA2C	Metalloprotease DUBs	3	302	9	2922	3.225	5.728e-02	1.284e-01	0	0
A-PEP.SCGN_ADRA2C	ROS and RNS Production in Phagocytes	3	302	9	2922	3.225	5.728e-02	1.284e-01	0	0
A-PEP.SCGN_ADRA2C	Regulation of TBK1. IKKε-mediated Activation of IRF3. IRF7 Upon TLR3 Ligation	3	302	9	2922	3.225	5.728e-02	1.284e-01	0	0
A-PEP.SCGN_ADRA2C	Surfactant Metabolism	3	302	9	2922	3.225	5.728e-02	1.284e-01	0	0
A-PEP.SCGN_ADRA2C	Neuronal System	28	302	201	2922	1.348	5.730e-02	1.284e-01	0	0
A-PEP.SCGN_ADRA2C	Degradation of DVL	5	302	21	2922	2.304	5.804e-02	1.291e-01	0	0
A-PEP.SCGN_ADRA2C	Processing of DNA Double-Strand Break Ends	5	302	21	2922	2.304	5.804e-02	1.291e-01	0	0
A-PEP.SCGN_ADRA2C	SCF(Skp2)-mediated Degradation of P27 P21	5	302	21	2922	2.304	5.804e-02	1.291e-01	0	0
A-PEP.SCGN_ADRA2C	Adrenaline.noradrenaline Inhibits Insulin Secretion	4	302	15	2922	2.580	6.099e-02	1.341e-01	0	0
A-PEP.SCGN_ADRA2C	HDR Through Homologous Recombination (HRR)	4	302	15	2922	2.580	6.099e-02	1.341e-01	0	0
A-PEP.SCGN_ADRA2C	Platelet Calcium Homeostasis	4	302	15	2922	2.580	6.099e-02	1.341e-01	0	0
A-PEP.SCGN_ADRA2C	RNA Polymerase II Pre-transcription Events	4	302	15	2922	2.580	6.099e-02	1.341e-01	0	0
A-PEP.SCGN_ADRA2C	p75NTR Signals via NF-kB	4	302	15	2922	2.580	6.099e-02	1.341e-01	0	0
A-PEP.SCGN_ADRA2C	G Alpha (Z) Signalling Events	6	302	28	2922	2.073	6.188e-02	1.351e-01	0	0
A-PEP.SCGN_ADRA2C	Gene Silencing by RNA	6	302	28	2922	2.073	6.188e-02	1.351e-01	0	0
A-PEP.SCGN_ADRA2C	UCH Proteinases	6	302	28	2922	2.073	6.188e-02	1.351e-01	0	0
A-PEP.SCGN_ADRA2C	Fc Epsilon Receptor (FCERI) Signaling	12	302	72	2922	1.613	6.251e-02	1.362e-01	0	0
A-PEP.SCGN_ADRA2C	TNFR2 Non-Canonical NF-kB Pathway	7	302	35	2922	1.935	6.269e-02	1.363e-01	0	0
A-PEP.SCGN_ADRA2C	Cyclin D Associated Events in G1	5	302	22	2922	2.199	6.902e-02	1.486e-01	0	0
A-PEP.SCGN_ADRA2C	G1 Phase	5	302	22	2922	2.199	6.902e-02	1.486e-01	0	0
A-PEP.SCGN_ADRA2C	N-glycan Trimming in the ER and Calnexin Calreticulin Cycle	5	302	22	2922	2.199	6.902e-02	1.486e-01	0	0
A-PEP.SCGN_ADRA2C	Oncogene Induced Senescence	5	302	22	2922	2.199	6.902e-02	1.486e-01	0	0
A-PEP.SCGN_ADRA2C	ER-Phagosome Pathway	8	302	43	2922	1.800	6.945e-02	1.486e-01	0	0
A-PEP.SCGN_ADRA2C	Extra-nuclear Estrogen Signaling	8	302	43	2922	1.800	6.945e-02	1.486e-01	0	0
A-PEP.SCGN_ADRA2C	PKR-mediated Signaling	8	302	43	2922	1.800	6.945e-02	1.486e-01	0	0
A-PEP.SCGN_ADRA2C	MHC Class II Antigen Presentation	10	302	58	2922	1.668	7.032e-02	1.501e-01	0	0
A-PEP.SCGN_ADRA2C	Signaling by NOTCH4	7	302	36	2922	1.881	7.126e-02	1.514e-01	0	0
A-PEP.SCGN_ADRA2C	Global Genome Nucleotide Excision Repair (GG-NER)	6	302	29	2922	2.002	7.155e-02	1.514e-01	0	0
A-PEP.SCGN_ADRA2C	Golgi Associated Vesicle Biogenesis	6	302	29	2922	2.002	7.155e-02	1.514e-01	0	0
A-PEP.SCGN_ADRA2C	Regulation of APC C Activators Between G1 S and Early Anaphase	6	302	29	2922	2.002	7.155e-02	1.514e-01	0	0
A-PEP.SCGN_ADRA2C	VEGFA-VEGFR2 Pathway	11	302	66	2922	1.613	7.268e-02	1.534e-01	0	0
A-PEP.SCGN_ADRA2C	Opioid Signalling	9	302	51	2922	1.707	7.413e-02	1.544e-01	0	0
A-PEP.SCGN_ADRA2C	Activated TAK1 Mediates P38 MAPK Activation	4	302	16	2922	2.419	7.495e-02	1.544e-01	0	0
A-PEP.SCGN_ADRA2C	JNK (c-Jun Kinases) Phosphorylation and Activation Mediated by Activated Human TAK1	4	302	16	2922	2.419	7.495e-02	1.544e-01	0	0
A-PEP.SCGN_ADRA2C	NOTCH2 Activation and Transmission of Signal to the Nucleus	4	302	16	2922	2.419	7.495e-02	1.544e-01	0	0
A-PEP.SCGN_ADRA2C	Peroxisomal Protein Import	4	302	16	2922	2.419	7.495e-02	1.544e-01	0	0
A-PEP.SCGN_ADRA2C	Thrombin Signalling Through Proteinase Activated Receptors (PARs)	4	302	16	2922	2.419	7.495e-02	1.544e-01	0	0
A-PEP.SCGN_ADRA2C	Translation of Structural Proteins 9683701	4	302	16	2922	2.419	7.495e-02	1.544e-01	0	0
A-PEP.SCGN_ADRA2C	Advanced Glycosylation Endproduct Receptor Signaling	3	302	10	2922	2.903	7.575e-02	1.544e-01	0	0
A-PEP.SCGN_ADRA2C	Citric Acid Cycle (TCA Cycle)	3	302	10	2922	2.903	7.575e-02	1.544e-01	0	0
A-PEP.SCGN_ADRA2C	InlB-mediated Entry of Listeria Monocytogenes Into Host Cell	3	302	10	2922	2.903	7.575e-02	1.544e-01	0	0
A-PEP.SCGN_ADRA2C	Mitochondrial RNA Degradation	3	302	10	2922	2.903	7.575e-02	1.544e-01	0	0
A-PEP.SCGN_ADRA2C	Nef-mediates Down Modulation of Cell Surface Receptors by Recruiting Them to Clathrin Adapters	3	302	10	2922	2.903	7.575e-02	1.544e-01	0	0
A-PEP.SCGN_ADRA2C	Regulation of NF-kappa B Signaling	3	302	10	2922	2.903	7.575e-02	1.544e-01	0	0
A-PEP.SCGN_ADRA2C	TICAM1-dependent Activation of IRF3 IRF7	3	302	10	2922	2.903	7.575e-02	1.544e-01	0	0
A-PEP.SCGN_ADRA2C	mTORC1-mediated Signalling	3	302	10	2922	2.903	7.575e-02	1.544e-01	0	0
A-PEP.SCGN_ADRA2C	tRNA Processing in the Mitochondrion	3	302	10	2922	2.903	7.575e-02	1.544e-01	0	0
A-PEP.SCGN_ADRA2C	C-type Lectin Receptors (CLRs)	10	302	59	2922	1.640	7.729e-02	1.572e-01	0	0
A-PEP.SCGN_ADRA2C	DDX58 IFIH1-mediated Induction of Interferon-Alpha Beta	8	302	44	2922	1.759	7.763e-02	1.576e-01	0	0
A-PEP.SCGN_ADRA2C	Transport of Small Molecules	32	302	242	2922	1.279	7.943e-02	1.609e-01	0	0
A-PEP.SCGN_ADRA2C	FCERI Mediated NF-kB Activation	7	302	37	2922	1.830	8.048e-02	1.623e-01	0	0
A-PEP.SCGN_ADRA2C	Synthesis of DNA	7	302	37	2922	1.830	8.048e-02	1.623e-01	0	0
A-PEP.SCGN_ADRA2C	Kinesins	5	302	23	2922	2.103	8.107e-02	1.628e-01	0	0
A-PEP.SCGN_ADRA2C	Negative Regulators of DDX58 IFIH1 Signaling	5	302	23	2922	2.103	8.107e-02	1.628e-01	0	0
A-PEP.SCGN_ADRA2C	APC C-mediated Degradation of Cell Cycle Proteins	6	302	30	2922	1.935	8.204e-02	1.630e-01	0	0
A-PEP.SCGN_ADRA2C	Activation of NF-kappaB in B Cells	6	302	30	2922	1.935	8.204e-02	1.630e-01	0	0
A-PEP.SCGN_ADRA2C	FOXO-mediated Transcription	6	302	30	2922	1.935	8.204e-02	1.630e-01	0	0
A-PEP.SCGN_ADRA2C	Regulation of Mitotic Cell Cycle	6	302	30	2922	1.935	8.204e-02	1.630e-01	0	0
A-PEP.SCGN_ADRA2C	Switching of Origins to a Post-Replicative State	6	302	30	2922	1.935	8.204e-02	1.630e-01	0	0
A-PEP.SCGN_ADRA2C	KEAP1-NFE2L2 Pathway	10	302	60	2922	1.613	8.468e-02	1.664e-01	0	0
A-PEP.SCGN_ADRA2C	CD28 Dependent Vav1 Pathway	2	302	5	2922	3.870	8.625e-02	1.664e-01	0	0
A-PEP.SCGN_ADRA2C	Dissolution of Fibrin Clot	2	302	5	2922	3.870	8.625e-02	1.664e-01	0	0
A-PEP.SCGN_ADRA2C	Estrogen-stimulated Signaling Through PRKCZ	2	302	5	2922	3.870	8.625e-02	1.664e-01	0	0
A-PEP.SCGN_ADRA2C	Formation of Apoptosome	2	302	5	2922	3.870	8.625e-02	1.664e-01	0	0
A-PEP.SCGN_ADRA2C	Inactivation of CDC42 and RAC1	2	302	5	2922	3.870	8.625e-02	1.664e-01	0	0
A-PEP.SCGN_ADRA2C	Induction of Cell-Cell Fusion	2	302	5	2922	3.870	8.625e-02	1.664e-01	0	0
A-PEP.SCGN_ADRA2C	Integration of Provirus	2	302	5	2922	3.870	8.625e-02	1.664e-01	0	0
A-PEP.SCGN_ADRA2C	Nef Mediated CD8 Down-regulation	2	302	5	2922	3.870	8.625e-02	1.664e-01	0	0
A-PEP.SCGN_ADRA2C	Regulation of the Apoptosome Activity	2	302	5	2922	3.870	8.625e-02	1.664e-01	0	0
A-PEP.SCGN_ADRA2C	Scavenging by Class F Receptors	2	302	5	2922	3.870	8.625e-02	1.664e-01	0	0
A-PEP.SCGN_ADRA2C	Suppression of Apoptosis	2	302	5	2922	3.870	8.625e-02	1.664e-01	0	0
A-PEP.SCGN_ADRA2C	TGFBR3 Regulates TGF-beta Signaling	2	302	5	2922	3.870	8.625e-02	1.664e-01	0	0
A-PEP.SCGN_ADRA2C	p75NTR Regulates Axonogenesis	2	302	5	2922	3.870	8.625e-02	1.664e-01	0	0
A-PEP.SCGN_ADRA2C	P75 NTR Receptor-Mediated Signalling	8	302	45	2922	1.720	8.637e-02	1.664e-01	0	0
A-PEP.SCGN_ADRA2C	HCMV Early Events	7	302	38	2922	1.782	9.037e-02	1.717e-01	0	0
A-PEP.SCGN_ADRA2C	Binding and Uptake of Ligands by Scavenger Receptors	4	302	17	2922	2.277	9.038e-02	1.717e-01	0	0
A-PEP.SCGN_ADRA2C	Constitutive Signaling by Ligand-Responsive EGFR Cancer Variants	4	302	17	2922	2.277	9.038e-02	1.717e-01	0	0
A-PEP.SCGN_ADRA2C	IKK Complex Recruitment Mediated by RIP1	4	302	17	2922	2.277	9.038e-02	1.717e-01	0	0
A-PEP.SCGN_ADRA2C	Regulation of Activated PAK-2p34 by Proteasome Mediated Degradation	4	302	17	2922	2.277	9.038e-02	1.717e-01	0	0
A-PEP.SCGN_ADRA2C	Signaling by Ligand-Responsive EGFR Variants in Cancer	4	302	17	2922	2.277	9.038e-02	1.717e-01	0	0
A-PEP.SCGN_ADRA2C	VEGFR2 Mediated Vascular Permeability	4	302	17	2922	2.277	9.038e-02	1.717e-01	0	0
A-PEP.SCGN_ADRA2C	Hedgehog 'On' State	6	302	31	2922	1.873	9.334e-02	1.758e-01	0	0
A-PEP.SCGN_ADRA2C	Toll Like Receptor 3 (TLR3) Cascade	11	302	69	2922	1.542	9.374e-02	1.758e-01	0	0
A-PEP.SCGN_ADRA2C	ADORA2B Mediated Anti-Inflammatory Cytokines Production	5	302	24	2922	2.016	9.416e-02	1.758e-01	0	0
A-PEP.SCGN_ADRA2C	E3 Ubiquitin Ligases Ubiquitinate Target Proteins	5	302	24	2922	2.016	9.416e-02	1.758e-01	0	0
A-PEP.SCGN_ADRA2C	HDR Through Homologous Recombination (HRR) or Single Strand Annealing (SSA)	5	302	24	2922	2.016	9.416e-02	1.758e-01	0	0
A-PEP.SCGN_ADRA2C	Oxygen-dependent Proline Hydroxylation of Hypoxia-inducible Factor Alpha	5	302	24	2922	2.016	9.416e-02	1.758e-01	0	0
A-PEP.SCGN_ADRA2C	Signaling by FGFR3	5	302	24	2922	2.016	9.416e-02	1.758e-01	0	0
A-PEP.SCGN_ADRA2C	Signaling by FGFR4	5	302	24	2922	2.016	9.416e-02	1.758e-01	0	0
A-PEP.SCGN_ADRA2C	TAK1-dependent IKK and NF-kappa-B Activation	5	302	24	2922	2.016	9.416e-02	1.758e-01	0	0
A-PEP.SCGN_ADRA2C	Adaptive Immune System	37	302	290	2922	1.234	9.466e-02	1.764e-01	0	0
A-PEP.SCGN_ADRA2C	Attachment and Entry 9694614	3	302	11	2922	2.639	9.647e-02	1.773e-01	0	0
A-PEP.SCGN_ADRA2C	Constitutive Signaling by NOTCH1 HD Domain Mutants	3	302	11	2922	2.639	9.647e-02	1.773e-01	0	0
A-PEP.SCGN_ADRA2C	Endosomal Sorting Complex Required For Transport (ESCRT)	3	302	11	2922	2.639	9.647e-02	1.773e-01	0	0
A-PEP.SCGN_ADRA2C	Negative Regulation of FLT3	3	302	11	2922	2.639	9.647e-02	1.773e-01	0	0
A-PEP.SCGN_ADRA2C	Regulation of TP53 Activity Through Methylation	3	302	11	2922	2.639	9.647e-02	1.773e-01	0	0
A-PEP.SCGN_ADRA2C	Signaling by NOTCH1 HD Domain Mutants in Cancer	3	302	11	2922	2.639	9.647e-02	1.773e-01	0	0
A-PEP.SCGN_ADRA2C	rRNA Processing in the Mitochondrion	3	302	11	2922	2.639	9.647e-02	1.773e-01	0	0
A-PEP.SCGN_ADRA2C	DNA Replication	7	302	39	2922	1.737	1.009e-01	1.846e-01	0	0
A-PEP.SCGN_ADRA2C	Semaphorin Interactions	7	302	39	2922	1.737	1.009e-01	1.846e-01	0	0
A-PEP.SCGN_ADRA2C	ESR-mediated Signaling	13	302	86	2922	1.463	1.010e-01	1.846e-01	0	0
A-PEP.SCGN_ADRA2C	Regulation of TP53 Activity Through Phosphorylation	6	302	32	2922	1.814	1.054e-01	1.912e-01	0	0
A-PEP.SCGN_ADRA2C	Sensory Processing of Sound by Inner Hair Cells of the Cochlea	6	302	32	2922	1.814	1.054e-01	1.912e-01	0	0
A-PEP.SCGN_ADRA2C	MAPK1 MAPK3 Signaling	18	302	128	2922	1.361	1.054e-01	1.912e-01	0	0
A-PEP.SCGN_ADRA2C	Immunoregulatory Interactions Between a Lymphoid and a non-Lymphoid Cell	4	302	18	2922	2.150	1.072e-01	1.912e-01	0	0
A-PEP.SCGN_ADRA2C	Insertion of Tail-Anchored Proteins Into the Endoplasmic Reticulum Membrane	4	302	18	2922	2.150	1.072e-01	1.912e-01	0	0
A-PEP.SCGN_ADRA2C	RAB Geranylgeranylation	4	302	18	2922	2.150	1.072e-01	1.912e-01	0	0
A-PEP.SCGN_ADRA2C	RHOH GTPase Cycle	4	302	18	2922	2.150	1.072e-01	1.912e-01	0	0
A-PEP.SCGN_ADRA2C	Signaling by NOTCH2	4	302	18	2922	2.150	1.072e-01	1.912e-01	0	0
A-PEP.SCGN_ADRA2C	Ubiquitin Mediated Degradation of Phosphorylated Cdc25A	4	302	18	2922	2.150	1.072e-01	1.912e-01	0	0
A-PEP.SCGN_ADRA2C	p53-Independent DNA Damage Response	4	302	18	2922	2.150	1.072e-01	1.912e-01	0	0
A-PEP.SCGN_ADRA2C	p53-Independent G1 S DNA Damage Checkpoint	4	302	18	2922	2.150	1.072e-01	1.912e-01	0	0
A-PEP.SCGN_ADRA2C	Factors Involved in Megakaryocyte Development and Platelet Production	9	302	55	2922	1.583	1.081e-01	1.912e-01	0	0
A-PEP.SCGN_ADRA2C	Epigenetic Regulation of Adipogenesis Genes by MLL3 and MLL4 Complexes	5	302	25	2922	1.935	1.083e-01	1.912e-01	0	0
A-PEP.SCGN_ADRA2C	Epigenetic Regulation of Gene Expression by MLL3 and MLL4 Complexes	5	302	25	2922	1.935	1.083e-01	1.912e-01	0	0
A-PEP.SCGN_ADRA2C	HSF1-dependent Transactivation	5	302	25	2922	1.935	1.083e-01	1.912e-01	0	0
A-PEP.SCGN_ADRA2C	Homology Directed Repair	5	302	25	2922	1.935	1.083e-01	1.912e-01	0	0
A-PEP.SCGN_ADRA2C	MLL4 and MLL3 Complexes Regulate Expression of PPARG Targets in Adipogenesis and Hepatic Steatosis	5	302	25	2922	1.935	1.083e-01	1.912e-01	0	0
A-PEP.SCGN_ADRA2C	RUNX1 Regulates Transcription of Genes Involved in Differentiation of HSCs	5	302	25	2922	1.935	1.083e-01	1.912e-01	0	0
A-PEP.SCGN_ADRA2C	Muscle Contraction	12	302	79	2922	1.470	1.092e-01	1.921e-01	0	0
A-PEP.SCGN_ADRA2C	Beta-catenin Independent WNT Signaling	10	302	63	2922	1.536	1.093e-01	1.921e-01	0	0
A-PEP.SCGN_ADRA2C	Separation of Sister Chromatids	10	302	63	2922	1.536	1.093e-01	1.921e-01	0	0
A-PEP.SCGN_ADRA2C	Resolution of Sister Chromatid Cohesion	7	302	40	2922	1.693	1.121e-01	1.965e-01	0	0
A-PEP.SCGN_ADRA2C	G Alpha (S) Signalling Events	8	302	48	2922	1.613	1.159e-01	2.010e-01	0	0
A-PEP.SCGN_ADRA2C	Mitochondrial Biogenesis	8	302	48	2922	1.613	1.159e-01	2.010e-01	0	0
A-PEP.SCGN_ADRA2C	Platelet Degranulation	9	302	56	2922	1.555	1.178e-01	2.010e-01	0	0
A-PEP.SCGN_ADRA2C	Sensory Processing of Sound	6	302	33	2922	1.759	1.183e-01	2.010e-01	0	0
A-PEP.SCGN_ADRA2C	APC-Cdc20 Mediated Degradation of Nek2A	3	302	12	2922	2.419	1.192e-01	2.010e-01	0	0
A-PEP.SCGN_ADRA2C	IRAK2 Mediated Activation of TAK1 Complex Upon TLR7 8 or 9 Stimulation	3	302	12	2922	2.419	1.192e-01	2.010e-01	0	0
A-PEP.SCGN_ADRA2C	NFE2L2 Regulating Anti-Oxidant Detoxification Enzymes	3	302	12	2922	2.419	1.192e-01	2.010e-01	0	0
A-PEP.SCGN_ADRA2C	Other Interleukin Signaling	3	302	12	2922	2.419	1.192e-01	2.010e-01	0	0
A-PEP.SCGN_ADRA2C	Regulation of TBK1. IKKε (IKBKE)-mediated Activation of IRF3. IRF7	3	302	12	2922	2.419	1.192e-01	2.010e-01	0	0
A-PEP.SCGN_ADRA2C	The NLRP3 Inflammasome	3	302	12	2922	2.419	1.192e-01	2.010e-01	0	0
A-PEP.SCGN_ADRA2C	WNT5A-dependent Internalization of FZD4	3	302	12	2922	2.419	1.192e-01	2.010e-01	0	0
A-PEP.SCGN_ADRA2C	ARMS-mediated Activation	2	302	6	2922	3.225	1.208e-01	2.010e-01	0	0
A-PEP.SCGN_ADRA2C	Activated NTRK2 Signals Through CDK5	2	302	6	2922	3.225	1.208e-01	2.010e-01	0	0
A-PEP.SCGN_ADRA2C	Activation of RAC1 Downstream of NMDARs	2	302	6	2922	3.225	1.208e-01	2.010e-01	0	0
A-PEP.SCGN_ADRA2C	CLEC7A (Dectin-1) Induces NFAT Activation	2	302	6	2922	3.225	1.208e-01	2.010e-01	0	0
A-PEP.SCGN_ADRA2C	Condensation of Prophase Chromosomes	2	302	6	2922	3.225	1.208e-01	2.010e-01	0	0
A-PEP.SCGN_ADRA2C	Cytochrome C-Mediated Apoptotic Response	2	302	6	2922	3.225	1.208e-01	2.010e-01	0	0
A-PEP.SCGN_ADRA2C	Early Phase of HIV Life Cycle	2	302	6	2922	3.225	1.208e-01	2.010e-01	0	0
A-PEP.SCGN_ADRA2C	Endosomal Vacuolar Pathway	2	302	6	2922	3.225	1.208e-01	2.010e-01	0	0
A-PEP.SCGN_ADRA2C	Maturation of TCA Enzymes and Regulation of TCA Cycle	2	302	6	2922	3.225	1.208e-01	2.010e-01	0	0
A-PEP.SCGN_ADRA2C	Metabolism of Cofactors	2	302	6	2922	3.225	1.208e-01	2.010e-01	0	0
A-PEP.SCGN_ADRA2C	Metabolism of Porphyrins	2	302	6	2922	3.225	1.208e-01	2.010e-01	0	0
A-PEP.SCGN_ADRA2C	Nucleotide-like (Purinergic) Receptors	2	302	6	2922	3.225	1.208e-01	2.010e-01	0	0
A-PEP.SCGN_ADRA2C	Protein Hydroxylation	2	302	6	2922	3.225	1.208e-01	2.010e-01	0	0
A-PEP.SCGN_ADRA2C	RSK Activation	2	302	6	2922	3.225	1.208e-01	2.010e-01	0	0
A-PEP.SCGN_ADRA2C	Regulation of MITF-M-dependent Genes Involved in Lysosome Biogenesis and Autophagy	2	302	6	2922	3.225	1.208e-01	2.010e-01	0	0
A-PEP.SCGN_ADRA2C	Signaling by LTK in Cancer	2	302	6	2922	3.225	1.208e-01	2.010e-01	0	0
A-PEP.SCGN_ADRA2C	Uptake and Function of Diphtheria Toxin	2	302	6	2922	3.225	1.208e-01	2.010e-01	0	0
A-PEP.SCGN_ADRA2C	eNOS Activation	2	302	6	2922	3.225	1.208e-01	2.010e-01	0	0
A-PEP.SCGN_ADRA2C	APC C Cdc20 Mediated Degradation of Mitotic Proteins	5	302	26	2922	1.861	1.233e-01	2.038e-01	0	0
A-PEP.SCGN_ADRA2C	Activation of APC C and APC C Cdc20 Mediated Degradation of Mitotic Proteins	5	302	26	2922	1.861	1.233e-01	2.038e-01	0	0
A-PEP.SCGN_ADRA2C	Amyloid Fiber Formation	5	302	26	2922	1.861	1.233e-01	2.038e-01	0	0
A-PEP.SCGN_ADRA2C	Transcriptional Activity of SMAD2 SMAD3 SMAD4 Heterotrimer	5	302	26	2922	1.861	1.233e-01	2.038e-01	0	0
A-PEP.SCGN_ADRA2C	Autodegradation of the E3 Ubiquitin Ligase COP1	4	302	19	2922	2.037	1.253e-01	2.042e-01	0	0
A-PEP.SCGN_ADRA2C	DNA Damage Recognition in GG-NER	4	302	19	2922	2.037	1.253e-01	2.042e-01	0	0
A-PEP.SCGN_ADRA2C	Degradation of AXIN	4	302	19	2922	2.037	1.253e-01	2.042e-01	0	0
A-PEP.SCGN_ADRA2C	NOD1 2 Signaling Pathway	4	302	19	2922	2.037	1.253e-01	2.042e-01	0	0
A-PEP.SCGN_ADRA2C	RHOV GTPase Cycle	4	302	19	2922	2.037	1.253e-01	2.042e-01	0	0
A-PEP.SCGN_ADRA2C	Regulation of Apoptosis	4	302	19	2922	2.037	1.253e-01	2.042e-01	0	0
A-PEP.SCGN_ADRA2C	Signaling by EGFR in Cancer	4	302	19	2922	2.037	1.253e-01	2.042e-01	0	0
A-PEP.SCGN_ADRA2C	Ubiquitin-dependent Degradation of Cyclin D	4	302	19	2922	2.037	1.253e-01	2.042e-01	0	0
A-PEP.SCGN_ADRA2C	Cilium Assembly	12	302	81	2922	1.433	1.255e-01	2.043e-01	0	0
A-PEP.SCGN_ADRA2C	Antigen processing-Cross Presentation	8	302	49	2922	1.580	1.268e-01	2.051e-01	0	0
A-PEP.SCGN_ADRA2C	Oncogenic MAPK Signaling	8	302	49	2922	1.580	1.268e-01	2.051e-01	0	0
A-PEP.SCGN_ADRA2C	MyD88-independent TLR4 Cascade	11	302	73	2922	1.458	1.270e-01	2.051e-01	0	0
A-PEP.SCGN_ADRA2C	TRIF (TICAM1)-mediated TLR4 Signaling	11	302	73	2922	1.458	1.270e-01	2.051e-01	0	0
A-PEP.SCGN_ADRA2C	RNA Polymerase II Transcription	46	302	379	2922	1.174	1.271e-01	2.051e-01	0	0
A-PEP.SCGN_ADRA2C	Plasma Lipoprotein Assembly. Remodeling. and Clearance	6	302	34	2922	1.707	1.319e-01	2.121e-01	0	0
A-PEP.SCGN_ADRA2C	Translation of Structural Proteins 9694635	6	302	34	2922	1.707	1.319e-01	2.121e-01	0	0
A-PEP.SCGN_ADRA2C	DNA Repair	12	302	82	2922	1.416	1.342e-01	2.147e-01	0	0
A-PEP.SCGN_ADRA2C	Mitotic Anaphase	12	302	82	2922	1.416	1.342e-01	2.147e-01	0	0
A-PEP.SCGN_ADRA2C	Mitotic Metaphase and Anaphase	12	302	82	2922	1.416	1.342e-01	2.147e-01	0	0
A-PEP.SCGN_ADRA2C	Signaling by NOTCH1	7	302	42	2922	1.613	1.363e-01	2.177e-01	0	0
A-PEP.SCGN_ADRA2C	Cytosolic Sensors of Pathogen-Associated DNA	5	302	27	2922	1.792	1.393e-01	2.217e-01	0	0
A-PEP.SCGN_ADRA2C	Regulation of RAS by GAPs	5	302	27	2922	1.792	1.393e-01	2.217e-01	0	0
A-PEP.SCGN_ADRA2C	RAF MAP Kinase Cascade	17	302	125	2922	1.316	1.418e-01	2.254e-01	0	0
A-PEP.SCGN_ADRA2C	DARPP-32 Events	3	302	13	2922	2.233	1.437e-01	2.261e-01	0	0
A-PEP.SCGN_ADRA2C	ER Quality Control Compartment (ERQC)	3	302	13	2922	2.233	1.437e-01	2.261e-01	0	0
A-PEP.SCGN_ADRA2C	LDL Clearance	3	302	13	2922	2.233	1.437e-01	2.261e-01	0	0
A-PEP.SCGN_ADRA2C	NPAS4 Regulates Expression of Target Genes	3	302	13	2922	2.233	1.437e-01	2.261e-01	0	0
A-PEP.SCGN_ADRA2C	Respiratory Syncytial Virus (RSV) Genome Replication. Transcription and Translation	3	302	13	2922	2.233	1.437e-01	2.261e-01	0	0
A-PEP.SCGN_ADRA2C	TRAF6-mediated Induction of TAK1 Complex Within TLR4 Complex	3	302	13	2922	2.233	1.437e-01	2.261e-01	0	0
A-PEP.SCGN_ADRA2C	FLT3 Signaling in Disease	4	302	20	2922	1.935	1.446e-01	2.267e-01	0	0
A-PEP.SCGN_ADRA2C	TP53 Regulates Transcription of DNA Repair Genes	4	302	20	2922	1.935	1.446e-01	2.267e-01	0	0
A-PEP.SCGN_ADRA2C	Stimuli-sensing Channels	6	302	35	2922	1.659	1.462e-01	2.290e-01	0	0
A-PEP.SCGN_ADRA2C	G1 S Transition	7	302	43	2922	1.575	1.493e-01	2.333e-01	0	0
A-PEP.SCGN_ADRA2C	Response to Elevated Platelet Cytosolic Ca2+	9	302	59	2922	1.476	1.495e-01	2.333e-01	0	0
A-PEP.SCGN_ADRA2C	Neurotransmitter Receptors and Postsynaptic Signal Transmission	16	302	118	2922	1.312	1.537e-01	2.393e-01	0	0
A-PEP.SCGN_ADRA2C	Gene Expression (Transcription)	51	302	431	2922	1.145	1.538e-01	2.393e-01	0	0
A-PEP.SCGN_ADRA2C	Signaling by NTRK1 (TRKA)	11	302	76	2922	1.400	1.557e-01	2.409e-01	0	0
A-PEP.SCGN_ADRA2C	Cellular Response to Hypoxia	5	302	28	2922	1.728	1.561e-01	2.409e-01	0	0
A-PEP.SCGN_ADRA2C	NOTCH1 Intracellular Domain Regulates Transcription	5	302	28	2922	1.728	1.561e-01	2.409e-01	0	0
A-PEP.SCGN_ADRA2C	Amine Ligand-Binding Receptors	2	302	7	2922	2.764	1.579e-01	2.409e-01	0	0
A-PEP.SCGN_ADRA2C	IFNG Signaling Activates MAPKs	2	302	7	2922	2.764	1.579e-01	2.409e-01	0	0
A-PEP.SCGN_ADRA2C	IL-6-type Cytokine Receptor Ligand Interactions	2	302	7	2922	2.764	1.579e-01	2.409e-01	0	0
A-PEP.SCGN_ADRA2C	Metabolism of Nitric Oxide NOS3 Activation and Regulation	2	302	7	2922	2.764	1.579e-01	2.409e-01	0	0
A-PEP.SCGN_ADRA2C	Nef Mediated CD4 Down-regulation	2	302	7	2922	2.764	1.579e-01	2.409e-01	0	0
A-PEP.SCGN_ADRA2C	Prolactin Receptor Signaling	2	302	7	2922	2.764	1.579e-01	2.409e-01	0	0
A-PEP.SCGN_ADRA2C	Rap1 Signalling	2	302	7	2922	2.764	1.579e-01	2.409e-01	0	0
A-PEP.SCGN_ADRA2C	Repression of WNT Target Genes	2	302	7	2922	2.764	1.579e-01	2.409e-01	0	0
A-PEP.SCGN_ADRA2C	Signal Attenuation	2	302	7	2922	2.764	1.579e-01	2.409e-01	0	0
A-PEP.SCGN_ADRA2C	Sensory Perception	10	302	68	2922	1.423	1.586e-01	2.415e-01	0	0
A-PEP.SCGN_ADRA2C	TCF Dependent Signaling in Response to WNT	9	302	60	2922	1.451	1.609e-01	2.436e-01	0	0
A-PEP.SCGN_ADRA2C	EML4 and NUDC in Mitotic Spindle Formation	6	302	36	2922	1.613	1.612e-01	2.436e-01	0	0
A-PEP.SCGN_ADRA2C	Signaling by EGFR	6	302	36	2922	1.613	1.612e-01	2.436e-01	0	0
A-PEP.SCGN_ADRA2C	Signaling by ERBB2	6	302	36	2922	1.613	1.612e-01	2.436e-01	0	0
A-PEP.SCGN_ADRA2C	trans-Golgi Network Vesicle Budding	6	302	36	2922	1.613	1.612e-01	2.436e-01	0	0
A-PEP.SCGN_ADRA2C	Signaling by NTRKs	12	302	85	2922	1.366	1.621e-01	2.444e-01	0	0
A-PEP.SCGN_ADRA2C	EPH-Ephrin Signaling	8	302	52	2922	1.489	1.625e-01	2.444e-01	0	0
A-PEP.SCGN_ADRA2C	Mitotic G1 Phase and G1 S Transition	8	302	52	2922	1.489	1.625e-01	2.444e-01	0	0
A-PEP.SCGN_ADRA2C	CREB1 Phosphorylation Through NMDA Receptor-Mediated Activation of RAS Signaling	4	302	21	2922	1.843	1.649e-01	2.461e-01	0	0
A-PEP.SCGN_ADRA2C	Ion Transport by P-type ATPases	4	302	21	2922	1.843	1.649e-01	2.461e-01	0	0
A-PEP.SCGN_ADRA2C	Recruitment and ATM-med Phosphorylation of Repair and Signaling Proteins at DNA Double Strand Breaks	4	302	21	2922	1.843	1.649e-01	2.461e-01	0	0
A-PEP.SCGN_ADRA2C	Stabilization of P53	4	302	21	2922	1.843	1.649e-01	2.461e-01	0	0
A-PEP.SCGN_ADRA2C	Transcriptional Regulation by NPAS4	4	302	21	2922	1.843	1.649e-01	2.461e-01	0	0
A-Propr.EPHA3	Neuronal System	46	326	201	2922	2.051	5.989e-07	4.851e-04	1	0
A-Propr.EPHA3	Transmission Across Chemical Synapses	36	326	153	2922	2.109	5.805e-06	2.351e-03	0	0
A-Propr.EPHA3	Neurotransmitter Receptors and Postsynaptic Signal Transmission	29	326	118	2922	2.203	2.066e-05	5.579e-03	0	0
A-Propr.EPHA3	Generation of Second Messenger Molecules	7	326	11	2922	5.704	4.485e-05	9.082e-03	1	0
A-Propr.EPHA3	Netrin-1 Signaling	8	326	18	2922	3.984	3.525e-04	5.633e-02	0	0
A-Propr.EPHA3	Regulation of TP53 Activity Through Phosphorylation	11	326	32	2922	3.081	4.172e-04	5.633e-02	0	0
A-Propr.EPHA3	Translocation of ZAP-70 to Immunological Synapse	4	326	5	2922	7.171	6.948e-04	6.357e-02	0	0
A-Propr.EPHA3	DCC Mediated Attractive Signaling	5	326	8	2922	5.602	7.063e-04	6.357e-02	0	0
A-Propr.EPHA3	PD-1 Signaling	5	326	8	2922	5.602	7.063e-04	6.357e-02	0	0
A-Propr.EPHA3	Activation of NMDA Receptors and Postsynaptic Events	16	326	62	2922	2.313	8.840e-04	6.954e-02	0	0
A-Propr.EPHA3	Nephrin Family Interactions	7	326	16	2922	3.921	9.444e-04	6.954e-02	0	0
A-Propr.EPHA3	Costimulation by the CD28 Family	10	326	31	2922	2.891	1.343e-03	9.068e-02	0	0
A-Propr.EPHA3	Post NMDA Receptor Activation Events	14	326	55	2922	2.282	2.125e-03	1.324e-01	0	0
A-Propr.HAPLN4	Aerobic Respiration and Respiratory Electron Transport	53	314	104	2922	4.742	8.773e-26	7.159e-23	1	0
A-Propr.HAPLN4	Respiratory Electron Transport	40	314	65	2922	5.727	9.835e-24	4.013e-21	0	0
A-Propr.HAPLN4	Complex I Biogenesis	22	314	33	2922	6.204	1.576e-14	4.286e-12	1	0
A-Propr.HAPLN4	Mitochondrial Protein Degradation	21	314	52	2922	3.758	2.028e-08	4.138e-06	1	0
A-Propr.HAPLN4	Complex III Assembly	7	314	11	2922	5.922	3.496e-05	5.705e-03	1	0
A-Propr.HAPLN4	VLDLR Internalisation and Degradation	8	314	15	2922	4.963	5.330e-05	6.058e-03	1	0
A-Propr.HAPLN4	Plasma Lipoprotein Clearance	10	314	23	2922	4.046	5.675e-05	6.058e-03	0	0
A-Propr.HAPLN4	Pyruvate Metabolism	9	314	19	2922	4.408	5.939e-05	6.058e-03	0	0
A-Propr.HAPLN4	Host Interactions of HIV Factors	16	314	53	2922	2.809	7.817e-05	7.088e-03	0	0
A-Propr.HAPLN4	Mitochondrial Protein Import	10	314	24	2922	3.877	8.813e-05	7.192e-03	0	0
A-Propr.HAPLN4	Plasma Lipoprotein Assembly. Remodeling. and Clearance	12	314	34	2922	3.284	1.184e-04	8.783e-03	0	0
A-Propr.HAPLN4	Chaperone Mediated Autophagy	7	314	13	2922	5.011	1.500e-04	9.416e-03	0	0
A-Propr.HAPLN4	Complex IV Assembly	7	314	13	2922	5.011	1.500e-04	9.416e-03	0	0
A-Propr.HAPLN4	MHC Class II Antigen Presentation	16	314	58	2922	2.567	2.543e-04	1.482e-02	0	0
A-Propr.HAPLN4	Transport of Small Molecules	43	314	242	2922	1.653	3.936e-04	2.141e-02	0	0
A-Propr.HAPLN4	Downregulation of ERBB2 ERBB3 Signaling	6	314	11	2922	5.076	4.248e-04	2.167e-02	0	0
A-Propr.HAPLN4	Cellular Response to Chemical Stress	22	314	99	2922	2.068	5.709e-04	2.447e-02	0	0
A-Propr.HAPLN4	Regulation of BACH1 Activity	5	314	8	2922	5.816	5.915e-04	2.447e-02	0	0
A-Propr.HAPLN4	WNT5A-dependent Internalization of FZD2. FZD5 and ROR2	5	314	8	2922	5.816	5.915e-04	2.447e-02	0	0
A-Propr.HAPLN4	Translocation of ZAP-70 to Immunological Synapse	4	314	5	2922	7.445	5.997e-04	2.447e-02	0	0
A-Propr.HAPLN4	Retrograde Neurotrophin Signalling	6	314	12	2922	4.653	7.735e-04	2.869e-02	0	0
A-Propr.HAPLN4	WNT5A-dependent Internalization of FZD4	6	314	12	2922	4.653	7.735e-04	2.869e-02	0	0
A-Propr.HAPLN4	HIV Infection	17	314	72	2922	2.197	1.183e-03	3.783e-02	0	0
A-Propr.HAPLN4	PCP CE Pathway	11	314	37	2922	2.767	1.209e-03	3.783e-02	0	0
A-Propr.HAPLN4	Formation of Annular Gap Junctions	5	314	9	2922	5.170	1.214e-03	3.783e-02	0	0
A-Propr.HAPLN4	Gluconeogenesis	5	314	9	2922	5.170	1.214e-03	3.783e-02	0	0
A-Propr.HAPLN4	LDL Clearance	6	314	13	2922	4.295	1.308e-03	3.783e-02	0	0
A-Propr.HAPLN4	Late Endosomal Microautophagy	6	314	13	2922	4.295	1.308e-03	3.783e-02	0	0
A-Propr.HAPLN4	Negative Regulation of NOTCH4 Signaling	8	314	22	2922	3.384	1.344e-03	3.783e-02	0	0
A-Propr.HAPLN4	Regulation of Expression of SLITs and ROBOs	19	314	87	2922	2.032	1.683e-03	4.579e-02	0	0
A-Propr.HAPLN4	Protein Localization	15	314	62	2922	2.251	1.760e-03	4.632e-02	0	0
A-Propr.HAPLN4	Eukaryotic Translation Elongation	16	314	69	2922	2.158	2.012e-03	5.131e-02	0	0
A-Propr.HAPLN4	Citric Acid Cycle (TCA Cycle)	5	314	10	2922	4.653	2.216e-03	5.167e-02	0	0
A-Propr.HAPLN4	Gap Junction Degradation	5	314	10	2922	4.653	2.216e-03	5.167e-02	0	0
A-Propr.HAPLN4	Mitochondrial Unfolded Protein Response (UPRmt)	5	314	10	2922	4.653	2.216e-03	5.167e-02	0	0
A-Propr.HAPLN4	Downregulation of ERBB2 Signaling	7	314	19	2922	3.428	2.484e-03	5.265e-02	0	0
A-Propr.HAPLN4	FBXL7 Down-Regulates AURKA During Mitotic Entry and in Early Mitosis	7	314	19	2922	3.428	2.484e-03	5.265e-02	0	0
A-Propr.HAPLN4	Vif-mediated Degradation of APOBEC3G	7	314	19	2922	3.428	2.484e-03	5.265e-02	0	0
A-Propr.HAPLN4	Degradation of GLI1 by the Proteasome	8	314	24	2922	3.102	2.551e-03	5.265e-02	0	0
A-Propr.HAPLN4	EPH-Ephrin Signaling	13	314	52	2922	2.326	2.581e-03	5.265e-02	0	0
A-Propr.HAPLN4	TP53 Regulates Metabolic Genes	12	314	47	2922	2.376	3.101e-03	5.935e-02	0	0
A-Propr.HAPLN4	Regulation of Pyruvate Metabolism	6	314	15	2922	3.722	3.164e-03	5.935e-02	0	0
A-Propr.HAPLN4	Clathrin-mediated Endocytosis	16	314	72	2922	2.068	3.204e-03	5.935e-02	0	0
A-Propr.HAPLN4	Degradation of GLI2 by the Proteasome	8	314	25	2922	2.978	3.407e-03	5.935e-02	0	0
A-Propr.HAPLN4	GLI3 Is Processed to GLI3R by the Proteasome	8	314	25	2922	2.978	3.407e-03	5.935e-02	0	0
A-Propr.HAPLN4	Gap Junction Trafficking	7	314	20	2922	3.257	3.476e-03	5.935e-02	0	0
A-Propr.HAPLN4	Signaling by ROBO Receptors	21	314	106	2922	1.844	3.505e-03	5.935e-02	0	0
A-Propr.HAPLN4	Regulation of FZD by Ubiquitination	4	314	7	2922	5.318	3.518e-03	5.935e-02	0	0
A-Propr.HAPLN4	Basigin Interactions	5	314	11	2922	4.230	3.709e-03	5.935e-02	0	0
A-Propr.HAPLN4	Budding and Maturation of HIV Virion	5	314	11	2922	4.230	3.709e-03	5.935e-02	0	0
A-Propr.HAPLN4	Generation of Second Messenger Molecules	5	314	11	2922	4.230	3.709e-03	5.935e-02	0	0
A-Propr.HAPLN4	Aggrephagy	8	314	26	2922	2.863	4.472e-03	6.158e-02	0	0
A-Propr.HAPLN4	Hedgehog 'Off' State	12	314	49	2922	2.279	4.494e-03	6.158e-02	0	0
A-Propr.HAPLN4	FBXW7 Mutants and NOTCH1 in Cancer	3	314	4	2922	6.979	4.528e-03	6.158e-02	0	0
A-Propr.HAPLN4	Initial Triggering of Complement	3	314	4	2922	6.979	4.528e-03	6.158e-02	0	0
A-Propr.HAPLN4	Loss of Function of FBXW7 in Cancer and NOTCH1 Signaling	3	314	4	2922	6.979	4.528e-03	6.158e-02	0	0
A-Propr.HAPLN4	Malate-aspartate Shuttle	3	314	4	2922	6.979	4.528e-03	6.158e-02	0	0
A-Propr.HAPLN4	Maturation of Protein E 9683683	3	314	4	2922	6.979	4.528e-03	6.158e-02	0	0
A-Propr.HAPLN4	Maturation of Protein E 9694493	3	314	4	2922	6.979	4.528e-03	6.158e-02	0	0
A-Propr.HAPLN4	Modulation by Mtb of Host Immune System	3	314	4	2922	6.979	4.528e-03	6.158e-02	0	0
A-Propr.HAPLN4	Orc1 Removal From Chromatin	7	314	21	2922	3.102	4.743e-03	6.345e-02	0	0
A-Propr.HAPLN4	Ion Channel Transport	14	314	62	2922	2.101	4.904e-03	6.382e-02	0	0
A-Propr.HAPLN4	Autophagy	16	314	75	2922	1.985	4.927e-03	6.382e-02	0	0
A-Propr.HAPLN4	Adaptive Immune System	45	314	290	2922	1.444	5.264e-03	6.684e-02	0	0
A-Propr.HAPLN4	Macroautophagy	15	314	69	2922	2.023	5.324e-03	6.684e-02	0	0
A-Propr.HAPLN4	Infectious Disease	64	314	447	2922	1.332	6.321e-03	7.405e-02	0	0
A-Propr.HAPLN4	GSK3B and BTRC CUL1-mediated-degradation of NFE2L2	7	314	22	2922	2.961	6.329e-03	7.405e-02	0	0
A-Propr.HAPLN4	Gap Junction Trafficking and Regulation	7	314	22	2922	2.961	6.329e-03	7.405e-02	0	0
A-Propr.HAPLN4	Cytoprotection by HMOX1	9	314	33	2922	2.538	6.339e-03	7.405e-02	0	0
A-Propr.HAPLN4	PD-1 Signaling	4	314	8	2922	4.653	6.445e-03	7.405e-02	0	0
A-Propr.HAPLN4	Phosphorylation of CD3 and TCR Zeta Chains	4	314	8	2922	4.653	6.445e-03	7.405e-02	0	0
A-Propr.HAPLN4	Downstream TCR Signaling	11	314	45	2922	2.275	6.534e-03	7.405e-02	0	0
A-Propr.HAPLN4	Translation	23	314	127	2922	1.685	7.366e-03	8.233e-02	0	0
A-Propr.HAPLN4	Selective Autophagy	12	314	52	2922	2.147	7.479e-03	8.247e-02	0	0
A-Propr.HAPLN4	Cellular Responses to Stress	54	314	369	2922	1.362	7.935e-03	8.633e-02	0	0
A-Propr.HAPLN4	Viral Infection Pathways	51	314	345	2922	1.376	8.113e-03	8.710e-02	0	0
A-Propr.HAPLN4	Gene and Protein Expression by JAK-STAT Signaling After Interleukin-12 Stimulation	6	314	18	2922	3.102	8.880e-03	9.290e-02	0	0
A-Propr.HAPLN4	Response of Mtb to Phagocytosis	6	314	18	2922	3.102	8.880e-03	9.290e-02	0	0
A-Propr.HAPLN4	Neddylation	16	314	80	2922	1.861	9.424e-03	9.734e-02	0	0
A-Propr.HAPLN4	TCR Signaling	12	314	54	2922	2.068	1.021e-02	1.033e-01	0	0
A-Propr.HAPLN4	FLT3 Signaling by CBL Mutants	3	314	5	2922	5.583	1.042e-02	1.033e-01	0	0
A-Propr.HAPLN4	Nef Mediated CD8 Down-regulation	3	314	5	2922	5.583	1.042e-02	1.033e-01	0	0
A-Propr.HAPLN4	Assembly Of The HIV Virion	4	314	9	2922	4.136	1.063e-02	1.033e-01	0	0
A-Propr.HAPLN4	Oxygen-dependent Proline Hydroxylation of Hypoxia-inducible Factor Alpha	7	314	24	2922	2.714	1.064e-02	1.033e-01	0	0
A-Propr.HAPLN4	Infection With Mycobacterium Tuberculosis	6	314	19	2922	2.939	1.183e-02	1.085e-01	0	0
A-Propr.HAPLN4	RIPK1-mediated Regulated Necrosis	6	314	19	2922	2.939	1.183e-02	1.085e-01	0	0
A-Propr.HAPLN4	Regulation of Apoptosis	6	314	19	2922	2.939	1.183e-02	1.085e-01	0	0
A-Propr.HAPLN4	Regulation of Necroptotic Cell Death	6	314	19	2922	2.939	1.183e-02	1.085e-01	0	0
A-Propr.HAPLN4	Cargo Recognition for Clathrin-Mediated Endocytosis	12	314	55	2922	2.030	1.184e-02	1.085e-01	0	0
A-Propr.HAPLN4	Bacterial Infection Pathways	11	314	49	2922	2.089	1.268e-02	1.150e-01	0	0
A-Propr.HAPLN4	NIK-->noncanonical NF-kB Signaling	7	314	25	2922	2.606	1.345e-02	1.198e-01	0	0
A-Propr.HAPLN4	Platelet Degranulation	12	314	56	2922	1.994	1.366e-02	1.198e-01	0	0
A-Propr.HAPLN4	Potential Therapeutics for SARS	12	314	56	2922	1.994	1.366e-02	1.198e-01	0	0
A-Propr.HAPLN4	EPH-ephrin Mediated Repulsion of Cells	8	314	31	2922	2.401	1.401e-02	1.203e-01	0	0
A-Propr.HAPLN4	Hedgehog 'On' State	8	314	31	2922	2.401	1.401e-02	1.203e-01	0	0
A-Propr.HAPLN4	SCF-beta-TrCP Mediated Degradation of Emi1	6	314	20	2922	2.792	1.541e-02	1.297e-01	0	0
A-Propr.HAPLN4	Vpu Mediated Degradation of CD4	6	314	20	2922	2.792	1.541e-02	1.297e-01	0	0
A-Propr.HAPLN4	TGF-beta Receptor Signaling in EMT (Epithelial to Mesenchymal Transition)	4	314	10	2922	3.722	1.624e-02	1.343e-01	0	0
A-Propr.HAPLN4	Dectin-1 Mediated Noncanonical NF-kB Signaling	7	314	26	2922	2.505	1.676e-02	1.343e-01	0	0
A-Propr.HAPLN4	Evasion by RSV of Host Interferon Responses	5	314	15	2922	3.102	1.679e-02	1.343e-01	0	0
A-Propr.HAPLN4	MAP3K8 (TPL2)-dependent MAPK1 3 Activation	5	314	15	2922	3.102	1.679e-02	1.343e-01	0	0
A-Propr.HAPLN4	Trafficking of GluR2-containing AMPA Receptors	5	314	15	2922	3.102	1.679e-02	1.343e-01	0	0
A-Propr.HAPLN4	Signaling by Hedgehog	13	314	65	2922	1.861	1.845e-02	1.434e-01	0	0
A-Propr.HAPLN4	Cellular Responses to Stimuli	59	314	427	2922	1.286	1.856e-02	1.434e-01	0	0
A-Propr.HAPLN4	Josephin Domain DUBs	3	314	6	2922	4.653	1.919e-02	1.434e-01	0	0
A-Propr.HAPLN4	Maturation of TCA Enzymes and Regulation of TCA Cycle	3	314	6	2922	4.653	1.919e-02	1.434e-01	0	0
A-Propr.HAPLN4	Myoclonic Epilepsy of Lafora	3	314	6	2922	4.653	1.919e-02	1.434e-01	0	0
A-Propr.HAPLN4	AUF1 (hnRNP D0) Binds and Destabilizes mRNA	6	314	21	2922	2.659	1.968e-02	1.434e-01	0	0
A-Propr.HAPLN4	Degradation of DVL	6	314	21	2922	2.659	1.968e-02	1.434e-01	0	0
A-Propr.HAPLN4	Ion Transport by P-type ATPases	6	314	21	2922	2.659	1.968e-02	1.434e-01	0	0
A-Propr.HAPLN4	PINK1-PRKN Mediated Mitophagy	6	314	21	2922	2.659	1.968e-02	1.434e-01	0	0
A-Propr.HAPLN4	SCF(Skp2)-mediated Degradation of P27 P21	6	314	21	2922	2.659	1.968e-02	1.434e-01	0	0
A-Propr.HAPLN4	RSV-host Interactions	8	314	33	2922	2.256	2.039e-02	1.437e-01	0	0
A-Propr.HAPLN4	Recycling Pathway of L1	8	314	33	2922	2.256	2.039e-02	1.437e-01	0	0
A-Propr.HAPLN4	Response to Elevated Platelet Cytosolic Ca2+	12	314	59	2922	1.893	2.041e-02	1.437e-01	0	0
A-Propr.HAPLN4	Glycolysis	7	314	27	2922	2.413	2.060e-02	1.437e-01	0	0
A-Propr.HAPLN4	Ion Homeostasis	7	314	27	2922	2.413	2.060e-02	1.437e-01	0	0
A-Propr.HAPLN4	Peptide Chain Elongation	13	314	66	2922	1.833	2.082e-02	1.440e-01	0	0
A-Propr.HAPLN4	Detoxification of Reactive Oxygen Species	5	314	16	2922	2.908	2.232e-02	1.531e-01	0	0
A-Propr.HAPLN4	Interleukin-12 Signaling	6	314	22	2922	2.538	2.469e-02	1.633e-01	0	0
A-Propr.HAPLN4	Nervous System Development	42	314	292	2922	1.338	2.494e-02	1.633e-01	0	0
A-Propr.HAPLN4	Cellular Response to Hypoxia	7	314	28	2922	2.326	2.502e-02	1.633e-01	0	0
A-Propr.HAPLN4	Glucose Metabolism	7	314	28	2922	2.326	2.502e-02	1.633e-01	0	0
A-Propr.HAPLN4	Interleukin-12 Family Signaling	7	314	28	2922	2.326	2.502e-02	1.633e-01	0	0
A-Propr.HAPLN4	NOTCH1 Intracellular Domain Regulates Transcription	7	314	28	2922	2.326	2.502e-02	1.633e-01	0	0
A-Propr.HAPLN4	Axon Guidance	40	314	276	2922	1.349	2.538e-02	1.643e-01	0	0
A-Propr.HAPLN4	Respiratory Syncytial Virus Infection Pathway	10	314	48	2922	1.939	2.822e-02	1.799e-01	0	0
A-Propr.HAPLN4	Stimuli-sensing Channels	8	314	35	2922	2.127	2.861e-02	1.799e-01	0	0
A-Propr.HAPLN4	Inactivation of CSF3 (G-CSF) Signaling	5	314	17	2922	2.737	2.892e-02	1.799e-01	0	0
A-Propr.HAPLN4	Regulation of Activated PAK-2p34 by Proteasome Mediated Degradation	5	314	17	2922	2.737	2.892e-02	1.799e-01	0	0
A-Propr.HAPLN4	Regulation of RUNX2 Expression and Activity	7	314	29	2922	2.246	3.005e-02	1.799e-01	0	0
A-Propr.HAPLN4	Glycogen Storage Diseases	3	314	7	2922	3.988	3.095e-02	1.799e-01	0	0
A-Propr.HAPLN4	Glycogen Synthesis	3	314	7	2922	3.988	3.095e-02	1.799e-01	0	0
A-Propr.HAPLN4	Nef Mediated CD4 Down-regulation	3	314	7	2922	3.988	3.095e-02	1.799e-01	0	0
A-Propr.HAPLN4	PTK6 Regulates RTKs and Their Effectors AKT1 and DOK1	3	314	7	2922	3.988	3.095e-02	1.799e-01	0	0
A-Propr.HAPLN4	Plasma Lipoprotein Assembly	3	314	7	2922	3.988	3.095e-02	1.799e-01	0	0
A-Propr.HAPLN4	Prevention of Phagosomal-Lysosomal Fusion	3	314	7	2922	3.988	3.095e-02	1.799e-01	0	0
A-Propr.HAPLN4	Protein Methylation	3	314	7	2922	3.988	3.095e-02	1.799e-01	0	0
A-Propr.HAPLN4	Classical Antibody-Mediated Complement Activation	2	314	3	2922	6.204	3.208e-02	1.799e-01	0	0
A-Propr.HAPLN4	Creatine Metabolism	2	314	3	2922	6.204	3.208e-02	1.799e-01	0	0
A-Propr.HAPLN4	Creation of C4 and C2 Activators	2	314	3	2922	6.204	3.208e-02	1.799e-01	0	0
A-Propr.HAPLN4	GRB7 Events in ERBB2 Signaling	2	314	3	2922	6.204	3.208e-02	1.799e-01	0	0
A-Propr.HAPLN4	Complement Cascade	4	314	12	2922	3.102	3.220e-02	1.799e-01	0	0
A-Propr.HAPLN4	IRAK2 Mediated Activation of TAK1 Complex Upon TLR7 8 or 9 Stimulation	4	314	12	2922	3.102	3.220e-02	1.799e-01	0	0
A-Propr.HAPLN4	Regulation of Complement Cascade	4	314	12	2922	3.102	3.220e-02	1.799e-01	0	0
A-Propr.HAPLN4	Regulation of TBK1. IKKε (IKBKE)-mediated Activation of IRF3. IRF7	4	314	12	2922	3.102	3.220e-02	1.799e-01	0	0
A-Propr.HAPLN4	Degradation of Beta-Catenin by the Destruction Complex	8	314	36	2922	2.068	3.348e-02	1.846e-01	0	0
A-Propr.HAPLN4	Signaling by NOTCH4	8	314	36	2922	2.068	3.348e-02	1.846e-01	0	0
A-Propr.HAPLN4	Antigen Processing Ubiquitination & Proteasome Degradation	19	314	115	2922	1.537	3.503e-02	1.919e-01	0	0
A-Propr.HAPLN4	Switching of Origins to a Post-Replicative State	7	314	30	2922	2.171	3.571e-02	1.941e-01	0	0
A-Propr.HAPLN4	Gamma Carboxylation. Hypusinylation. Hydroxylation. and Arylsulfatase Activation	5	314	18	2922	2.585	3.662e-02	1.941e-01	0	0
A-Propr.HAPLN4	Ubiquitin Mediated Degradation of Phosphorylated Cdc25A	5	314	18	2922	2.585	3.662e-02	1.941e-01	0	0
A-Propr.HAPLN4	p53-Independent DNA Damage Response	5	314	18	2922	2.585	3.662e-02	1.941e-01	0	0
A-Propr.HAPLN4	p53-Independent G1 S DNA Damage Checkpoint	5	314	18	2922	2.585	3.662e-02	1.941e-01	0	0
A-Propr.HAPLN4	FCERI Mediated NF-kB Activation	8	314	37	2922	2.012	3.888e-02	2.047e-01	0	0
A-Propr.HAPLN4	Golgi-to-ER Retrograde Transport	11	314	58	2922	1.765	4.136e-02	2.081e-01	0	0
A-Propr.HAPLN4	Dual Incision in GG-NER	4	314	13	2922	2.863	4.268e-02	2.081e-01	0	0
A-Propr.HAPLN4	TRAF6-mediated Induction of TAK1 Complex Within TLR4 Complex	4	314	13	2922	2.863	4.268e-02	2.081e-01	0	0
A-Propr.HAPLN4	HSF1-dependent Transactivation	6	314	25	2922	2.233	4.456e-02	2.081e-01	0	0
A-Propr.HAPLN4	Mitophagy	6	314	25	2922	2.233	4.456e-02	2.081e-01	0	0
A-Propr.HAPLN4	Metabolism of Carbohydrates	15	314	88	2922	1.586	4.528e-02	2.081e-01	0	0
A-Propr.HAPLN4	Autodegradation of the E3 Ubiquitin Ligase COP1	5	314	19	2922	2.449	4.548e-02	2.081e-01	0	0
A-Propr.HAPLN4	DNA Damage Recognition in GG-NER	5	314	19	2922	2.449	4.548e-02	2.081e-01	0	0
A-Propr.HAPLN4	Degradation of AXIN	5	314	19	2922	2.449	4.548e-02	2.081e-01	0	0
A-Propr.HAPLN4	Formation of Incision Complex in GG-NER	5	314	19	2922	2.449	4.548e-02	2.081e-01	0	0
A-Propr.HAPLN4	Ubiquitin-dependent Degradation of Cyclin D	5	314	19	2922	2.449	4.548e-02	2.081e-01	0	0
A-Propr.HAPLN4	Activation of RAC1	3	314	8	2922	3.490	4.566e-02	2.081e-01	0	0
A-Propr.HAPLN4	Gap-filling DNA Repair Synthesis and Ligation in GG-NER	3	314	8	2922	3.490	4.566e-02	2.081e-01	0	0
A-Propr.HAPLN4	InlA-mediated Entry of Listeria Monocytogenes Into Host Cells	3	314	8	2922	3.490	4.566e-02	2.081e-01	0	0
A-Propr.HAPLN4	Membrane Binding and Targetting of GAG Proteins	3	314	8	2922	3.490	4.566e-02	2.081e-01	0	0
A-Propr.HAPLN4	Pexophagy	3	314	8	2922	3.490	4.566e-02	2.081e-01	0	0
A-Propr.HAPLN4	Regulation of Innate Immune Responses to Cytosolic DNA	3	314	8	2922	3.490	4.566e-02	2.081e-01	0	0
A-Propr.HAPLN4	Regulation of PTEN Localization	3	314	8	2922	3.490	4.566e-02	2.081e-01	0	0
A-Propr.HAPLN4	Synthesis And Processing Of GAG. GAGPOL Polyproteins	3	314	8	2922	3.490	4.566e-02	2.081e-01	0	0
A-Propr.HAPLN4	TICAM1.TRAF6-dependent Induction of TAK1 Complex	3	314	8	2922	3.490	4.566e-02	2.081e-01	0	0
A-Propr.HAPLN4	Translesion Synthesis by POLH	3	314	8	2922	3.490	4.566e-02	2.081e-01	0	0
A-Propr.HAPLN4	Translesion Synthesis by POLI	3	314	8	2922	3.490	4.566e-02	2.081e-01	0	0
A-Propr.HAPLN4	Translesion Synthesis by POLK	3	314	8	2922	3.490	4.566e-02	2.081e-01	0	0
A-Propr.HAPLN4	Translesion Synthesis by REV1	3	314	8	2922	3.490	4.566e-02	2.081e-01	0	0
A-Propr.HAPLN4	C-type Lectin Receptors (CLRs)	11	314	59	2922	1.735	4.617e-02	2.093e-01	0	0
A-Propr.HAPLN4	Class I MHC Mediated Antigen Processing & Presentation	23	314	151	2922	1.417	5.007e-02	2.248e-01	0	0
A-Propr.HAPLN4	Metabolism of Amino Acids and Derivatives	18	314	112	2922	1.496	5.015e-02	2.248e-01	0	0
A-Propr.HAPLN4	Amyloid Fiber Formation	6	314	26	2922	2.147	5.290e-02	2.346e-01	0	0
A-Propr.HAPLN4	Regulated Necrosis	6	314	26	2922	2.147	5.290e-02	2.346e-01	0	0
A-Propr.HAPLN4	Negative Regulation of MET Activity	4	314	14	2922	2.659	5.485e-02	2.406e-01	0	0
A-Propr.HAPLN4	Recognition of DNA Damage by PCNA-containing Replication Complex	4	314	14	2922	2.659	5.485e-02	2.406e-01	0	0
A-Propr.HAPLN4	Formation of TC-NER Pre-Incision Complex	5	314	20	2922	2.326	5.550e-02	2.422e-01	0	0
A-Propr.HAPLN4	The Role of GTSE1 in G2 M Progression After G2 Checkpoint	7	314	33	2922	1.974	5.678e-02	2.464e-01	0	0
A-Propr.PCDH8	DCC Mediated Attractive Signaling	5	306	8	2922	5.968	5.233e-04	1.409e-01	1	1
A-Propr.PCDH8	PD-1 Signaling	5	306	8	2922	5.968	5.233e-04	1.409e-01	1	1
A-Propr.PCDH8	Translocation of ZAP-70 to Immunological Synapse	4	306	5	2922	7.639	5.419e-04	1.409e-01	0	1
A-Propr.PCDH8	Neuronal System	36	306	201	2922	1.710	6.356e-04	1.409e-01	1	1
A-Propr.PCDH8	Assembly of the ORC Complex at the Origin of Replication	3	306	3	2922	9.549	1.138e-03	2.020e-01	1	1
A-Propr.PCDH8	Netrin-1 Signaling	7	306	18	2922	3.714	1.479e-03	2.185e-01	1	1
A-Propr.PCDH8	Signaling by WNT in Cancer	6	306	14	2922	4.092	1.820e-03	2.185e-01	0	1
A-Propr.PCDH8	Postmitotic Nuclear Pore Complex (NPC) Reformation	5	306	10	2922	4.775	1.971e-03	2.185e-01	0	1
ATF3	Infectious Disease	93	329	447	2922	1.848	9.389e-11	1.020e-07	1	0
ATF3	Cellular Responses to Stimuli	85	329	427	2922	1.768	8.735e-09	3.195e-06	1	0
ATF3	Viral Infection Pathways	73	329	345	2922	1.879	8.825e-09	3.195e-06	0	0
ATF3	Cellular Responses to Stress	69	329	369	2922	1.661	4.003e-06	1.087e-03	0	0
ATF3	Signaling by Interleukins	42	329	195	2922	1.913	1.318e-05	2.863e-03	1	0
ATF3	SARS-CoV-2 Targets Host Intracellular Signalling and Regulatory Pathways	7	329	10	2922	6.217	1.918e-05	3.151e-03	1	0
ATF3	Cytokine Signaling in Immune System	58	329	307	2922	1.678	2.031e-05	3.151e-03	0	0
ATF3	Innate Immune System	68	329	382	2922	1.581	2.825e-05	3.513e-03	1	0
ATF3	Cooperation of PDCL (PhLP1) and TRiC CCT in G-protein Beta Folding	10	329	21	2922	4.229	3.235e-05	3.513e-03	0	0
ATF3	HSF1 Activation	10	329	21	2922	4.229	3.235e-05	3.513e-03	0	0
ATF3	SARS-CoV-1 Targets Host Intracellular Signalling and Regulatory Pathways	8	329	14	2922	5.075	3.880e-05	3.831e-03	0	0
ATF3	Chk1 Chk2(Cds1) Mediated Inactivation of Cyclin B Cdk1 Complex	6	329	8	2922	6.661	4.488e-05	3.870e-03	0	0
ATF3	Activation of BAD and Translocation to Mitochondria	7	329	11	2922	5.652	4.766e-05	3.870e-03	0	0
ATF3	Class B 2 (Secretin Family Receptors)	10	329	22	2922	4.037	5.345e-05	3.870e-03	0	0
ATF3	RHO GTPases Activate PKNs	10	329	22	2922	4.037	5.345e-05	3.870e-03	0	0
ATF3	Generic Transcription Pathway	63	329	355	2922	1.576	6.602e-05	4.481e-03	0	0
ATF3	Sema3A PAK Dependent Axon Repulsion	7	329	12	2922	5.181	1.034e-04	6.354e-03	0	0
ATF3	Selective Autophagy	16	329	52	2922	2.733	1.071e-04	6.354e-03	0	0
ATF3	Influenza Infection	23	329	91	2922	2.245	1.112e-04	6.354e-03	0	0
ATF3	Neutrophil Degranulation	36	329	173	2922	1.848	1.238e-04	6.499e-03	0	0
ATF3	Signaling by GPCR	38	329	187	2922	1.805	1.356e-04	6.499e-03	0	0
ATF3	Autophagy	20	329	75	2922	2.368	1.421e-04	6.499e-03	0	0
ATF3	G Alpha (S) Signalling Events	15	329	48	2922	2.775	1.449e-04	6.499e-03	0	0
ATF3	Translocation of SLC2A4 (GLUT4) to the Plasma Membrane	14	329	43	2922	2.892	1.478e-04	6.499e-03	0	0
ATF3	Transcriptional Regulation by TP53	31	329	142	2922	1.939	1.496e-04	6.499e-03	0	0
ATF3	Regulation of Expression of SLITs and ROBOs	22	329	87	2922	2.246	1.559e-04	6.510e-03	0	0
ATF3	Signaling by ROBO Receptors	25	329	106	2922	2.095	1.871e-04	7.524e-03	0	0
ATF3	Response of EIF2AK4 (GCN2) to Amino Acid Deficiency	19	329	71	2922	2.377	1.985e-04	7.697e-03	0	0
ATF3	FOXO-mediated Transcription	11	329	30	2922	3.257	2.359e-04	8.833e-03	0	0
ATF3	Signaling by WNT	25	329	108	2922	2.056	2.564e-04	9.281e-03	0	0
ATF3	Folding of Actin by CCT TriC	6	329	10	2922	5.329	2.760e-04	9.366e-03	0	0
ATF3	Glucagon-type Ligand Receptors	6	329	10	2922	5.329	2.760e-04	9.366e-03	0	0
ATF3	Leishmania Infection	20	329	79	2922	2.248	3.061e-04	9.776e-03	0	0
ATF3	Parasitic Infection Pathways	20	329	79	2922	2.248	3.061e-04	9.776e-03	0	0
ATF3	G2 M DNA Damage Checkpoint	9	329	22	2922	3.633	3.414e-04	1.002e-02	0	0
ATF3	Interleukin-12 Signaling	9	329	22	2922	3.633	3.414e-04	1.002e-02	0	0
ATF3	Degradation of Beta-Catenin by the Destruction Complex	12	329	36	2922	2.960	3.455e-04	1.002e-02	0	0
ATF3	GPCR Downstream Signalling	35	329	175	2922	1.776	3.505e-04	1.002e-02	0	0
ATF3	Gene and Protein Expression by JAK-STAT Signaling After Interleukin-12 Stimulation	8	329	18	2922	3.947	3.758e-04	1.046e-02	0	0
ATF3	Macroautophagy	18	329	69	2922	2.317	4.121e-04	1.119e-02	0	0
ATF3	Gene Expression (Transcription)	70	329	431	2922	1.442	4.433e-04	1.159e-02	0	0
ATF3	G2 M Checkpoints	13	329	42	2922	2.749	4.482e-04	1.159e-02	0	0
ATF3	RNA Polymerase II Transcription	63	329	379	2922	1.476	4.767e-04	1.204e-02	0	0
ATF3	Cellular Responses to Mechanical Stimuli	16	329	59	2922	2.409	5.394e-04	1.302e-02	0	0
ATF3	Response of Endothelial Cells to Shear Stress	16	329	59	2922	2.409	5.394e-04	1.302e-02	0	0
ATF3	Interleukin-12 Family Signaling	10	329	28	2922	3.172	5.821e-04	1.359e-02	0	0
ATF3	Nonsense Mediated Decay (NMD) Enhanced by the Exon Junction Complex (EJC)	18	329	71	2922	2.252	6.007e-04	1.359e-02	0	0
ATF3	Nonsense-Mediated Decay (NMD)	18	329	71	2922	2.252	6.007e-04	1.359e-02	0	0
ATF3	Formation of a Pool of Free 40S Subunits	17	329	66	2922	2.288	6.984e-04	1.517e-02	0	0
ATF3	Peptide Chain Elongation	17	329	66	2922	2.288	6.984e-04	1.517e-02	0	0
ATF3	Translesion Synthesis by POLH	5	329	8	2922	5.551	7.376e-04	1.571e-02	0	0
ATF3	Semaphorin Interactions	12	329	39	2922	2.733	7.888e-04	1.647e-02	0	0
ATF3	SARS-CoV-2-host Interactions	21	329	91	2922	2.050	8.370e-04	1.662e-02	0	0
ATF3	GTP Hydrolysis and Joining of the 60S Ribosomal Subunit	17	329	67	2922	2.254	8.416e-04	1.662e-02	0	0
ATF3	L13a-mediated Translational Silencing of Ceruloplasmin Expression	17	329	67	2922	2.254	8.416e-04	1.662e-02	0	0
ATF3	Translesion Synthesis by Y Family DNA Polymerases Bypasses Lesions on DNA Template	6	329	12	2922	4.441	9.965e-04	1.930e-02	0	0
ATF3	SRP-dependent Cotranslational Protein Targeting to Membrane	18	329	74	2922	2.160	1.021e-03	1.930e-02	0	0
ATF3	Mitophagy	9	329	25	2922	3.197	1.031e-03	1.930e-02	0	0
ATF3	Intrinsic Pathway for Apoptosis	10	329	30	2922	2.960	1.084e-03	1.995e-02	0	0
ATF3	Eukaryotic Translation Elongation	17	329	69	2922	2.188	1.205e-03	2.180e-02	0	0
ATF3	Viral mRNA Translation	16	329	64	2922	2.220	1.415e-03	2.391e-02	0	0
ATF3	GPER1 Signaling	9	329	26	2922	3.074	1.423e-03	2.391e-02	0	0
ATF3	Cell Cycle Checkpoints	18	329	76	2922	2.104	1.424e-03	2.391e-02	0	0
ATF3	Cap-dependent Translation Initiation	17	329	70	2922	2.157	1.431e-03	2.391e-02	0	0
ATF3	Eukaryotic Translation Initiation	17	329	70	2922	2.157	1.431e-03	2.391e-02	0	0
ATF3	TP53 Regulates Metabolic Genes	13	329	47	2922	2.457	1.462e-03	2.406e-02	0	0
ATF3	VEGFR2 Mediated Vascular Permeability	7	329	17	2922	3.657	1.536e-03	2.489e-02	0	0
ATF3	GPCR Ligand Binding	19	329	83	2922	2.033	1.631e-03	2.512e-02	0	0
ATF3	Antigen Presentation Folding. Assembly and Peptide Loading of Class I MHC	6	329	13	2922	4.099	1.677e-03	2.512e-02	0	0
ATF3	Chaperone Mediated Autophagy	6	329	13	2922	4.099	1.677e-03	2.512e-02	0	0
ATF3	Eukaryotic Translation Termination	16	329	65	2922	2.186	1.689e-03	2.512e-02	0	0
ATF3	Nonsense Mediated Decay (NMD) Independent of the Exon Junction Complex (EJC)	16	329	65	2922	2.186	1.689e-03	2.512e-02	0	0
ATF3	Selenocysteine Synthesis	16	329	65	2922	2.186	1.689e-03	2.512e-02	0	0
ATF3	Regulation of Localization of FOXO Transcription Factors	4	329	6	2922	5.921	1.969e-03	2.889e-02	0	0
ATF3	SARS-CoV Infections	37	329	206	2922	1.595	2.015e-03	2.918e-02	0	0
ATF3	Anti-inflammatory Response Favouring Leishmania Parasite Infection	11	329	38	2922	2.571	2.262e-03	3.089e-02	0	0
ATF3	High Laminar Flow Shear Stress Activates Signaling by PIEZO1 and PECAM1 CDH5 KDR in Endothelial Cell	11	329	38	2922	2.571	2.262e-03	3.089e-02	0	0
ATF3	Leishmania Parasite Growth and Survival	11	329	38	2922	2.571	2.262e-03	3.089e-02	0	0
ATF3	DNA Damage Bypass	7	329	18	2922	3.454	2.274e-03	3.089e-02	0	0
ATF3	Influenza Viral RNA Transcription and Replication	18	329	79	2922	2.024	2.276e-03	3.089e-02	0	0
ATF3	Cellular Response to Heat Stress	15	329	61	2922	2.184	2.369e-03	3.176e-02	0	0
ATF3	SARS-CoV-1 Infection	19	329	86	2922	1.962	2.533e-03	3.354e-02	0	0
ATF3	Regulation of Actin Dynamics for Phagocytic Cup Formation	9	329	28	2922	2.855	2.563e-03	3.354e-02	0	0
ATF3	Signaling by WNT in Cancer	6	329	14	2922	3.806	2.660e-03	3.439e-02	0	0
ATF3	Adaptive Immune System	48	329	290	2922	1.470	2.704e-03	3.454e-02	0	0
ATF3	Termination of Translesion DNA Synthesis	5	329	10	2922	4.441	2.738e-03	3.458e-02	0	0
ATF3	SARS-CoV-1-host Interactions	16	329	68	2922	2.090	2.790e-03	3.471e-02	0	0
ATF3	Integration of Energy Metabolism	15	329	62	2922	2.149	2.812e-03	3.471e-02	0	0
ATF3	Formation of Tubulin Folding Intermediates by CCT TriC	7	329	19	2922	3.272	3.259e-03	3.932e-02	0	0
ATF3	Prefoldin Mediated Transfer of Substrate to CCT TriC	7	329	19	2922	3.272	3.259e-03	3.932e-02	0	0
ATF3	Cellular Response to Starvation	19	329	88	2922	1.918	3.343e-03	3.938e-02	0	0
ATF3	Regulation of RUNX2 Expression and Activity	9	329	29	2922	2.756	3.356e-03	3.938e-02	0	0
ATF3	ADORA2B Mediated Anti-Inflammatory Cytokines Production	8	329	24	2922	2.960	3.437e-03	3.938e-02	0	0
ATF3	Oxygen-dependent Proline Hydroxylation of Hypoxia-inducible Factor Alpha	8	329	24	2922	2.960	3.437e-03	3.938e-02	0	0
ATF3	Diseases of Signal Transduction by Growth Factor Receptors and Second Messengers	40	329	234	2922	1.518	3.445e-03	3.938e-02	0	0
ATF3	Developmental Biology	70	329	464	2922	1.340	3.651e-03	4.131e-02	0	0
ATF3	Programmed Cell Death	20	329	96	2922	1.850	4.082e-03	4.548e-02	0	0
ATF3	ATF6 (ATF6-alpha) Activates Chaperone Genes	4	329	7	2922	5.075	4.188e-03	4.548e-02	0	0
ATF3	ATF6 (ATF6-alpha) Activates Chaperones	4	329	7	2922	5.075	4.188e-03	4.548e-02	0	0
ATF3	Protein Methylation	4	329	7	2922	5.075	4.188e-03	4.548e-02	0	0
ATF3	G Alpha (I) Signalling Events	19	329	90	2922	1.875	4.357e-03	4.630e-02	0	0
ATF3	Activation of BH3-only Proteins	7	329	20	2922	3.109	4.538e-03	4.630e-02	0	0
ATF3	Cooperation of Prefoldin and TriC CCT in Actin and Tubulin Folding	7	329	20	2922	3.109	4.538e-03	4.630e-02	0	0
ATF3	Activation of G Protein Gated Potassium Channels	5	329	11	2922	4.037	4.562e-03	4.630e-02	0	0
ATF3	G Protein Gated Potassium Channels	5	329	11	2922	4.037	4.562e-03	4.630e-02	0	0
ATF3	Inhibition of Voltage Gated Ca2+ Channels via Gbeta Gamma Subunits	5	329	11	2922	4.037	4.562e-03	4.630e-02	0	0
ATF3	Inwardly Rectifying K+ Channels	5	329	11	2922	4.037	4.562e-03	4.630e-02	0	0
ATF3	Apoptosis	18	329	84	2922	1.903	4.628e-03	4.654e-02	0	0
ATF3	Host Interactions of HIV Factors	13	329	53	2922	2.178	4.671e-03	4.654e-02	0	0
ATF3	Major Pathway of rRNA Processing in the Nucleolus and Cytosol	17	329	78	2922	1.936	4.888e-03	4.776e-02	0	0
ATF3	rRNA Processing in the Nucleus and Cytosol	17	329	78	2922	1.936	4.888e-03	4.776e-02	0	0
ATF3	RHO GTPase Effectors	22	329	111	2922	1.760	5.025e-03	4.776e-02	0	0
ATF3	HIV Infection	16	329	72	2922	1.974	5.125e-03	4.776e-02	0	0
ATF3	Selenoamino Acid Metabolism	16	329	72	2922	1.974	5.125e-03	4.776e-02	0	0
ATF3	Chemokine Receptors Bind Chemokines	3	329	4	2922	6.661	5.189e-03	4.776e-02	0	0
ATF3	Formation of Axial Mesoderm	3	329	4	2922	6.661	5.189e-03	4.776e-02	0	0
ATF3	Lipophagy	3	329	4	2922	6.661	5.189e-03	4.776e-02	0	0
ATF3	NTRK2 Activates RAC1	3	329	4	2922	6.661	5.189e-03	4.776e-02	0	0
ATF3	Respiratory Syncytial Virus Infection Pathway	12	329	48	2922	2.220	5.505e-03	5.024e-02	0	0
ATF3	Deactivation of the Beta-Catenin Transactivating Complex	6	329	16	2922	3.331	5.832e-03	5.278e-02	0	0
ATF3	Cellular Response to Chemical Stress	20	329	99	2922	1.794	5.887e-03	5.284e-02	0	0
ATF3	Activation of GABAB Receptors	7	329	21	2922	2.960	6.163e-03	5.397e-02	0	0
ATF3	GABA B Receptor Activation	7	329	21	2922	2.960	6.163e-03	5.397e-02	0	0
ATF3	PINK1-PRKN Mediated Mitophagy	7	329	21	2922	2.960	6.163e-03	5.397e-02	0	0
ATF3	Signaling by ALK Fusions and Activated Point Mutants	14	329	61	2922	2.038	6.399e-03	5.429e-02	0	0
ATF3	Signaling by ALK in Cancer	14	329	61	2922	2.038	6.399e-03	5.429e-02	0	0
ATF3	ER-Phagosome Pathway	11	329	43	2922	2.272	6.449e-03	5.429e-02	0	0
ATF3	Extra-nuclear Estrogen Signaling	11	329	43	2922	2.272	6.449e-03	5.429e-02	0	0
ATF3	G1 S Transition	11	329	43	2922	2.272	6.449e-03	5.429e-02	0	0
ATF3	Post NMDA Receptor Activation Events	13	329	55	2922	2.099	6.541e-03	5.464e-02	0	0
ATF3	Activation of NMDA Receptors and Postsynaptic Events	14	329	62	2922	2.005	7.445e-03	5.567e-02	0	0
ATF3	Beta-catenin Phosphorylation Cascade	4	329	8	2922	4.441	7.638e-03	5.567e-02	0	0
ATF3	CTNNB1 S33 Mutants Aren'T Phosphorylated	4	329	8	2922	4.441	7.638e-03	5.567e-02	0	0
ATF3	CTNNB1 S37 Mutants Aren'T Phosphorylated	4	329	8	2922	4.441	7.638e-03	5.567e-02	0	0
ATF3	CTNNB1 S45 Mutants Aren'T Phosphorylated	4	329	8	2922	4.441	7.638e-03	5.567e-02	0	0
ATF3	CTNNB1 T41 Mutants Aren'T Phosphorylated	4	329	8	2922	4.441	7.638e-03	5.567e-02	0	0
ATF3	G Beta Gamma Signalling Through CDC42	4	329	8	2922	4.441	7.638e-03	5.567e-02	0	0
ATF3	G Beta Gamma Signalling Through PLC Beta	4	329	8	2922	4.441	7.638e-03	5.567e-02	0	0
ATF3	Gap-filling DNA Repair Synthesis and Ligation in GG-NER	4	329	8	2922	4.441	7.638e-03	5.567e-02	0	0
ATF3	Presynaptic Function of Kainate Receptors	4	329	8	2922	4.441	7.638e-03	5.567e-02	0	0
ATF3	Prostacyclin Signalling Through Prostacyclin Receptor	4	329	8	2922	4.441	7.638e-03	5.567e-02	0	0
ATF3	Regulation of BACH1 Activity	4	329	8	2922	4.441	7.638e-03	5.567e-02	0	0
ATF3	Regulation of MITF-M-dependent Genes Involved in Cell Cycle and Proliferation	4	329	8	2922	4.441	7.638e-03	5.567e-02	0	0
ATF3	Response of EIF2AK1 (HRI) to Heme Deficiency	4	329	8	2922	4.441	7.638e-03	5.567e-02	0	0
ATF3	Signaling by CTNNB1 Phospho-Site Mutants	4	329	8	2922	4.441	7.638e-03	5.567e-02	0	0
ATF3	Signaling by GSK3beta Mutants	4	329	8	2922	4.441	7.638e-03	5.567e-02	0	0
ATF3	Translesion Synthesis by POLI	4	329	8	2922	4.441	7.638e-03	5.567e-02	0	0
ATF3	Translesion Synthesis by POLK	4	329	8	2922	4.441	7.638e-03	5.567e-02	0	0
ATF3	Translesion Synthesis by REV1	4	329	8	2922	4.441	7.638e-03	5.567e-02	0	0
ATF3	IKK Complex Recruitment Mediated by RIP1	6	329	17	2922	3.135	8.175e-03	5.860e-02	0	0
ATF3	Negative Regulation of NOTCH4 Signaling	7	329	22	2922	2.826	8.185e-03	5.860e-02	0	0
ATF3	G2 M Transition	17	329	82	2922	1.841	8.281e-03	5.860e-02	0	0
ATF3	Mitotic G2-G2 M Phases	17	329	82	2922	1.841	8.281e-03	5.860e-02	0	0
ATF3	Axon Guidance	44	329	276	2922	1.416	8.310e-03	5.860e-02	0	0
ATF3	Nervous System Development	46	329	292	2922	1.399	8.729e-03	6.116e-02	0	0
ATF3	Chaperonin-mediated Protein Folding	11	329	45	2922	2.171	9.262e-03	6.406e-02	0	0
ATF3	Fcgamma Receptor (FCGR) Dependent Phagocytosis	11	329	45	2922	2.171	9.262e-03	6.406e-02	0	0
ATF3	Cellular Response to Hypoxia	8	329	28	2922	2.538	9.713e-03	6.634e-02	0	0
ATF3	G Alpha (Z) Signalling Events	8	329	28	2922	2.538	9.713e-03	6.634e-02	0	0
ATF3	SARS-CoV-2 Infection	25	329	139	2922	1.597	1.049e-02	6.947e-02	0	0
ATF3	Disassembly of the Destruction Complex and Recruitment of AXIN to the Membrane	5	329	13	2922	3.416	1.050e-02	6.947e-02	0	0
ATF3	Dual Incision in GG-NER	5	329	13	2922	3.416	1.050e-02	6.947e-02	0	0
ATF3	Respiratory Syncytial Virus (RSV) Genome Replication. Transcription and Translation	5	329	13	2922	3.416	1.050e-02	6.947e-02	0	0
ATF3	TICAM1. RIP1-mediated IKK Complex Recruitment	5	329	13	2922	3.416	1.050e-02	6.947e-02	0	0
ATF3	Neurotransmitter Receptors and Postsynaptic Signal Transmission	22	329	118	2922	1.656	1.055e-02	6.947e-02	0	0
ATF3	Interleukin-4 and Interleukin-13 Signaling	11	329	46	2922	2.124	1.098e-02	7.142e-02	0	0
ATF3	Regulation of HSF1-mediated Heat Shock Response	11	329	46	2922	2.124	1.098e-02	7.142e-02	0	0
ATF3	AMPK Inhibits chREBP Transcriptional Activation Activity	3	329	5	2922	5.329	1.189e-02	7.256e-02	0	0
ATF3	Activated NTRK2 Signals Through FYN	3	329	5	2922	5.329	1.189e-02	7.256e-02	0	0
ATF3	CD28 Dependent Vav1 Pathway	3	329	5	2922	5.329	1.189e-02	7.256e-02	0	0
ATF3	CREB Phosphorylation	3	329	5	2922	5.329	1.189e-02	7.256e-02	0	0
ATF3	Calcitonin-like Ligand Receptors	3	329	5	2922	5.329	1.189e-02	7.256e-02	0	0
ATF3	Dissolution of Fibrin Clot	3	329	5	2922	5.329	1.189e-02	7.256e-02	0	0
ATF3	FOXO-mediated Transcription of Cell Cycle Genes	3	329	5	2922	5.329	1.189e-02	7.256e-02	0	0
ATF3	Incretin Synthesis. Secretion. and Inactivation	3	329	5	2922	5.329	1.189e-02	7.256e-02	0	0
ATF3	Integration of Provirus	3	329	5	2922	5.329	1.189e-02	7.256e-02	0	0
ATF3	NGF-independant TRKA Activation	3	329	5	2922	5.329	1.189e-02	7.256e-02	0	0
ATF3	Synthesis. Secretion. and Inactivation of Glucagon-like Peptide-1 (GLP-1)	3	329	5	2922	5.329	1.189e-02	7.256e-02	0	0
ATF3	Global Genome Nucleotide Excision Repair (GG-NER)	8	329	29	2922	2.450	1.213e-02	7.362e-02	0	0
ATF3	Protein Folding	11	329	47	2922	2.079	1.294e-02	7.766e-02	0	0
ATF3	Signaling by Rho GTPases. Miro GTPases and RHOBTB3	41	329	260	2922	1.401	1.294e-02	7.766e-02	0	0
ATF3	TCF Dependent Signaling in Response to WNT	13	329	60	2922	1.924	1.385e-02	8.265e-02	0	0
ATF3	Dual Incision in TC-NER	6	329	19	2922	2.805	1.476e-02	8.425e-02	0	0
ATF3	FBXL7 Down-Regulates AURKA During Mitotic Entry and in Early Mitosis	6	329	19	2922	2.805	1.476e-02	8.425e-02	0	0
ATF3	Formation of Incision Complex in GG-NER	6	329	19	2922	2.805	1.476e-02	8.425e-02	0	0
ATF3	Gap-filling DNA Repair Synthesis and Ligation in TC-NER	6	329	19	2922	2.805	1.476e-02	8.425e-02	0	0
ATF3	BBSome-mediated Cargo-Targeting to Cilium	5	329	14	2922	3.172	1.486e-02	8.425e-02	0	0
ATF3	G-protein Beta Gamma Signalling	5	329	14	2922	3.172	1.486e-02	8.425e-02	0	0
ATF3	RAS Processing	5	329	14	2922	3.172	1.486e-02	8.425e-02	0	0
ATF3	Recognition of DNA Damage by PCNA-containing Replication Complex	5	329	14	2922	3.172	1.486e-02	8.425e-02	0	0
ATF3	Regulation of TP53 Activity	14	329	67	2922	1.856	1.487e-02	8.425e-02	0	0
ATF3	Gastrulation	8	329	30	2922	2.368	1.497e-02	8.425e-02	0	0
ATF3	Senescence-Associated Secretory Phenotype (SASP)	8	329	30	2922	2.368	1.497e-02	8.425e-02	0	0
ATF3	Signaling by Rho GTPases	40	329	255	2922	1.393	1.529e-02	8.535e-02	0	0
ATF3	Organelle Biogenesis and Maintenance	23	329	129	2922	1.584	1.532e-02	8.535e-02	0	0
ATF3	Nucleotide Excision Repair	9	329	36	2922	2.220	1.551e-02	8.593e-02	0	0
ATF3	Class I MHC Mediated Antigen Processing & Presentation	26	329	151	2922	1.529	1.590e-02	8.767e-02	0	0
ATF3	Transcriptional Regulation by RUNX2	12	329	55	2922	1.938	1.681e-02	9.220e-02	0	0
ATF3	Antigen processing-Cross Presentation	11	329	49	2922	1.994	1.763e-02	9.623e-02	0	0
ATF3	Regulation of Insulin Secretion	10	329	43	2922	2.065	1.825e-02	9.867e-02	0	0
ATF3	Costimulation by the CD28 Family	8	329	31	2922	2.292	1.826e-02	9.867e-02	0	0
ATF3	Synthesis of DNA	9	329	37	2922	2.160	1.853e-02	9.923e-02	0	0
ATF3	rRNA Processing	17	329	89	2922	1.696	1.855e-02	9.923e-02	0	0
ATF3	ADP Signalling Through P2Y Purinoceptor 12	4	329	10	2922	3.553	1.908e-02	1.016e-01	0	0
ATF3	Sema4D in Semaphorin Signaling	5	329	15	2922	2.960	2.028e-02	1.074e-01	0	0
ATF3	Beta-catenin Independent WNT Signaling	13	329	63	2922	1.833	2.057e-02	1.084e-01	0	0
ATF3	Aggrephagy	7	329	26	2922	2.391	2.127e-02	1.107e-01	0	0
ATF3	GABA Receptor Activation	7	329	26	2922	2.391	2.127e-02	1.107e-01	0	0
ATF3	Activation of PPARGC1A (PGC-1alpha) by Phosphorylation	3	329	6	2922	4.441	2.182e-02	1.107e-01	0	0
ATF3	Activation of TRKA Receptors	3	329	6	2922	4.441	2.182e-02	1.107e-01	0	0
ATF3	Early Phase of HIV Life Cycle	3	329	6	2922	4.441	2.182e-02	1.107e-01	0	0
ATF3	G Beta Gamma Signalling Through BTK	3	329	6	2922	4.441	2.182e-02	1.107e-01	0	0
ATF3	Josephin Domain DUBs	3	329	6	2922	4.441	2.182e-02	1.107e-01	0	0
ATF3	eNOS Activation	3	329	6	2922	4.441	2.182e-02	1.107e-01	0	0
ATF3	Regulation of TP53 Activity Through Phosphorylation	8	329	32	2922	2.220	2.204e-02	1.113e-01	0	0
ATF3	Metabolism of Amino Acids and Derivatives	20	329	112	2922	1.586	2.262e-02	1.137e-01	0	0
ATF3	PIP3 Activates AKT Signaling	23	329	134	2922	1.524	2.347e-02	1.170e-01	0	0
ATF3	Opioid Signalling	11	329	51	2922	1.916	2.349e-02	1.170e-01	0	0
ATF3	CREB1 Phosphorylation Through NMDA Receptor-Mediated Activation of RAS Signaling	6	329	21	2922	2.538	2.433e-02	1.190e-01	0	0
ATF3	Chromosome Maintenance	6	329	21	2922	2.538	2.433e-02	1.190e-01	0	0
ATF3	Orc1 Removal From Chromatin	6	329	21	2922	2.538	2.433e-02	1.190e-01	0	0
ATF3	SCF(Skp2)-mediated Degradation of P27 P21	6	329	21	2922	2.538	2.433e-02	1.190e-01	0	0
ATF3	Signaling by NTRKs	16	329	85	2922	1.672	2.505e-02	1.220e-01	0	0
ATF3	DNA Replication	9	329	39	2922	2.050	2.581e-02	1.251e-01	0	0
ATF3	The Role of GTSE1 in G2 M Progression After G2 Checkpoint	8	329	33	2922	2.153	2.634e-02	1.254e-01	0	0
ATF3	Activation of AMPK Downstream of NMDARs	5	329	16	2922	2.775	2.685e-02	1.254e-01	0	0
ATF3	Activation of Kainate Receptors Upon Glutamate Binding	5	329	16	2922	2.775	2.685e-02	1.254e-01	0	0
ATF3	Detoxification of Reactive Oxygen Species	5	329	16	2922	2.775	2.685e-02	1.254e-01	0	0
ATF3	Gastrin-CREB Signalling Pathway via PKC and MAPK	5	329	16	2922	2.775	2.685e-02	1.254e-01	0	0
ATF3	Negative Regulation of FGFR2 Signaling	5	329	16	2922	2.775	2.685e-02	1.254e-01	0	0
ATF3	Negative Regulation of FGFR3 Signaling	5	329	16	2922	2.775	2.685e-02	1.254e-01	0	0
ATF3	Negative Regulation of FGFR4 Signaling	5	329	16	2922	2.775	2.685e-02	1.254e-01	0	0
ATF3	Mitotic G1 Phase and G1 S Transition	11	329	52	2922	1.879	2.690e-02	1.254e-01	0	0
ATF3	Kidney Development	4	329	11	2922	3.230	2.737e-02	1.265e-01	0	0
ATF3	PERK Regulates Gene Expression	4	329	11	2922	3.230	2.737e-02	1.265e-01	0	0
ATF3	Metabolism of RNA	33	329	211	2922	1.389	2.771e-02	1.275e-01	0	0
ATF3	VEGFA-VEGFR2 Pathway	13	329	66	2922	1.749	2.948e-02	1.336e-01	0	0
ATF3	MyD88-independent TLR4 Cascade	14	329	73	2922	1.703	3.014e-02	1.336e-01	0	0
ATF3	TRIF (TICAM1)-mediated TLR4 Signaling	14	329	73	2922	1.703	3.014e-02	1.336e-01	0	0
ATF3	Association of TriC CCT With Target Proteins During Biosynthesis	6	329	22	2922	2.422	3.038e-02	1.336e-01	0	0
ATF3	Cyclin D Associated Events in G1	6	329	22	2922	2.422	3.038e-02	1.336e-01	0	0
ATF3	G1 Phase	6	329	22	2922	2.422	3.038e-02	1.336e-01	0	0
ATF3	GSK3B and BTRC CUL1-mediated-degradation of NFE2L2	6	329	22	2922	2.422	3.038e-02	1.336e-01	0	0
ATF3	N-glycan Trimming in the ER and Calnexin Calreticulin Cycle	6	329	22	2922	2.422	3.038e-02	1.336e-01	0	0
ATF3	Regulation of TP53 Degradation	6	329	22	2922	2.422	3.038e-02	1.336e-01	0	0
ATF3	Regulation of TP53 Expression and Degradation	6	329	22	2922	2.422	3.038e-02	1.336e-01	0	0
ATF3	Vasopressin Regulates Renal Water Homeostasis via Aquaporins	6	329	22	2922	2.422	3.038e-02	1.336e-01	0	0
ATF3	Ca2+ Pathway	7	329	28	2922	2.220	3.148e-02	1.361e-01	0	0
ATF3	Cargo Trafficking to the Periciliary Membrane	7	329	28	2922	2.220	3.148e-02	1.361e-01	0	0
ATF3	KEAP1-NFE2L2 Pathway	12	329	60	2922	1.776	3.207e-02	1.361e-01	0	0
ATF3	Transmission Across Chemical Synapses	25	329	153	2922	1.451	3.254e-02	1.361e-01	0	0
ATF3	Regulation of PLK1 Activity at G2 M Transition	10	329	47	2922	1.890	3.286e-02	1.361e-01	0	0
ATF3	Signaling by VEGF	13	329	67	2922	1.723	3.300e-02	1.361e-01	0	0
ATF3	Cilium Assembly	15	329	81	2922	1.645	3.374e-02	1.361e-01	0	0
ATF3	Negative Regulation of FGFR1 Signaling	5	329	17	2922	2.612	3.463e-02	1.361e-01	0	0
ATF3	Transcriptional Regulation of Granulopoiesis	5	329	17	2922	2.612	3.463e-02	1.361e-01	0	0
ATF3	S Phase	11	329	54	2922	1.809	3.478e-02	1.361e-01	0	0
ATF3	TCR Signaling	11	329	54	2922	1.809	3.478e-02	1.361e-01	0	0
ATF3	Transcriptional Regulation by RUNX3	9	329	41	2922	1.950	3.492e-02	1.361e-01	0	0
ATF3	APC Truncation Mutants Have Impaired AXIN Binding	3	329	7	2922	3.806	3.504e-02	1.361e-01	0	0
ATF3	AXIN Missense Mutants Destabilize the Destruction Complex	3	329	7	2922	3.806	3.504e-02	1.361e-01	0	0
ATF3	Carnitine Shuttle	3	329	7	2922	3.806	3.504e-02	1.361e-01	0	0
ATF3	Killing Mechanisms	3	329	7	2922	3.806	3.504e-02	1.361e-01	0	0
ATF3	Metabolism of Nitric Oxide NOS3 Activation and Regulation	3	329	7	2922	3.806	3.504e-02	1.361e-01	0	0
ATF3	Plasma Lipoprotein Assembly	3	329	7	2922	3.806	3.504e-02	1.361e-01	0	0
ATF3	Receptor Mediated Mitophagy	3	329	7	2922	3.806	3.504e-02	1.361e-01	0	0
ATF3	Signaling by AMER1 Mutants	3	329	7	2922	3.806	3.504e-02	1.361e-01	0	0
ATF3	Signaling by APC Mutants	3	329	7	2922	3.806	3.504e-02	1.361e-01	0	0
ATF3	Signaling by AXIN Mutants	3	329	7	2922	3.806	3.504e-02	1.361e-01	0	0
ATF3	Truncations of AMER1 Destabilize the Destruction Complex	3	329	7	2922	3.806	3.504e-02	1.361e-01	0	0
ATF3	WNT5 FZD7-mediated Leishmania Damping	3	329	7	2922	3.806	3.504e-02	1.361e-01	0	0
ATF3	2-LTR Circle Formation	2	329	3	2922	5.921	3.510e-02	1.361e-01	0	0
ATF3	Activation of Caspases Through Apoptosome-Mediated Cleavage	2	329	3	2922	5.921	3.510e-02	1.361e-01	0	0
ATF3	Antimicrobial Peptides	2	329	3	2922	5.921	3.510e-02	1.361e-01	0	0
ATF3	MET Interacts With TNS Proteins	2	329	3	2922	5.921	3.510e-02	1.361e-01	0	0
ATF3	Nef and Signal Transduction	2	329	3	2922	5.921	3.510e-02	1.361e-01	0	0
ATF3	PTK6 Expression	2	329	3	2922	5.921	3.510e-02	1.361e-01	0	0
ATF3	SMAC (DIABLO) Binds to IAPs	2	329	3	2922	5.921	3.510e-02	1.361e-01	0	0
ATF3	SMAC(DIABLO)-mediated Dissociation of IAP Caspase Complexes	2	329	3	2922	5.921	3.510e-02	1.361e-01	0	0
ATF3	SMAC. XIAP-regulated Apoptotic Response	2	329	3	2922	5.921	3.510e-02	1.361e-01	0	0
ATF3	Platelet Homeostasis	8	329	35	2922	2.030	3.662e-02	1.410e-01	0	0
ATF3	Unfolded Protein Response (UPR)	8	329	35	2922	2.030	3.662e-02	1.410e-01	0	0
ATF3	Aquaporin-mediated Transport	6	329	23	2922	2.317	3.734e-02	1.424e-01	0	0
ATF3	Interleukin-17 Signaling	10	329	48	2922	1.850	3.752e-02	1.424e-01	0	0
ATF3	MAP Kinase Activation	10	329	48	2922	1.850	3.752e-02	1.424e-01	0	0
ATF3	PI3K AKT Signaling in Cancer	10	329	48	2922	1.850	3.752e-02	1.424e-01	0	0
ATF3	Cyclin E Associated Events During G1 S Transition	7	329	29	2922	2.144	3.763e-02	1.424e-01	0	0
ATF3	Toll Like Receptor 3 (TLR3) Cascade	13	329	69	2922	1.673	4.092e-02	1.543e-01	0	0
ATF3	Downstream Signaling Events of B Cell Receptor (BCR)	8	329	36	2922	1.974	4.265e-02	1.593e-01	0	0
ATF3	Signaling by NOTCH4	8	329	36	2922	1.974	4.265e-02	1.593e-01	0	0
ATF3	Translation	21	329	127	2922	1.469	4.269e-02	1.593e-01	0	0
ATF3	Attenuation Phase	5	329	18	2922	2.467	4.367e-02	1.597e-01	0	0
ATF3	Calnexin Calreticulin Cycle	5	329	18	2922	2.467	4.367e-02	1.597e-01	0	0
ATF3	Downregulation of TGF-beta Receptor Signaling	5	329	18	2922	2.467	4.367e-02	1.597e-01	0	0
ATF3	Insertion of Tail-Anchored Proteins Into the Endoplasmic Reticulum Membrane	5	329	18	2922	2.467	4.367e-02	1.597e-01	0	0
ATF3	Signal Transduction by L1	5	329	18	2922	2.467	4.367e-02	1.597e-01	0	0
ATF3	Signaling by NOTCH2	5	329	18	2922	2.467	4.367e-02	1.597e-01	0	0
ATF3	Platelet Degranulation	11	329	56	2922	1.745	4.415e-02	1.609e-01	0	0
ATF3	Cyclin A Cdk2-associated Events at S Phase Entry	7	329	30	2922	2.072	4.453e-02	1.611e-01	0	0
ATF3	Switching of Origins to a Post-Replicative State	7	329	30	2922	2.072	4.453e-02	1.611e-01	0	0
ATF3	Degradation of GLI1 by the Proteasome	6	329	24	2922	2.220	4.524e-02	1.611e-01	0	0
ATF3	E3 Ubiquitin Ligases Ubiquitinate Target Proteins	6	329	24	2922	2.220	4.524e-02	1.611e-01	0	0
ATF3	Signaling by FGFR3	6	329	24	2922	2.220	4.524e-02	1.611e-01	0	0
ATF3	Signaling by FGFR4	6	329	24	2922	2.220	4.524e-02	1.611e-01	0	0
ATF3	Transcription-Coupled Nucleotide Excision Repair (TC-NER)	6	329	24	2922	2.220	4.524e-02	1.611e-01	0	0
ATF3	Nuclear Events (Kinase and Transcription Factor Activation)	8	329	37	2922	1.920	4.931e-02	1.749e-01	0	0
ATF3	DARPP-32 Events	4	329	13	2922	2.733	4.951e-02	1.749e-01	0	0
ATF3	MyD88 MAL(TIRAP) Cascade Initiated on Plasma Membrane	13	329	71	2922	1.626	5.010e-02	1.749e-01	0	0
ATF3	Toll Like Receptor 2 (TLR2) Cascade	13	329	71	2922	1.626	5.010e-02	1.749e-01	0	0
ATF3	Toll Like Receptor TLR1 TLR2 Cascade	13	329	71	2922	1.626	5.010e-02	1.749e-01	0	0
ATF3	Toll Like Receptor TLR6 TLR2 Cascade	13	329	71	2922	1.626	5.010e-02	1.749e-01	0	0
ATF3	ATF4 Activates Genes in Response to Endoplasmic Reticulum Stress	3	329	8	2922	3.331	5.148e-02	1.764e-01	0	0
ATF3	Activation of RAC1	3	329	8	2922	3.331	5.148e-02	1.764e-01	0	0
ATF3	Apoptotic Factor-Mediated Response	3	329	8	2922	3.331	5.148e-02	1.764e-01	0	0
ATF3	InlA-mediated Entry of Listeria Monocytogenes Into Host Cells	3	329	8	2922	3.331	5.148e-02	1.764e-01	0	0
ATF3	Pexophagy	3	329	8	2922	3.331	5.148e-02	1.764e-01	0	0
ATF3	Phosphorylation of CD3 and TCR Zeta Chains	3	329	8	2922	3.331	5.148e-02	1.764e-01	0	0
ATF3	DNA Damage Recognition in GG-NER	5	329	19	2922	2.337	5.400e-02	1.808e-01	0	0
ATF3	Downregulation of ERBB2 Signaling	5	329	19	2922	2.337	5.400e-02	1.808e-01	0	0
ATF3	Glucagon Signaling in Metabolic Regulation	5	329	19	2922	2.337	5.400e-02	1.808e-01	0	0
ATF3	Pyruvate Metabolism	5	329	19	2922	2.337	5.400e-02	1.808e-01	0	0
ATF3	Vif-mediated Degradation of APOBEC3G	5	329	19	2922	2.337	5.400e-02	1.808e-01	0	0
ATF3	Degradation of GLI2 by the Proteasome	6	329	25	2922	2.132	5.411e-02	1.808e-01	0	0
ATF3	GLI3 Is Processed to GLI3R by the Proteasome	6	329	25	2922	2.132	5.411e-02	1.808e-01	0	0
ATF3	MAPK Targets Nuclear Events Mediated by MAP Kinases	6	329	25	2922	2.132	5.411e-02	1.808e-01	0	0
ATF3	Cell Cycle	32	329	215	2922	1.322	5.486e-02	1.828e-01	0	0
ATF3	Fc Epsilon Receptor (FCERI) Signaling	13	329	72	2922	1.604	5.518e-02	1.833e-01	0	0
ATF3	Signaling by Receptor Tyrosine Kinases	40	329	279	2922	1.273	5.688e-02	1.883e-01	0	0
ATF3	Intracellular Signaling by Second Messengers	25	329	162	2922	1.371	5.906e-02	1.916e-01	0	0
ATF3	Downstream TCR Signaling	9	329	45	2922	1.776	5.926e-02	1.916e-01	0	0
ATF3	MyD88 Dependent Cascade Initiated on Endosome	12	329	66	2922	1.615	6.116e-02	1.916e-01	0	0
ATF3	TRAF6 Mediated Induction of NFkB and MAP Kinases Upon TLR7 8 or 9 Activation	12	329	66	2922	1.615	6.116e-02	1.916e-01	0	0
ATF3	C-type Lectin Receptors (CLRs)	11	329	59	2922	1.656	6.124e-02	1.916e-01	0	0
ATF3	Response to Elevated Platelet Cytosolic Ca2+	11	329	59	2922	1.656	6.124e-02	1.916e-01	0	0
ATF3	Ephrin Signaling	4	329	14	2922	2.538	6.336e-02	1.916e-01	0	0
ATF3	Fanconi Anemia Pathway	4	329	14	2922	2.538	6.336e-02	1.916e-01	0	0
ATF3	Listeria Monocytogenes Entry Into Host Cells	4	329	14	2922	2.538	6.336e-02	1.916e-01	0	0
ATF3	Negative Regulation of MET Activity	4	329	14	2922	2.538	6.336e-02	1.916e-01	0	0
ATF3	RHO GTPases Activate PAKs	4	329	14	2922	2.538	6.336e-02	1.916e-01	0	0
ATF3	RHOBTB2 GTPase Cycle	4	329	14	2922	2.538	6.336e-02	1.916e-01	0	0
ATF3	FCGR3A-mediated Phagocytosis	6	329	26	2922	2.050	6.397e-02	1.916e-01	0	0
ATF3	Hedgehog Ligand Biogenesis	6	329	26	2922	2.050	6.397e-02	1.916e-01	0	0
ATF3	Leishmania Phagocytosis	6	329	26	2922	2.050	6.397e-02	1.916e-01	0	0
ATF3	Parasite Infection	6	329	26	2922	2.050	6.397e-02	1.916e-01	0	0
ATF3	Regulated Necrosis	6	329	26	2922	2.050	6.397e-02	1.916e-01	0	0
ATF3	DNA Double-Strand Break Repair	8	329	39	2922	1.822	6.455e-02	1.916e-01	0	0
ATF3	HIV Life Cycle	8	329	39	2922	1.822	6.455e-02	1.916e-01	0	0
ATF3	Calcineurin Activates NFAT	2	329	4	2922	4.441	6.501e-02	1.916e-01	0	0
ATF3	Cation-coupled Chloride Cotransporters	2	329	4	2922	4.441	6.501e-02	1.916e-01	0	0
ATF3	Deposition of New CENPA-containing Nucleosomes at the Centromere	2	329	4	2922	4.441	6.501e-02	1.916e-01	0	0
ATF3	FBXW7 Mutants and NOTCH1 in Cancer	2	329	4	2922	4.441	6.501e-02	1.916e-01	0	0
ATF3	Formation of Definitive Endoderm	2	329	4	2922	4.441	6.501e-02	1.916e-01	0	0
ATF3	Germ Layer Formation at Gastrulation	2	329	4	2922	4.441	6.501e-02	1.916e-01	0	0
ATF3	HDL Assembly	2	329	4	2922	4.441	6.501e-02	1.916e-01	0	0
ATF3	Loss of Function of FBXW7 in Cancer and NOTCH1 Signaling	2	329	4	2922	4.441	6.501e-02	1.916e-01	0	0
ATF3	MECP2 Regulates Transcription Factors	2	329	4	2922	4.441	6.501e-02	1.916e-01	0	0
ATF3	Maturation of Protein E 9683683	2	329	4	2922	4.441	6.501e-02	1.916e-01	0	0
ATF3	Maturation of Protein E 9694493	2	329	4	2922	4.441	6.501e-02	1.916e-01	0	0
ATF3	Mismatch Repair	2	329	4	2922	4.441	6.501e-02	1.916e-01	0	0
ATF3	Mismatch Repair (MMR) Directed by MSH2 MSH3 (MutSbeta)	2	329	4	2922	4.441	6.501e-02	1.916e-01	0	0
ATF3	Mismatch Repair (MMR) Directed by MSH2 MSH6 (MutSalpha)	2	329	4	2922	4.441	6.501e-02	1.916e-01	0	0
ATF3	Modulation by Mtb of Host Immune System	2	329	4	2922	4.441	6.501e-02	1.916e-01	0	0
ATF3	NADE Modulates Death Signalling	2	329	4	2922	4.441	6.501e-02	1.916e-01	0	0
ATF3	Nucleosome Assembly	2	329	4	2922	4.441	6.501e-02	1.916e-01	0	0
ATF3	PCNA-Dependent Long Patch Base Excision Repair	2	329	4	2922	4.441	6.501e-02	1.916e-01	0	0
ATF3	PP2A-mediated Dephosphorylation of Key Metabolic Factors	2	329	4	2922	4.441	6.501e-02	1.916e-01	0	0
ATF3	Purine Salvage	2	329	4	2922	4.441	6.501e-02	1.916e-01	0	0
ATF3	Tetrahydrobiopterin (BH4) Synthesis. Recycling. Salvage and Regulation	2	329	4	2922	4.441	6.501e-02	1.916e-01	0	0
ATF3	Hemostasis	35	329	242	2922	1.285	6.514e-02	1.916e-01	0	0
ATF3	Nuclear Events Stimulated by ALK Signaling in Cancer	5	329	20	2922	2.220	6.562e-02	1.916e-01	0	0
ATF3	SCF-beta-TrCP Mediated Degradation of Emi1	5	329	20	2922	2.220	6.562e-02	1.916e-01	0	0
ATF3	Vpu Mediated Degradation of CD4	5	329	20	2922	2.220	6.562e-02	1.916e-01	0	0
ATF3	Toll Like Receptor 7 8 (TLR7 8) Cascade	12	329	67	2922	1.591	6.730e-02	1.954e-01	0	0
ATF3	Toll Like Receptor 9 (TLR9) Cascade	12	329	67	2922	1.591	6.730e-02	1.954e-01	0	0
ATF3	Toll Like Receptor 4 (TLR4) Cascade	15	329	89	2922	1.497	6.909e-02	1.976e-01	0	0
ATF3	RSV-host Interactions	7	329	33	2922	1.884	6.986e-02	1.976e-01	0	0
ATF3	Signaling by Non-Receptor Tyrosine Kinases	7	329	33	2922	1.884	6.986e-02	1.976e-01	0	0
ATF3	Signaling by PTK6	7	329	33	2922	1.884	6.986e-02	1.976e-01	0	0
ATF3	DNA Repair	14	329	82	2922	1.516	7.089e-02	1.976e-01	0	0
ATF3	Assembly Of The HIV Virion	3	329	9	2922	2.960	7.094e-02	1.976e-01	0	0
ATF3	CREB1 Phosphorylation Through the Activation of Adenylate Cyclase	3	329	9	2922	2.960	7.094e-02	1.976e-01	0	0
ATF3	Constitutive Signaling by Overexpressed ERBB2	3	329	9	2922	2.960	7.094e-02	1.976e-01	0	0
ATF3	Diseases of Carbohydrate Metabolism	3	329	9	2922	2.960	7.094e-02	1.976e-01	0	0
ATF3	Downregulation of ERBB4 Signaling	3	329	9	2922	2.960	7.094e-02	1.976e-01	0	0
ATF3	FOXO-mediated Transcription of Oxidative Stress. Metabolic and Neuronal Genes	3	329	9	2922	2.960	7.094e-02	1.976e-01	0	0
ATF3	G-protein Activation	3	329	9	2922	2.960	7.094e-02	1.976e-01	0	0
ATF3	Gluconeogenesis	3	329	9	2922	2.960	7.094e-02	1.976e-01	0	0
ATF3	Glycogen Metabolism	3	329	9	2922	2.960	7.094e-02	1.976e-01	0	0
ATF3	SEMA3A-Plexin Repulsion Signaling by Inhibiting Integrin Adhesion	3	329	9	2922	2.960	7.094e-02	1.976e-01	0	0
ATF3	TRAF6 Mediated IRF7 Activation in TLR7 8 or 9 Signaling	3	329	9	2922	2.960	7.094e-02	1.976e-01	0	0
ATF3	Toll-like Receptor Cascades	16	329	97	2922	1.465	7.252e-02	2.014e-01	0	0
ATF3	ECM Proteoglycans	6	329	27	2922	1.974	7.480e-02	2.062e-01	0	0
ATF3	Glycolysis	6	329	27	2922	1.974	7.480e-02	2.062e-01	0	0
ATF3	Regulation of RAS by GAPs	6	329	27	2922	1.974	7.480e-02	2.062e-01	0	0
ATF3	AUF1 (hnRNP D0) Binds and Destabilizes mRNA	5	329	21	2922	2.115	7.852e-02	2.098e-01	0	0
ATF3	Degradation of DVL	5	329	21	2922	2.115	7.852e-02	2.098e-01	0	0
ATF3	Glucagon-like Peptide-1 (GLP1) Regulates Insulin Secretion	5	329	21	2922	2.115	7.852e-02	2.098e-01	0	0
ATF3	MTOR Signalling	5	329	21	2922	2.115	7.852e-02	2.098e-01	0	0
ATF3	Processing of DNA Double-Strand Break Ends	5	329	21	2922	2.115	7.852e-02	2.098e-01	0	0
ATF3	Signaling by CSF1 (M-CSF) in Myeloid Cells	5	329	21	2922	2.115	7.852e-02	2.098e-01	0	0
ATF3	Signaling by NTRK1 (TRKA)	13	329	76	2922	1.519	7.898e-02	2.098e-01	0	0
ATF3	Adrenaline.noradrenaline Inhibits Insulin Secretion	4	329	15	2922	2.368	7.903e-02	2.098e-01	0	0
ATF3	Constitutive Signaling by AKT1 E17K in Cancer	4	329	15	2922	2.368	7.903e-02	2.098e-01	0	0
ATF3	Defective Intrinsic Pathway for Apoptosis	4	329	15	2922	2.368	7.903e-02	2.098e-01	0	0
ATF3	HDR Through Homologous Recombination (HRR)	4	329	15	2922	2.368	7.903e-02	2.098e-01	0	0
ATF3	RHO GTPases Activate ROCKs	4	329	15	2922	2.368	7.903e-02	2.098e-01	0	0
ATF3	Regulation of Endogenous Retroelements by KRAB-ZFP Proteins	4	329	15	2922	2.368	7.903e-02	2.098e-01	0	0
ATF3	Signaling by Hippo	4	329	15	2922	2.368	7.903e-02	2.098e-01	0	0
ATF3	Spry Regulation of FGF Signaling	4	329	15	2922	2.368	7.903e-02	2.098e-01	0	0
ATF3	Loss of Nlp From Mitotic Centrosomes	7	329	34	2922	1.829	7.988e-02	2.106e-01	0	0
ATF3	Loss of Proteins Required for Interphase Microtubule Organization From the Centrosome	7	329	34	2922	1.829	7.988e-02	2.106e-01	0	0
ATF3	MAPK6 MAPK4 Signaling	7	329	34	2922	1.829	7.988e-02	2.106e-01	0	0
ATF3	G Alpha (Q) Signalling Events	12	329	69	2922	1.545	8.076e-02	2.124e-01	0	0
ATF3	Protein Localization	11	329	62	2922	1.576	8.220e-02	2.156e-01	0	0
ATF3	SARS-CoV-2 Activates Modulates Innate and Adaptive Immune Responses	9	329	48	2922	1.665	8.332e-02	2.175e-01	0	0
ATF3	Signaling by the B Cell Receptor (BCR)	9	329	48	2922	1.665	8.332e-02	2.175e-01	0	0
ATF3	Glucose Metabolism	6	329	28	2922	1.903	8.662e-02	2.250e-01	0	0
ATF3	UCH Proteinases	6	329	28	2922	1.903	8.662e-02	2.250e-01	0	0
ATF3	MyD88 Cascade Initiated on Plasma Membrane	11	329	63	2922	1.551	9.007e-02	2.310e-01	0	0
ATF3	Toll Like Receptor 10 (TLR10) Cascade	11	329	63	2922	1.551	9.007e-02	2.310e-01	0	0
ATF3	Toll Like Receptor 5 (TLR5) Cascade	11	329	63	2922	1.551	9.007e-02	2.310e-01	0	0
ATF3	AURKA Activation by TPX2	7	329	35	2922	1.776	9.070e-02	2.310e-01	0	0
ATF3	Degradation of the Extracellular Matrix	7	329	35	2922	1.776	9.070e-02	2.310e-01	0	0
ATF3	HSP90 Chaperone Cycle for Steroid Hormone Receptors (SHR) in the Presence of Ligand	7	329	35	2922	1.776	9.070e-02	2.310e-01	0	0
ATF3	Potential Therapeutics for SARS	10	329	56	2922	1.586	9.161e-02	2.310e-01	0	0
ATF3	Bacterial Infection Pathways	9	329	49	2922	1.631	9.248e-02	2.310e-01	0	0
ATF3	Hedgehog 'Off' State	9	329	49	2922	1.631	9.248e-02	2.310e-01	0	0
ATF3	RAF Activation	5	329	22	2922	2.019	9.268e-02	2.310e-01	0	0
ATF3	Signaling by CSF3 (G-CSF)	5	329	22	2922	2.019	9.268e-02	2.310e-01	0	0
ATF3	Interferon Signaling	17	329	108	2922	1.398	9.299e-02	2.310e-01	0	0
ATF3	Advanced Glycosylation Endproduct Receptor Signaling	3	329	10	2922	2.664	9.317e-02	2.310e-01	0	0
ATF3	CTLA4 Inhibitory Signaling	3	329	10	2922	2.664	9.317e-02	2.310e-01	0	0
ATF3	G Beta Gamma Signalling Through PI3Kgamma	3	329	10	2922	2.664	9.317e-02	2.310e-01	0	0
ATF3	InlB-mediated Entry of Listeria Monocytogenes Into Host Cell	3	329	10	2922	2.664	9.317e-02	2.310e-01	0	0
ATF3	Maturation of hRSV A Proteins	3	329	10	2922	2.664	9.317e-02	2.310e-01	0	0
ATF3	Mitochondrial Unfolded Protein Response (UPRmt)	3	329	10	2922	2.664	9.317e-02	2.310e-01	0	0
ATF3	Synthesis of IP3 and IP4 in the Cytosol	3	329	10	2922	2.664	9.317e-02	2.310e-01	0	0
ATF3	Thromboxane Signalling Through TP Receptor	3	329	10	2922	2.664	9.317e-02	2.310e-01	0	0
ATF3	NOTCH2 Activation and Transmission of Signal to the Nucleus	4	329	16	2922	2.220	9.642e-02	2.380e-01	0	0
ATF3	Peroxisomal Protein Import	4	329	16	2922	2.220	9.642e-02	2.380e-01	0	0
ATF3	ESR-mediated Signaling	14	329	86	2922	1.446	9.717e-02	2.386e-01	0	0
ATF3	Negative Regulation of MAPK Pathway	6	329	29	2922	1.838	9.940e-02	2.386e-01	0	0
ATF3	Regulation of APC C Activators Between G1 S and Early Anaphase	6	329	29	2922	1.838	9.940e-02	2.386e-01	0	0
ATF3	Signaling by FGFR1	6	329	29	2922	1.838	9.940e-02	2.386e-01	0	0
ATF3	TGF-beta Receptor Signaling Activates SMADs	6	329	29	2922	1.838	9.940e-02	2.386e-01	0	0
ATF3	CS DS Degradation	2	329	5	2922	3.553	1.004e-01	2.386e-01	0	0
ATF3	FLT3 Signaling by CBL Mutants	2	329	5	2922	3.553	1.004e-01	2.386e-01	0	0
ATF3	IRF3-mediated Induction of Type I IFN	2	329	5	2922	3.553	1.004e-01	2.386e-01	0	0
ATF3	Lagging Strand Synthesis	2	329	5	2922	3.553	1.004e-01	2.386e-01	0	0
ATF3	Nucleotide Salvage	2	329	5	2922	3.553	1.004e-01	2.386e-01	0	0
ATF3	Processive Synthesis on the Lagging Strand	2	329	5	2922	3.553	1.004e-01	2.386e-01	0	0
ATF3	RUNX3 Regulates CDKN1A Transcription	2	329	5	2922	3.553	1.004e-01	2.386e-01	0	0
ATF3	Removal of the Flap Intermediate	2	329	5	2922	3.553	1.004e-01	2.386e-01	0	0
ATF3	Resolution of AP Sites via the Multiple-Nucleotide Patch Replacement Pathway	2	329	5	2922	3.553	1.004e-01	2.386e-01	0	0
ATF3	Scavenging by Class F Receptors	2	329	5	2922	3.553	1.004e-01	2.386e-01	0	0
ATF3	Sema4D Mediated Inhibition of Cell Attachment and Migration	2	329	5	2922	3.553	1.004e-01	2.386e-01	0	0
ATF3	Translocation of ZAP-70 to Immunological Synapse	2	329	5	2922	3.553	1.004e-01	2.386e-01	0	0
ATF3	DNA Replication Pre-Initiation	7	329	36	2922	1.727	1.023e-01	2.415e-01	0	0
ATF3	Regulation of mRNA Stability by Proteins That Bind AU-rich Elements	7	329	36	2922	1.727	1.023e-01	2.415e-01	0	0
ATF3	Signaling by ERBB2	7	329	36	2922	1.727	1.023e-01	2.415e-01	0	0
ATF3	MITF-M-dependent Gene Expression	8	329	43	2922	1.652	1.029e-01	2.425e-01	0	0
Ab-LTMR.CCKAR	Aerobic Respiration and Respiratory Electron Transport	33	296	104	2922	3.132	5.322e-10	3.640e-07	1	0
Ab-LTMR.CCKAR	Mitochondrial Protein Degradation	20	296	52	2922	3.797	4.311e-08	1.474e-05	1	0
Ab-LTMR.CCKAR	Cristae Formation	11	296	19	2922	5.715	3.471e-07	7.914e-05	1	0
Ab-LTMR.CCKAR	Regulation of Pyruvate Dehydrogenase (PDH) Complex	6	296	6	2922	9.872	1.032e-06	1.733e-04	1	0
Ab-LTMR.CCKAR	Formation of ATP by Chemiosmotic Coupling	9	296	14	2922	6.346	1.267e-06	1.733e-04	0	0
Ab-LTMR.CCKAR	Protein Localization	19	296	62	2922	3.025	5.388e-06	6.142e-04	1	0
Ab-LTMR.CCKAR	Mitochondrial Protein Import	11	296	24	2922	4.524	7.178e-06	7.014e-04	0	0
Ab-LTMR.CCKAR	PDH Complex Synthesizes acetyl-CoA From PYR	5	296	5	2922	9.872	1.035e-05	8.846e-04	0	0
Ab-LTMR.CCKAR	Citric Acid Cycle (TCA Cycle)	6	296	10	2922	5.923	1.519e-04	1.155e-02	0	0
Ab-LTMR.CCKAR	Mitochondrial Biogenesis	14	296	48	2922	2.879	1.752e-04	1.199e-02	0	0
Ab-LTMR.CCKAR	Respiratory Electron Transport	16	296	65	2922	2.430	5.271e-04	3.278e-02	0	0
Ab-LTMR.CCKAR	DNA Damage Recognition in GG-NER	7	296	19	2922	3.637	1.755e-03	8.575e-02	0	0
Ab-LTMR.CCKAR	Pyruvate Metabolism	7	296	19	2922	3.637	1.755e-03	8.575e-02	0	0
Ab-LTMR.CCKAR	Signaling by Retinoic Acid	7	296	19	2922	3.637	1.755e-03	8.575e-02	0	0
Ab-LTMR.CCKAR	Regulation of Pyruvate Metabolism	6	296	15	2922	3.949	2.330e-03	1.063e-01	0	0
Ab-LTMR.CCKAR	Neuronal System	33	296	201	2922	1.621	2.776e-03	1.187e-01	0	0
Ab-LTMR.CCKAR	GABA Receptor Activation	8	296	26	2922	3.037	3.083e-03	1.241e-01	0	0
Ab-LTMR.CCKAR	Fatty Acid Metabolism	11	296	44	2922	2.468	3.439e-03	1.307e-01	0	0
Ab-LTMR.CCKAR	GP1b-IX-V Activation Signalling	4	296	8	2922	4.936	5.193e-03	1.796e-01	0	0
Ab-LTMR.CCKAR	Metabolism of Lipids	33	296	209	2922	1.559	5.250e-03	1.796e-01	0	0
Ab-LTMR.CCKAR	Neurotransmitter Receptors and Postsynaptic Signal Transmission	21	296	118	2922	1.757	6.444e-03	2.068e-01	0	0
Ab-LTMR.CCKAR	Insertion of Tail-Anchored Proteins Into the Endoplasmic Reticulum Membrane	6	296	18	2922	3.291	6.650e-03	2.068e-01	0	0
Ab-LTMR.ETV1	Translation	69	268	127	2922	5.924	4.453e-41	3.300e-38	1	0
Ab-LTMR.ETV1	Viral mRNA Translation	43	268	64	2922	7.325	7.245e-31	2.684e-28	0	0
Ab-LTMR.ETV1	Eukaryotic Translation Termination	43	268	65	2922	7.213	1.976e-30	2.929e-28	0	0
Ab-LTMR.ETV1	Nonsense Mediated Decay (NMD) Independent of the Exon Junction Complex (EJC)	43	268	65	2922	7.213	1.976e-30	2.929e-28	0	0
Ab-LTMR.ETV1	Selenocysteine Synthesis	43	268	65	2922	7.213	1.976e-30	2.929e-28	0	0
Ab-LTMR.ETV1	Eukaryotic Translation Elongation	44	268	69	2922	6.953	4.182e-30	4.849e-28	0	0
Ab-LTMR.ETV1	Formation of a Pool of Free 40S Subunits	43	268	66	2922	7.103	5.235e-30	4.849e-28	0	0
Ab-LTMR.ETV1	Peptide Chain Elongation	43	268	66	2922	7.103	5.235e-30	4.849e-28	0	0
Ab-LTMR.ETV1	GTP Hydrolysis and Joining of the 60S Ribosomal Subunit	43	268	67	2922	6.997	1.349e-29	9.996e-28	0	0
Ab-LTMR.ETV1	L13a-mediated Translational Silencing of Ceruloplasmin Expression	43	268	67	2922	6.997	1.349e-29	9.996e-28	0	0
Ab-LTMR.ETV1	Cap-dependent Translation Initiation	43	268	70	2922	6.698	1.986e-28	1.226e-26	0	0
Ab-LTMR.ETV1	Eukaryotic Translation Initiation	43	268	70	2922	6.698	1.986e-28	1.226e-26	0	0
Ab-LTMR.ETV1	Nonsense Mediated Decay (NMD) Enhanced by the Exon Junction Complex (EJC)	43	268	71	2922	6.603	4.647e-28	2.296e-26	1	0
Ab-LTMR.ETV1	Nonsense-Mediated Decay (NMD)	43	268	71	2922	6.603	4.647e-28	2.296e-26	0	0
Ab-LTMR.ETV1	Response of EIF2AK4 (GCN2) to Amino Acid Deficiency	43	268	71	2922	6.603	4.647e-28	2.296e-26	0	0
Ab-LTMR.ETV1	Influenza Viral RNA Transcription and Replication	45	268	79	2922	6.211	9.780e-28	4.529e-26	0	0
Ab-LTMR.ETV1	Selenoamino Acid Metabolism	43	268	72	2922	6.512	1.065e-27	4.642e-26	0	0
Ab-LTMR.ETV1	Influenza Infection	48	268	91	2922	5.751	1.623e-27	6.681e-26	0	0
Ab-LTMR.ETV1	SRP-dependent Cotranslational Protein Targeting to Membrane	43	268	74	2922	6.336	5.269e-27	2.055e-25	0	0
Ab-LTMR.ETV1	Regulation of Expression of SLITs and ROBOs	46	268	87	2922	5.765	1.985e-26	7.353e-25	0	0
Ab-LTMR.ETV1	Major Pathway of rRNA Processing in the Nucleolus and Cytosol	43	268	78	2922	6.011	1.041e-25	3.507e-24	0	0
Ab-LTMR.ETV1	rRNA Processing in the Nucleus and Cytosol	43	268	78	2922	6.011	1.041e-25	3.507e-24	0	0
Ab-LTMR.ETV1	Cellular Response to Starvation	45	268	88	2922	5.575	4.832e-25	1.557e-23	0	0
Ab-LTMR.ETV1	rRNA Processing	45	268	89	2922	5.513	9.023e-25	2.786e-23	0	0
Ab-LTMR.ETV1	Mitochondrial Translation Elongation	26	268	30	2922	9.449	6.609e-24	1.959e-22	1	0
Ab-LTMR.ETV1	Signaling by ROBO Receptors	48	268	106	2922	4.937	1.078e-23	3.073e-22	0	0
Ab-LTMR.ETV1	Mitochondrial Translation	26	268	32	2922	8.859	1.847e-22	5.070e-21	0	0
Ab-LTMR.ETV1	Mitochondrial Translation Initiation	25	268	30	2922	9.086	3.763e-22	9.615e-21	0	0
Ab-LTMR.ETV1	Mitochondrial Translation Termination	25	268	30	2922	9.086	3.763e-22	9.615e-21	0	0
Ab-LTMR.ETV1	Metabolism of Amino Acids and Derivatives	47	268	112	2922	4.575	1.858e-21	4.589e-20	0	0
Ab-LTMR.ETV1	SARS-CoV-1 Modulates Host Translation Machinery	22	268	29	2922	8.271	5.749e-18	1.331e-16	1	0
Ab-LTMR.ETV1	SARS-CoV-2 Modulates Host Translation Machinery	22	268	29	2922	8.271	5.749e-18	1.331e-16	0	0
Ab-LTMR.ETV1	Axon Guidance	71	268	276	2922	2.805	6.934e-18	1.557e-16	1	0
Ab-LTMR.ETV1	Formation of the Ternary Complex. and Subsequently. the 43S Complex	22	268	30	2922	7.996	1.981e-17	3.967e-16	0	0
Ab-LTMR.ETV1	Ribosomal Scanning and Start Codon Recognition	22	268	30	2922	7.996	1.981e-17	3.967e-16	0	0
Ab-LTMR.ETV1	Translation Initiation Complex Formation	22	268	30	2922	7.996	1.981e-17	3.967e-16	0	0
Ab-LTMR.ETV1	mRNA Activation Upon Binding of the Cap-Binding Complex and eIFs. and Subsequent Binding to 43S	22	268	30	2922	7.996	1.981e-17	3.967e-16	0	0
Ab-LTMR.ETV1	Viral Infection Pathways	79	268	345	2922	2.497	1.066e-16	2.078e-15	0	0
Ab-LTMR.ETV1	Nervous System Development	71	268	292	2922	2.651	2.034e-16	3.864e-15	0	0
Ab-LTMR.ETV1	Infectious Disease	89	268	447	2922	2.171	8.321e-15	1.541e-13	0	0
Ab-LTMR.ETV1	SARS-CoV-2-host Interactions	35	268	91	2922	4.193	1.068e-14	1.930e-13	0	0
Ab-LTMR.ETV1	Cellular Responses to Stress	78	268	369	2922	2.305	2.411e-14	4.254e-13	0	0
Ab-LTMR.ETV1	Cellular Responses to Stimuli	84	268	427	2922	2.145	1.430e-13	2.464e-12	0	0
Ab-LTMR.ETV1	SARS-CoV-1-host Interactions	28	268	68	2922	4.489	8.180e-13	1.378e-11	0	0
Ab-LTMR.ETV1	Metabolism of RNA	50	268	211	2922	2.584	4.203e-11	6.921e-10	0	0
Ab-LTMR.ETV1	SARS-CoV-1 Infection	29	268	86	2922	3.677	1.110e-10	1.788e-09	0	0
Ab-LTMR.ETV1	SARS-CoV-2 Infection	36	268	139	2922	2.824	2.483e-09	3.915e-08	0	0
Ab-LTMR.ETV1	Developmental Biology	77	268	464	2922	1.809	1.505e-08	2.324e-07	0	0
Ab-LTMR.ETV1	Aerobic Respiration and Respiratory Electron Transport	27	268	104	2922	2.831	2.776e-07	4.197e-06	0	0
Ab-LTMR.ETV1	Selective Autophagy	18	268	52	2922	3.774	2.926e-07	4.336e-06	0	0
Ab-LTMR.ETV1	SARS-CoV Infections	41	268	206	2922	2.170	6.264e-07	9.102e-06	0	0
Ab-LTMR.ETV1	Aggrephagy	12	268	26	2922	5.032	8.347e-07	1.189e-05	0	0
Ab-LTMR.ETV1	Mitochondrial Protein Degradation	17	268	52	2922	3.564	1.599e-06	2.236e-05	0	0
Ab-LTMR.ETV1	Macroautophagy	20	268	69	2922	3.160	1.637e-06	2.246e-05	0	0
Ab-LTMR.ETV1	Autophagy	21	268	75	2922	3.053	1.668e-06	2.247e-05	0	0
Ab-LTMR.ETV1	The Role of GTSE1 in G2 M Progression After G2 Checkpoint	13	268	33	2922	4.295	2.613e-06	3.458e-05	0	0
Ab-LTMR.ETV1	Chaperone Mediated Autophagy	8	268	13	2922	6.710	3.876e-06	5.039e-05	0	0
Ab-LTMR.ETV1	Gap Junction Trafficking	9	268	20	2922	4.906	2.732e-05	3.491e-04	0	0
Ab-LTMR.ETV1	Gluconeogenesis	6	268	9	2922	7.269	3.737e-05	4.693e-04	0	0
Ab-LTMR.ETV1	PINK1-PRKN Mediated Mitophagy	9	268	21	2922	4.673	4.401e-05	5.436e-04	0	0
Ab-LTMR.ETV1	Gap Junction Trafficking and Regulation	9	268	22	2922	4.460	6.857e-05	8.028e-04	0	0
Ab-LTMR.ETV1	Maturation of Protein E 9683683	4	268	4	2922	10.903	6.933e-05	8.028e-04	0	0
Ab-LTMR.ETV1	Maturation of Protein E 9694493	4	268	4	2922	10.903	6.933e-05	8.028e-04	0	0
Ab-LTMR.ETV1	Modulation by Mtb of Host Immune System	4	268	4	2922	10.903	6.933e-05	8.028e-04	0	0
Ab-LTMR.ETV1	Glycolysis	10	268	27	2922	4.038	7.346e-05	8.374e-04	0	0
Ab-LTMR.ETV1	Glucose Metabolism	10	268	28	2922	3.894	1.051e-04	1.180e-03	0	0
Ab-LTMR.ETV1	Downregulation of ERBB2 Signaling	8	268	19	2922	4.591	1.391e-04	1.516e-03	0	0
Ab-LTMR.ETV1	Pyruvate Metabolism	8	268	19	2922	4.591	1.391e-04	1.516e-03	0	0
Ab-LTMR.ETV1	VLDLR Internalisation and Degradation	7	268	15	2922	5.088	1.707e-04	1.833e-03	0	0
Ab-LTMR.ETV1	HSP90 Chaperone Cycle for Steroid Hormone Receptors (SHR) in the Presence of Ligand	11	268	35	2922	3.427	1.776e-04	1.880e-03	0	0
Ab-LTMR.ETV1	Regulation of PLK1 Activity at G2 M Transition	13	268	47	2922	3.016	1.968e-04	2.054e-03	0	0
Ab-LTMR.ETV1	Iron Uptake and Transport	9	268	25	2922	3.925	2.198e-04	2.231e-03	0	0
Ab-LTMR.ETV1	Mitophagy	9	268	25	2922	3.925	2.198e-04	2.231e-03	0	0
Ab-LTMR.ETV1	Pexophagy	5	268	8	2922	6.814	2.780e-04	2.747e-03	0	0
Ab-LTMR.ETV1	Regulation of BACH1 Activity	5	268	8	2922	6.814	2.780e-04	2.747e-03	0	0
Ab-LTMR.ETV1	Hedgehog 'Off' State	13	268	49	2922	2.893	3.104e-04	3.026e-03	0	0
Ab-LTMR.ETV1	FLT3 Signaling by CBL Mutants	4	268	5	2922	8.722	3.216e-04	3.095e-03	0	0
Ab-LTMR.ETV1	Recycling Pathway of L1	10	268	33	2922	3.304	4.896e-04	4.651e-03	0	0
Ab-LTMR.ETV1	Dual Incision in GG-NER	6	268	13	2922	5.032	5.553e-04	5.143e-03	0	0
Ab-LTMR.ETV1	Late Endosomal Microautophagy	6	268	13	2922	5.032	5.553e-04	5.143e-03	0	0
Ab-LTMR.ETV1	Plasma Lipoprotein Clearance	8	268	23	2922	3.792	6.509e-04	5.954e-03	0	0
Ab-LTMR.ETV1	Metabolism of Carbohydrates	18	268	88	2922	2.230	7.749e-04	7.003e-03	0	0
Ab-LTMR.ETV1	Josephin Domain DUBs	4	268	6	2922	7.269	8.951e-04	7.665e-03	0	0
Ab-LTMR.ETV1	Myoclonic Epilepsy of Lafora	4	268	6	2922	7.269	8.951e-04	7.665e-03	0	0
Ab-LTMR.ETV1	Protein Hydroxylation	4	268	6	2922	7.269	8.951e-04	7.665e-03	0	0
Ab-LTMR.ETV1	RHOBTB2 GTPase Cycle	6	268	14	2922	4.673	8.977e-04	7.665e-03	0	0
Ab-LTMR.ETV1	Mitochondrial Protein Import	8	268	24	2922	3.634	8.999e-04	7.665e-03	0	0
Ab-LTMR.ETV1	G2 M Transition	17	268	82	2922	2.260	9.227e-04	7.682e-03	0	0
Ab-LTMR.ETV1	Mitotic G2-G2 M Phases	17	268	82	2922	2.260	9.227e-04	7.682e-03	0	0
Ab-LTMR.ETV1	DNA Damage Recognition in GG-NER	7	268	19	2922	4.017	9.680e-04	7.713e-03	0	0
Ab-LTMR.ETV1	Formation of Tubulin Folding Intermediates by CCT TriC	7	268	19	2922	4.017	9.680e-04	7.713e-03	0	0
Ab-LTMR.ETV1	RIPK1-mediated Regulated Necrosis	7	268	19	2922	4.017	9.680e-04	7.713e-03	0	0
Ab-LTMR.ETV1	Regulation of Necroptotic Cell Death	7	268	19	2922	4.017	9.680e-04	7.713e-03	0	0
Ab-LTMR.ETV1	TGF-beta Receptor Signaling in EMT (Epithelial to Mesenchymal Transition)	5	268	10	2922	5.451	1.071e-03	8.447e-03	0	0
Ab-LTMR.ETV1	Cooperation of Prefoldin and TriC CCT in Actin and Tubulin Folding	7	268	20	2922	3.816	1.374e-03	1.067e-02	0	0
Ab-LTMR.ETV1	Regulation of Pyruvate Metabolism	6	268	15	2922	4.361	1.382e-03	1.067e-02	0	0
Ab-LTMR.ETV1	Assembly and Cell Surface Presentation of NMDA Receptors	8	268	26	2922	3.355	1.625e-03	1.241e-02	0	0
Ab-LTMR.ETV1	Downregulation of ERBB2 ERBB3 Signaling	5	268	11	2922	4.956	1.818e-03	1.334e-02	0	0
Ab-LTMR.ETV1	Gap Junction Assembly	5	268	11	2922	4.956	1.818e-03	1.334e-02	0	0
Ab-LTMR.ETV1	Microtubule-dependent Trafficking of Connexons From Golgi to the Plasma Membrane	5	268	11	2922	4.956	1.818e-03	1.334e-02	0	0
Ab-LTMR.ETV1	Transport of Connexons to the Plasma Membrane	5	268	11	2922	4.956	1.818e-03	1.334e-02	0	0
Ab-LTMR.ETV1	Glycogen Storage Diseases	4	268	7	2922	6.230	1.938e-03	1.355e-02	0	0
Ab-LTMR.ETV1	Glycogen Synthesis	4	268	7	2922	6.230	1.938e-03	1.355e-02	0	0
Ab-LTMR.ETV1	PTK6 Regulates RTKs and Their Effectors AKT1 and DOK1	4	268	7	2922	6.230	1.938e-03	1.355e-02	0	0
Ab-LTMR.ETV1	Prevention of Phagosomal-Lysosomal Fusion	4	268	7	2922	6.230	1.938e-03	1.355e-02	0	0
Ab-LTMR.ETV1	Regulation of FZD by Ubiquitination	4	268	7	2922	6.230	1.938e-03	1.355e-02	0	0
Ab-LTMR.ETV1	L1CAM Interactions	15	268	75	2922	2.181	2.673e-03	1.848e-02	0	0
Ab-LTMR.ETV1	Plasma Lipoprotein Assembly. Remodeling. and Clearance	9	268	34	2922	2.886	2.694e-03	1.848e-02	0	0
Ab-LTMR.ETV1	TP53 Regulates Metabolic Genes	11	268	47	2922	2.552	2.730e-03	1.856e-02	0	0
Ab-LTMR.ETV1	Malate-aspartate Shuttle	3	268	4	2922	8.177	2.847e-03	1.865e-02	0	0
Ab-LTMR.ETV1	APC C Cdc20 Mediated Degradation of Cyclin B	5	268	12	2922	4.543	2.886e-03	1.865e-02	0	0
Ab-LTMR.ETV1	Post-chaperonin Tubulin Folding Pathway	5	268	12	2922	4.543	2.886e-03	1.865e-02	0	0
Ab-LTMR.ETV1	Sealing of the Nuclear Envelope (NE) by ESCRT-III	5	268	12	2922	4.543	2.886e-03	1.865e-02	0	0
Ab-LTMR.ETV1	Constitutive Signaling by Ligand-Responsive EGFR Cancer Variants	6	268	17	2922	3.848	2.919e-03	1.865e-02	0	0
Ab-LTMR.ETV1	Lysosome Vesicle Biogenesis	6	268	17	2922	3.848	2.919e-03	1.865e-02	0	0
Ab-LTMR.ETV1	Signaling by Ligand-Responsive EGFR Variants in Cancer	6	268	17	2922	3.848	2.919e-03	1.865e-02	0	0
Ab-LTMR.ETV1	Cellular Response to Chemical Stress	18	268	99	2922	1.982	3.169e-03	2.007e-02	0	0
Ab-LTMR.ETV1	Protein Localization	13	268	62	2922	2.286	3.300e-03	2.051e-02	0	0
Ab-LTMR.ETV1	Chk1 Chk2(Cds1) Mediated Inactivation of Cyclin B Cdk1 Complex	4	268	8	2922	5.451	3.599e-03	2.051e-02	0	0
Ab-LTMR.ETV1	Gap-filling DNA Repair Synthesis and Ligation in GG-NER	4	268	8	2922	5.451	3.599e-03	2.051e-02	0	0
Ab-LTMR.ETV1	InlA-mediated Entry of Listeria Monocytogenes Into Host Cells	4	268	8	2922	5.451	3.599e-03	2.051e-02	0	0
Ab-LTMR.ETV1	Membrane Binding and Targetting of GAG Proteins	4	268	8	2922	5.451	3.599e-03	2.051e-02	0	0
Ab-LTMR.ETV1	Regulation of Innate Immune Responses to Cytosolic DNA	4	268	8	2922	5.451	3.599e-03	2.051e-02	0	0
Ab-LTMR.ETV1	Regulation of PTEN Localization	4	268	8	2922	5.451	3.599e-03	2.051e-02	0	0
Ab-LTMR.ETV1	Synthesis And Processing Of GAG. GAGPOL Polyproteins	4	268	8	2922	5.451	3.599e-03	2.051e-02	0	0
Ab-LTMR.ETV1	TICAM1.TRAF6-dependent Induction of TAK1 Complex	4	268	8	2922	5.451	3.599e-03	2.051e-02	0	0
Ab-LTMR.ETV1	Translesion Synthesis by POLH	4	268	8	2922	5.451	3.599e-03	2.051e-02	0	0
Ab-LTMR.ETV1	Translesion Synthesis by POLI	4	268	8	2922	5.451	3.599e-03	2.051e-02	0	0
Ab-LTMR.ETV1	Translesion Synthesis by POLK	4	268	8	2922	5.451	3.599e-03	2.051e-02	0	0
Ab-LTMR.ETV1	Translesion Synthesis by REV1	4	268	8	2922	5.451	3.599e-03	2.051e-02	0	0
Ab-LTMR.ETV1	Attenuation Phase	6	268	18	2922	3.634	4.047e-03	2.272e-02	0	0
Ab-LTMR.ETV1	Gene and Protein Expression by JAK-STAT Signaling After Interleukin-12 Stimulation	6	268	18	2922	3.634	4.047e-03	2.272e-02	0	0
Ab-LTMR.ETV1	Carboxyterminal Post-Translational Modifications of Tubulin	5	268	13	2922	4.193	4.343e-03	2.401e-02	0	0
Ab-LTMR.ETV1	rRNA Modification in the Nucleus and Cytosol	5	268	13	2922	4.193	4.343e-03	2.401e-02	0	0
Ab-LTMR.ETV1	Degradation of GLI1 by the Proteasome	7	268	24	2922	3.180	4.453e-03	2.444e-02	0	0
Ab-LTMR.ETV1	Respiratory Electron Transport	13	268	65	2922	2.181	5.075e-03	2.745e-02	0	0
Ab-LTMR.ETV1	Signaling by Hedgehog	13	268	65	2922	2.181	5.075e-03	2.745e-02	0	0
Ab-LTMR.ETV1	MHC Class II Antigen Presentation	12	268	58	2922	2.256	5.270e-03	2.814e-02	0	0
Ab-LTMR.ETV1	FBXL7 Down-Regulates AURKA During Mitotic Entry and in Early Mitosis	6	268	19	2922	3.443	5.469e-03	2.814e-02	0	0
Ab-LTMR.ETV1	Formation of Incision Complex in GG-NER	6	268	19	2922	3.443	5.469e-03	2.814e-02	0	0
Ab-LTMR.ETV1	Prefoldin Mediated Transfer of Substrate to CCT TriC	6	268	19	2922	3.443	5.469e-03	2.814e-02	0	0
Ab-LTMR.ETV1	RHO GTPases Activate IQGAPs	6	268	19	2922	3.443	5.469e-03	2.814e-02	0	0
Ab-LTMR.ETV1	RHOBTB GTPase Cycle	6	268	19	2922	3.443	5.469e-03	2.814e-02	0	0
Ab-LTMR.ETV1	Signaling by EGFR in Cancer	6	268	19	2922	3.443	5.469e-03	2.814e-02	0	0
Ab-LTMR.ETV1	Degradation of GLI2 by the Proteasome	7	268	25	2922	3.053	5.711e-03	2.839e-02	0	0
Ab-LTMR.ETV1	GLI3 Is Processed to GLI3R by the Proteasome	7	268	25	2922	3.053	5.711e-03	2.839e-02	0	0
Ab-LTMR.ETV1	HSF1-dependent Transactivation	7	268	25	2922	3.053	5.711e-03	2.839e-02	0	0
Ab-LTMR.ETV1	Alpha-protein Kinase 1 Signaling Pathway	4	268	9	2922	4.846	6.014e-03	2.839e-02	0	0
Ab-LTMR.ETV1	Assembly Of The HIV Virion	4	268	9	2922	4.846	6.014e-03	2.839e-02	0	0
Ab-LTMR.ETV1	Diseases of Carbohydrate Metabolism	4	268	9	2922	4.846	6.014e-03	2.839e-02	0	0
Ab-LTMR.ETV1	Downregulation of ERBB4 Signaling	4	268	9	2922	4.846	6.014e-03	2.839e-02	0	0
Ab-LTMR.ETV1	Formation of Annular Gap Junctions	4	268	9	2922	4.846	6.014e-03	2.839e-02	0	0
Ab-LTMR.ETV1	Glycogen Metabolism	4	268	9	2922	4.846	6.014e-03	2.839e-02	0	0
Ab-LTMR.ETV1	IRAK2 Mediated Activation of TAK1 Complex	4	268	9	2922	4.846	6.014e-03	2.839e-02	0	0
Ab-LTMR.ETV1	Metalloprotease DUBs	4	268	9	2922	4.846	6.014e-03	2.839e-02	0	0
Ab-LTMR.ETV1	Regulation of TBK1. IKKε-mediated Activation of IRF3. IRF7 Upon TLR3 Ligation	4	268	9	2922	4.846	6.014e-03	2.839e-02	0	0
Ab-LTMR.ETV1	TRAF6 Mediated IRF7 Activation in TLR7 8 or 9 Signaling	4	268	9	2922	4.846	6.014e-03	2.839e-02	0	0
Ab-LTMR.ETV1	Recognition of DNA Damage by PCNA-containing Replication Complex	5	268	14	2922	3.894	6.257e-03	2.934e-02	0	0
Ab-LTMR.ETV1	Regulated Necrosis	7	268	26	2922	2.935	7.216e-03	3.304e-02	0	0
Ab-LTMR.ETV1	Formation of TC-NER Pre-Incision Complex	6	268	20	2922	3.271	7.224e-03	3.304e-02	0	0
Ab-LTMR.ETV1	SCF-beta-TrCP Mediated Degradation of Emi1	6	268	20	2922	3.271	7.224e-03	3.304e-02	0	0
Ab-LTMR.ETV1	Vpu Mediated Degradation of CD4	6	268	20	2922	3.271	7.224e-03	3.304e-02	0	0
Ab-LTMR.ETV1	Host Interactions of HIV Factors	11	268	53	2922	2.263	7.271e-03	3.305e-02	0	0
Ab-LTMR.ETV1	MAP3K8 (TPL2)-dependent MAPK1 3 Activation	5	268	15	2922	3.634	8.694e-03	3.904e-02	0	0
Ab-LTMR.ETV1	Synthesis of Active Ubiquitin Roles of E1 and E2 Enzymes	5	268	15	2922	3.634	8.694e-03	3.904e-02	0	0
Ab-LTMR.ETV1	Gap Junction Degradation	4	268	10	2922	4.361	9.310e-03	3.960e-02	0	0
Ab-LTMR.ETV1	InlB-mediated Entry of Listeria Monocytogenes Into Host Cell	4	268	10	2922	4.361	9.310e-03	3.960e-02	0	0
Ab-LTMR.ETV1	Mitochondrial Unfolded Protein Response (UPRmt)	4	268	10	2922	4.361	9.310e-03	3.960e-02	0	0
Ab-LTMR.ETV1	Regulation of NF-kappa B Signaling	4	268	10	2922	4.361	9.310e-03	3.960e-02	0	0
Ab-LTMR.ETV1	Suppression of Phagosomal Maturation	4	268	10	2922	4.361	9.310e-03	3.960e-02	0	0
Ab-LTMR.ETV1	TICAM1-dependent Activation of IRF3 IRF7	4	268	10	2922	4.361	9.310e-03	3.960e-02	0	0
Ab-LTMR.ETV1	Termination of Translesion DNA Synthesis	4	268	10	2922	4.361	9.310e-03	3.960e-02	0	0
Ab-LTMR.ETV1	AUF1 (hnRNP D0) Binds and Destabilizes mRNA	6	268	21	2922	3.115	9.352e-03	3.960e-02	0	0
Ab-LTMR.ETV1	Orc1 Removal From Chromatin	6	268	21	2922	3.115	9.352e-03	3.960e-02	0	0
Ab-LTMR.ETV1	SCF(Skp2)-mediated Degradation of P27 P21	6	268	21	2922	3.115	9.352e-03	3.960e-02	0	0
Ab-LTMR.ETV1	Separation of Sister Chromatids	12	268	63	2922	2.077	1.041e-02	4.384e-02	0	0
Ab-LTMR.ETV1	Interleukin-12 Family Signaling	7	268	28	2922	2.726	1.108e-02	4.639e-02	0	0
Ab-LTMR.ETV1	Activation of AMPK Downstream of NMDARs	5	268	16	2922	3.407	1.172e-02	4.753e-02	0	0
Ab-LTMR.ETV1	Detoxification of Reactive Oxygen Species	5	268	16	2922	3.407	1.172e-02	4.753e-02	0	0
Ab-LTMR.ETV1	NOTCH2 Activation and Transmission of Signal to the Nucleus	5	268	16	2922	3.407	1.172e-02	4.753e-02	0	0
Ab-LTMR.ETV1	GSK3B and BTRC CUL1-mediated-degradation of NFE2L2	6	268	22	2922	2.974	1.189e-02	4.753e-02	0	0
Ab-LTMR.ETV1	Interleukin-12 Signaling	6	268	22	2922	2.974	1.189e-02	4.753e-02	0	0
Ab-LTMR.ETV1	Negative Regulation of NOTCH4 Signaling	6	268	22	2922	2.974	1.189e-02	4.753e-02	0	0
Ab-LTMR.ETV1	Regulation of TP53 Degradation	6	268	22	2922	2.974	1.189e-02	4.753e-02	0	0
Ab-LTMR.ETV1	Regulation of TP53 Expression and Degradation	6	268	22	2922	2.974	1.189e-02	4.753e-02	0	0
Ab-LTMR.ETV1	G2 M Checkpoints	9	268	42	2922	2.336	1.193e-02	4.753e-02	0	0
Ab-LTMR.ETV1	Clathrin-mediated Endocytosis	13	268	72	2922	1.969	1.223e-02	4.846e-02	0	0
Ab-LTMR.ETV1	Global Genome Nucleotide Excision Repair (GG-NER)	7	268	29	2922	2.632	1.349e-02	5.112e-02	0	0
Ab-LTMR.ETV1	Regulation of APC C Activators Between G1 S and Early Anaphase	7	268	29	2922	2.632	1.349e-02	5.112e-02	0	0
Ab-LTMR.ETV1	Regulation of RUNX2 Expression and Activity	7	268	29	2922	2.632	1.349e-02	5.112e-02	0	0
Ab-LTMR.ETV1	Budding and Maturation of HIV Virion	4	268	11	2922	3.965	1.359e-02	5.112e-02	0	0
Ab-LTMR.ETV1	Complex III Assembly	4	268	11	2922	3.965	1.359e-02	5.112e-02	0	0
Ab-LTMR.ETV1	Constitutive Signaling by NOTCH1 HD Domain Mutants	4	268	11	2922	3.965	1.359e-02	5.112e-02	0	0
Ab-LTMR.ETV1	Endosomal Sorting Complex Required For Transport (ESCRT)	4	268	11	2922	3.965	1.359e-02	5.112e-02	0	0
Ab-LTMR.ETV1	Negative Regulation of FLT3	4	268	11	2922	3.965	1.359e-02	5.112e-02	0	0
Ab-LTMR.ETV1	Regulation of TP53 Activity Through Methylation	4	268	11	2922	3.965	1.359e-02	5.112e-02	0	0
Ab-LTMR.ETV1	Signaling by NOTCH1 HD Domain Mutants in Cancer	4	268	11	2922	3.965	1.359e-02	5.112e-02	0	0
Ab-LTMR.ETV1	Recruitment of NuMA to Mitotic Centrosomes	9	268	43	2922	2.282	1.391e-02	5.173e-02	0	0
Ab-LTMR.ETV1	Translocation of SLC2A4 (GLUT4) to the Plasma Membrane	9	268	43	2922	2.282	1.391e-02	5.173e-02	0	0
Ab-LTMR.ETV1	Signaling by ERBB2	8	268	36	2922	2.423	1.403e-02	5.173e-02	0	0
Ab-LTMR.ETV1	trans-Golgi Network Vesicle Budding	8	268	36	2922	2.423	1.403e-02	5.173e-02	0	0
Ab-LTMR.ETV1	Mitotic Anaphase	14	268	82	2922	1.861	1.535e-02	5.587e-02	0	0
Ab-LTMR.ETV1	Mitotic Metaphase and Anaphase	14	268	82	2922	1.861	1.535e-02	5.587e-02	0	0
Ab-LTMR.ETV1	Regulation of Activated PAK-2p34 by Proteasome Mediated Degradation	5	268	17	2922	3.207	1.538e-02	5.587e-02	0	0
Ab-LTMR.ETV1	APC C-mediated Degradation of Cell Cycle Proteins	7	268	30	2922	2.544	1.626e-02	5.849e-02	0	0
Ab-LTMR.ETV1	Regulation of Mitotic Cell Cycle	7	268	30	2922	2.544	1.626e-02	5.849e-02	0	0
Ab-LTMR.ETV1	PCP CE Pathway	8	268	37	2922	2.357	1.652e-02	5.915e-02	0	0
Ab-LTMR.ETV1	Transcriptional Regulation by TP53	21	268	142	2922	1.612	1.724e-02	6.142e-02	0	0
Ab-LTMR.ETV1	Transcription-Coupled Nucleotide Excision Repair (TC-NER)	6	268	24	2922	2.726	1.836e-02	6.439e-02	0	0
Ab-LTMR.ETV1	APC-Cdc20 Mediated Degradation of Nek2A	4	268	12	2922	3.634	1.894e-02	6.439e-02	0	0
Ab-LTMR.ETV1	IRAK1 Recruits IKK Complex	4	268	12	2922	3.634	1.894e-02	6.439e-02	0	0
Ab-LTMR.ETV1	IRAK1 Recruits IKK Complex Upon TLR7 8 or 9 Stimulation	4	268	12	2922	3.634	1.894e-02	6.439e-02	0	0
Ab-LTMR.ETV1	IRAK2 Mediated Activation of TAK1 Complex Upon TLR7 8 or 9 Stimulation	4	268	12	2922	3.634	1.894e-02	6.439e-02	0	0
Ab-LTMR.ETV1	Regulation of TBK1. IKKε (IKBKE)-mediated Activation of IRF3. IRF7	4	268	12	2922	3.634	1.894e-02	6.439e-02	0	0
Ab-LTMR.ETV1	Retrograde Neurotrophin Signalling	4	268	12	2922	3.634	1.894e-02	6.439e-02	0	0
Ab-LTMR.ETV1	Sema3A PAK Dependent Axon Repulsion	4	268	12	2922	3.634	1.894e-02	6.439e-02	0	0
Ab-LTMR.ETV1	Translesion Synthesis by Y Family DNA Polymerases Bypasses Lesions on DNA Template	4	268	12	2922	3.634	1.894e-02	6.439e-02	0	0
Ab-LTMR.ETV1	p75NTR Recruits Signalling Complexes	4	268	12	2922	3.634	1.894e-02	6.439e-02	0	0
Ab-LTMR.ETV1	DNA Damage Bypass	5	268	18	2922	3.029	1.974e-02	6.444e-02	0	0
Ab-LTMR.ETV1	Downregulation of SMAD2 3 SMAD4 Transcriptional Activity	5	268	18	2922	3.029	1.974e-02	6.444e-02	0	0
Ab-LTMR.ETV1	Downregulation of TGF-beta Receptor Signaling	5	268	18	2922	3.029	1.974e-02	6.444e-02	0	0
Ab-LTMR.ETV1	Gamma Carboxylation. Hypusinylation. Hydroxylation. and Arylsulfatase Activation	5	268	18	2922	3.029	1.974e-02	6.444e-02	0	0
Ab-LTMR.ETV1	Response of Mtb to Phagocytosis	5	268	18	2922	3.029	1.974e-02	6.444e-02	0	0
Ab-LTMR.ETV1	Signaling by NOTCH2	5	268	18	2922	3.029	1.974e-02	6.444e-02	0	0
Ab-LTMR.ETV1	Ubiquitin Mediated Degradation of Phosphorylated Cdc25A	5	268	18	2922	3.029	1.974e-02	6.444e-02	0	0
Ab-LTMR.ETV1	p53-Independent DNA Damage Response	5	268	18	2922	3.029	1.974e-02	6.444e-02	0	0
Ab-LTMR.ETV1	p53-Independent G1 S DNA Damage Checkpoint	5	268	18	2922	3.029	1.974e-02	6.444e-02	0	0
Ab-LTMR.ETV1	Mitochondrial Calcium Ion Transport	3	268	7	2922	4.673	2.020e-02	6.566e-02	0	0
Ab-LTMR.ETV1	NIK-->noncanonical NF-kB Signaling	6	268	25	2922	2.617	2.236e-02	7.235e-02	0	0
Ab-LTMR.ETV1	Glutathione Conjugation	2	268	3	2922	7.269	2.362e-02	7.449e-02	0	0
Ab-LTMR.ETV1	Mitochondrial Uncoupling	2	268	3	2922	7.269	2.362e-02	7.449e-02	0	0
Ab-LTMR.ETV1	SARS-CoV-2 Modulates Autophagy	2	268	3	2922	7.269	2.362e-02	7.449e-02	0	0
Ab-LTMR.ETV1	Activated NOTCH1 Transmits Signal to the Nucleus	5	268	19	2922	2.869	2.484e-02	7.449e-02	0	0
Ab-LTMR.ETV1	Autodegradation of the E3 Ubiquitin Ligase COP1	5	268	19	2922	2.869	2.484e-02	7.449e-02	0	0
Ab-LTMR.ETV1	Degradation of AXIN	5	268	19	2922	2.869	2.484e-02	7.449e-02	0	0
Ab-LTMR.ETV1	Dual Incision in TC-NER	5	268	19	2922	2.869	2.484e-02	7.449e-02	0	0
Ab-LTMR.ETV1	Gap-filling DNA Repair Synthesis and Ligation in TC-NER	5	268	19	2922	2.869	2.484e-02	7.449e-02	0	0
Ab-LTMR.ETV1	Infection With Mycobacterium Tuberculosis	5	268	19	2922	2.869	2.484e-02	7.449e-02	0	0
Ab-LTMR.ETV1	Intraflagellar Transport	5	268	19	2922	2.869	2.484e-02	7.449e-02	0	0
Ab-LTMR.ETV1	Regulation of Apoptosis	5	268	19	2922	2.869	2.484e-02	7.449e-02	0	0
Ab-LTMR.ETV1	Ubiquitin-dependent Degradation of Cyclin D	5	268	19	2922	2.869	2.484e-02	7.449e-02	0	0
Ab-LTMR.ETV1	Vif-mediated Degradation of APOBEC3G	5	268	19	2922	2.869	2.484e-02	7.449e-02	0	0
Ab-LTMR.ETV1	Cargo Recognition for Clathrin-Mediated Endocytosis	10	268	55	2922	1.982	2.538e-02	7.449e-02	0	0
Ab-LTMR.ETV1	Post NMDA Receptor Activation Events	10	268	55	2922	1.982	2.538e-02	7.449e-02	0	0
Ab-LTMR.ETV1	Complex IV Assembly	4	268	13	2922	3.355	2.543e-02	7.449e-02	0	0
Ab-LTMR.ETV1	Deregulated CDK5 Triggers Multiple Neurodegenerative Pathways in Alzheimer's Disease Models	4	268	13	2922	3.355	2.543e-02	7.449e-02	0	0
Ab-LTMR.ETV1	ER Quality Control Compartment (ERQC)	4	268	13	2922	3.355	2.543e-02	7.449e-02	0	0
Ab-LTMR.ETV1	LDL Clearance	4	268	13	2922	3.355	2.543e-02	7.449e-02	0	0
Ab-LTMR.ETV1	NF-kB Is Activated and Signals Survival	4	268	13	2922	3.355	2.543e-02	7.449e-02	0	0
Ab-LTMR.ETV1	NRIF Signals Cell Death From the Nucleus	4	268	13	2922	3.355	2.543e-02	7.449e-02	0	0
Ab-LTMR.ETV1	Neurodegenerative Diseases	4	268	13	2922	3.355	2.543e-02	7.449e-02	0	0
Ab-LTMR.ETV1	TICAM1. RIP1-mediated IKK Complex Recruitment	4	268	13	2922	3.355	2.543e-02	7.449e-02	0	0
Ab-LTMR.ETV1	TRAF6-mediated Induction of TAK1 Complex Within TLR4 Complex	4	268	13	2922	3.355	2.543e-02	7.449e-02	0	0
Ab-LTMR.ETV1	Resolution of Sister Chromatid Cohesion	8	268	40	2922	2.181	2.590e-02	7.555e-02	0	0
Ab-LTMR.ETV1	APC C Cdc20 Mediated Degradation of Mitotic Proteins	6	268	26	2922	2.516	2.690e-02	7.705e-02	0	0
Ab-LTMR.ETV1	Activation of APC C and APC C Cdc20 Mediated Degradation of Mitotic Proteins	6	268	26	2922	2.516	2.690e-02	7.705e-02	0	0
Ab-LTMR.ETV1	COPI-independent Golgi-to-ER Retrograde Traffic	6	268	26	2922	2.516	2.690e-02	7.705e-02	0	0
Ab-LTMR.ETV1	Dectin-1 Mediated Noncanonical NF-kB Signaling	6	268	26	2922	2.516	2.690e-02	7.705e-02	0	0
Ab-LTMR.ETV1	Nuclear Envelope (NE) Reassembly	7	268	33	2922	2.313	2.693e-02	7.705e-02	0	0
Ab-LTMR.ETV1	SARS-CoV-2 Activates Modulates Innate and Adaptive Immune Responses	9	268	48	2922	2.044	2.763e-02	7.874e-02	0	0
Ab-LTMR.ETV1	Platelet Degranulation	10	268	56	2922	1.947	2.849e-02	8.088e-02	0	0
Ab-LTMR.ETV1	LGI-ADAM Interactions	3	268	8	2922	4.089	3.016e-02	8.499e-02	0	0
Ab-LTMR.ETV1	WNT5A-dependent Internalization of FZD2. FZD5 and ROR2	3	268	8	2922	4.089	3.016e-02	8.499e-02	0	0
Ab-LTMR.ETV1	Transport of Small Molecules	31	268	242	2922	1.397	3.069e-02	8.614e-02	0	0
Ab-LTMR.ETV1	Bacterial Infection Pathways	9	268	49	2922	2.003	3.123e-02	8.700e-02	0	0
Ab-LTMR.ETV1	Loss of Nlp From Mitotic Centrosomes	7	268	34	2922	2.245	3.135e-02	8.700e-02	0	0
Ab-LTMR.ETV1	Loss of Proteins Required for Interphase Microtubule Organization From the Centrosome	7	268	34	2922	2.245	3.135e-02	8.700e-02	0	0
Ab-LTMR.ETV1	Fanconi Anemia Pathway	4	268	14	2922	3.115	3.310e-02	9.018e-02	0	0
Ab-LTMR.ETV1	Interaction Between L1 and Ankyrins	4	268	14	2922	3.115	3.310e-02	9.018e-02	0	0
Ab-LTMR.ETV1	Listeria Monocytogenes Entry Into Host Cells	4	268	14	2922	3.115	3.310e-02	9.018e-02	0	0
Ab-LTMR.ETV1	Negative Regulation of MET Activity	4	268	14	2922	3.115	3.310e-02	9.018e-02	0	0
Ab-LTMR.ETV1	RAS Processing	4	268	14	2922	3.115	3.310e-02	9.018e-02	0	0
Ab-LTMR.ETV1	AURKA Activation by TPX2	7	268	35	2922	2.181	3.623e-02	9.834e-02	0	0
Ab-LTMR.ETV1	Degradation of DVL	5	268	21	2922	2.596	3.738e-02	1.004e-01	0	0
Ab-LTMR.ETV1	HSF1 Activation	5	268	21	2922	2.596	3.738e-02	1.004e-01	0	0
Ab-LTMR.ETV1	Stabilization of P53	5	268	21	2922	2.596	3.738e-02	1.004e-01	0	0
Ab-LTMR.ETV1	UCH Proteinases	6	268	28	2922	2.336	3.772e-02	1.009e-01	0	0
Ab-LTMR.ETV1	Response to Elevated Platelet Cytosolic Ca2+	10	268	59	2922	1.848	3.941e-02	1.051e-01	0	0
Ab-LTMR.ETV1	Membrane Trafficking	32	268	257	2922	1.358	4.036e-02	1.072e-01	0	0
Ab-LTMR.ETV1	EML4 and NUDC in Mitotic Spindle Formation	7	268	36	2922	2.120	4.159e-02	1.084e-01	0	0
Ab-LTMR.ETV1	Nucleotide Excision Repair	7	268	36	2922	2.120	4.159e-02	1.084e-01	0	0
Ab-LTMR.ETV1	Activation of IRF3. IRF7 Mediated by TBK1. IKKε (IKBKE)	4	268	15	2922	2.907	4.198e-02	1.084e-01	0	0
Ab-LTMR.ETV1	Defective Intrinsic Pathway for Apoptosis	4	268	15	2922	2.907	4.198e-02	1.084e-01	0	0
Ab-LTMR.ETV1	Evasion by RSV of Host Interferon Responses	4	268	15	2922	2.907	4.198e-02	1.084e-01	0	0
Ab-LTMR.ETV1	HDR Through Homologous Recombination (HRR)	4	268	15	2922	2.907	4.198e-02	1.084e-01	0	0
Ab-LTMR.ETV1	Spry Regulation of FGF Signaling	4	268	15	2922	2.907	4.198e-02	1.084e-01	0	0
Ab-LTMR.ETV1	p75NTR Signals via NF-kB	4	268	15	2922	2.907	4.198e-02	1.084e-01	0	0
Ab-LTMR.ETV1	DDX58 IFIH1-mediated Induction of Interferon-Alpha Beta	8	268	44	2922	1.982	4.343e-02	1.117e-01	0	0
Ab-LTMR.ETV1	Cyclin E Associated Events During G1 S Transition	6	268	29	2922	2.256	4.405e-02	1.123e-01	0	0
Ab-LTMR.ETV1	Golgi Associated Vesicle Biogenesis	6	268	29	2922	2.256	4.405e-02	1.123e-01	0	0
Ab-LTMR.ETV1	Aryl Hydrocarbon Receptor Signalling	2	268	4	2922	5.451	4.440e-02	1.123e-01	0	0
Ab-LTMR.ETV1	Protein Repair	2	268	4	2922	5.451	4.440e-02	1.123e-01	0	0
Ab-LTMR.ETV1	Response to Metal Ions	2	268	4	2922	5.451	4.440e-02	1.123e-01	0	0
Ab-LTMR.ETV1	Cyclin D Associated Events in G1	5	268	22	2922	2.478	4.488e-02	1.124e-01	0	0
Ab-LTMR.ETV1	G1 Phase	5	268	22	2922	2.478	4.488e-02	1.124e-01	0	0
Ab-LTMR.ETV1	Regulation of RUNX3 Expression and Activity	5	268	22	2922	2.478	4.488e-02	1.124e-01	0	0
Ab-LTMR.ETV1	Centrosome Maturation	7	268	37	2922	2.063	4.743e-02	1.179e-01	0	0
Ab-LTMR.ETV1	Recruitment of Mitotic Centrosome Proteins and Complexes	7	268	37	2922	2.063	4.743e-02	1.179e-01	0	0
Ab-LTMR.ETV1	Chaperonin-mediated Protein Folding	8	268	45	2922	1.938	4.879e-02	1.209e-01	0	0
Ab-LTMR.ETV1	Activation of NF-kappaB in B Cells	6	268	30	2922	2.181	5.099e-02	1.228e-01	0	0
Ab-LTMR.ETV1	Cyclin A Cdk2-associated Events at S Phase Entry	6	268	30	2922	2.181	5.099e-02	1.228e-01	0	0
Ab-LTMR.ETV1	Switching of Origins to a Post-Replicative State	6	268	30	2922	2.181	5.099e-02	1.228e-01	0	0
Ab-LTMR.ETV1	Vesicle-mediated Transport	33	268	272	2922	1.323	5.165e-02	1.228e-01	0	0
Ab-LTMR.ETV1	Activated TAK1 Mediates P38 MAPK Activation	4	268	16	2922	2.726	5.206e-02	1.228e-01	0	0
Ab-LTMR.ETV1	Deactivation of the Beta-Catenin Transactivating Complex	4	268	16	2922	2.726	5.206e-02	1.228e-01	0	0
Ab-LTMR.ETV1	JNK (c-Jun Kinases) Phosphorylation and Activation Mediated by Activated Human TAK1	4	268	16	2922	2.726	5.206e-02	1.228e-01	0	0
Ab-LTMR.ETV1	NOTCH3 Activation and Transmission of Signal to the Nucleus	4	268	16	2922	2.726	5.206e-02	1.228e-01	0	0
Ab-LTMR.ETV1	Negative Regulation of FGFR2 Signaling	4	268	16	2922	2.726	5.206e-02	1.228e-01	0	0
Ab-LTMR.ETV1	Negative Regulation of FGFR3 Signaling	4	268	16	2922	2.726	5.206e-02	1.228e-01	0	0
Ab-LTMR.ETV1	Negative Regulation of FGFR4 Signaling	4	268	16	2922	2.726	5.206e-02	1.228e-01	0	0
Ab-LTMR.ETV1	Peroxisomal Protein Import	4	268	16	2922	2.726	5.206e-02	1.228e-01	0	0
Ab-LTMR.ETV1	Translation of Structural Proteins 9683701	4	268	16	2922	2.726	5.206e-02	1.228e-01	0	0
Ab-LTMR.ETV1	Activation of NMDA Receptors and Postsynaptic Events	10	268	62	2922	1.759	5.294e-02	1.228e-01	0	0
Ab-LTMR.ETV1	Asymmetric Localization of PCP Proteins	5	268	23	2922	2.370	5.321e-02	1.228e-01	0	0
Ab-LTMR.ETV1	G1 S DNA Damage Checkpoints	5	268	23	2922	2.370	5.321e-02	1.228e-01	0	0
Ab-LTMR.ETV1	Hh Mutants Are Degraded by ERAD	5	268	23	2922	2.370	5.321e-02	1.228e-01	0	0
Ab-LTMR.ETV1	Kinesins	5	268	23	2922	2.370	5.321e-02	1.228e-01	0	0
Ab-LTMR.ETV1	Negative Regulators of DDX58 IFIH1 Signaling	5	268	23	2922	2.370	5.321e-02	1.228e-01	0	0
Ab-LTMR.ETV1	Ovarian Tumor Domain Proteases	5	268	23	2922	2.370	5.321e-02	1.228e-01	0	0
Ab-LTMR.ETV1	p53-Dependent G1 DNA Damage Response	5	268	23	2922	2.370	5.321e-02	1.228e-01	0	0
Ab-LTMR.ETV1	p53-Dependent G1 S DNA Damage Checkpoint	5	268	23	2922	2.370	5.321e-02	1.228e-01	0	0
Ab-LTMR.ETV1	HCMV Early Events	7	268	38	2922	2.008	5.378e-02	1.238e-01	0	0
Ab-LTMR.ETV1	COPI-mediated Anterograde Transport	9	268	54	2922	1.817	5.414e-02	1.242e-01	0	0
Ab-LTMR.ETV1	Nuclear Events Mediated by NFE2L2	8	268	46	2922	1.896	5.458e-02	1.248e-01	0	0
Ab-LTMR.ETV1	Mitotic Prometaphase	11	268	71	2922	1.689	5.592e-02	1.273e-01	0	0
Ab-LTMR.ETV1	Glucagon-type Ligand Receptors	3	268	10	2922	3.271	5.635e-02	1.273e-01	0	0
Ab-LTMR.ETV1	SARS-CoV-2 Targets Host Intracellular Signalling and Regulatory Pathways	3	268	10	2922	3.271	5.635e-02	1.273e-01	0	0
Ab-LTMR.ETV1	mTORC1-mediated Signalling	3	268	10	2922	3.271	5.635e-02	1.273e-01	0	0
Ab-LTMR.ETV1	Regulation of PTEN Stability and Activity	6	268	31	2922	2.110	5.857e-02	1.319e-01	0	0
Ab-LTMR.ETV1	Transcriptional Regulation by RUNX2	9	268	55	2922	1.784	5.977e-02	1.342e-01	0	0
Ab-LTMR.ETV1	Protein Folding	8	268	47	2922	1.856	6.078e-02	1.354e-01	0	0
Ab-LTMR.ETV1	RHO GTPases Activate Formins	8	268	47	2922	1.856	6.078e-02	1.354e-01	0	0
Ab-LTMR.ETV1	HIV Infection	11	268	72	2922	1.666	6.086e-02	1.354e-01	0	0
Ab-LTMR.ETV1	APC C Cdc20 Mediated Degradation of Securin	5	268	24	2922	2.271	6.239e-02	1.372e-01	0	0
Ab-LTMR.ETV1	Hh Mutants Abrogate Ligand Secretion	5	268	24	2922	2.271	6.239e-02	1.372e-01	0	0
Ab-LTMR.ETV1	Oxygen-dependent Proline Hydroxylation of Hypoxia-inducible Factor Alpha	5	268	24	2922	2.271	6.239e-02	1.372e-01	0	0
Ab-LTMR.ETV1	TAK1-dependent IKK and NF-kappa-B Activation	5	268	24	2922	2.271	6.239e-02	1.372e-01	0	0
Ab-LTMR.ETV1	IKK Complex Recruitment Mediated by RIP1	4	268	17	2922	2.565	6.335e-02	1.377e-01	0	0
Ab-LTMR.ETV1	Inactivation of CSF3 (G-CSF) Signaling	4	268	17	2922	2.565	6.335e-02	1.377e-01	0	0
Ab-LTMR.ETV1	Negative Regulation of FGFR1 Signaling	4	268	17	2922	2.565	6.335e-02	1.377e-01	0	0
Ab-LTMR.ETV1	Regulation of Signaling by CBL	4	268	17	2922	2.565	6.335e-02	1.377e-01	0	0
Ab-LTMR.ETV1	Neuronal System	25	268	201	2922	1.356	6.652e-02	1.441e-01	0	0
Ab-LTMR.ETV1	Potassium Channels	6	268	32	2922	2.044	6.679e-02	1.443e-01	0	0
Ab-LTMR.ETV1	Respiratory Syncytial Virus Infection Pathway	8	268	48	2922	1.817	6.741e-02	1.452e-01	0	0
Ab-LTMR.ETV1	Activation of BAD and Translocation to Mitochondria	3	268	11	2922	2.974	7.238e-02	1.528e-01	0	0
Ab-LTMR.ETV1	APC Cdc20 Mediated Degradation of Cell Cycle Proteins Prior to Satisfation of the Checkpoint	5	268	25	2922	2.181	7.239e-02	1.528e-01	0	0
Ab-LTMR.ETV1	Autodegradation of Cdh1 by Cdh1 APC C	5	268	25	2922	2.181	7.239e-02	1.528e-01	0	0
Ab-LTMR.ETV1	CDK-mediated Phosphorylation and Removal of Cdc6	5	268	25	2922	2.181	7.239e-02	1.528e-01	0	0
Ab-LTMR.ETV1	Cdc20 Phospho-APC C Mediated Degradation of Cyclin A	5	268	25	2922	2.181	7.239e-02	1.528e-01	0	0
Ab-LTMR.ETV1	Homology Directed Repair	5	268	25	2922	2.181	7.239e-02	1.528e-01	0	0
Ab-LTMR.ETV1	RUNX1 Regulates Transcription of Genes Involved in Differentiation of HSCs	5	268	25	2922	2.181	7.239e-02	1.528e-01	0	0
Ab-LTMR.ETV1	Nucleotide-binding Domain. Leucine Rich Repeat Containing Receptor (NLR) Signaling Pathways	6	268	33	2922	1.982	7.565e-02	1.580e-01	0	0
Ab-LTMR.ETV1	Calnexin Calreticulin Cycle	4	268	18	2922	2.423	7.581e-02	1.580e-01	0	0
Ab-LTMR.ETV1	Long-term Potentiation	4	268	18	2922	2.423	7.581e-02	1.580e-01	0	0
Ab-LTMR.ETV1	SMAD2 SMAD3 SMAD4 Heterotrimer Regulates Transcription	4	268	18	2922	2.423	7.581e-02	1.580e-01	0	0
Ab-LTMR.ETV1	Anchoring of the Basal Body to the Plasma Membrane	7	268	41	2922	1.861	7.589e-02	1.580e-01	0	0
Ab-LTMR.ETV1	APC C Cdh1 Mediated Degradation of Cdc20 and Other APC C Cdh1 Targets in Late Mitosis Early G1	5	268	26	2922	2.097	8.322e-02	1.713e-01	0	0
Ab-LTMR.ETV1	Amyloid Fiber Formation	5	268	26	2922	2.097	8.322e-02	1.713e-01	0	0
Ab-LTMR.ETV1	Hedgehog Ligand Biogenesis	5	268	26	2922	2.097	8.322e-02	1.713e-01	0	0
Ab-LTMR.ETV1	Transcriptional Activity of SMAD2 SMAD3 SMAD4 Heterotrimer	5	268	26	2922	2.097	8.322e-02	1.713e-01	0	0
Ab-LTMR.ETV1	Cell Cycle Checkpoints	11	268	76	2922	1.578	8.345e-02	1.713e-01	0	0
Ab-LTMR.ETV1	COPI-dependent Golgi-to-ER Retrograde Traffic	7	268	42	2922	1.817	8.429e-02	1.725e-01	0	0
Ab-LTMR.ETV1	MAPK6 MAPK4 Signaling	6	268	34	2922	1.924	8.515e-02	1.733e-01	0	0
Ab-LTMR.ETV1	Regulation of TNFR1 Signaling	6	268	34	2922	1.924	8.515e-02	1.733e-01	0	0
Ab-LTMR.ETV1	Cristae Formation	4	268	19	2922	2.295	8.940e-02	1.805e-01	0	0
Ab-LTMR.ETV1	Drug ADME	4	268	19	2922	2.295	8.940e-02	1.805e-01	0	0
Ab-LTMR.ETV1	NOD1 2 Signaling Pathway	4	268	19	2922	2.295	8.940e-02	1.805e-01	0	0
Ab-LTMR.ETV1	TP53 Regulates Transcription of Cell Cycle Genes	3	268	12	2922	2.726	9.020e-02	1.811e-01	0	0
Ab-LTMR.ETV1	WNT5A-dependent Internalization of FZD4	3	268	12	2922	2.726	9.020e-02	1.811e-01	0	0
Ab-LTMR.ETV1	M Phase	17	268	132	2922	1.404	9.165e-02	1.836e-01	0	0
Ab-LTMR.ETV1	G1 S Transition	7	268	43	2922	1.775	9.320e-02	1.861e-01	0	0
Ab-LTMR.ETV1	KEAP1-NFE2L2 Pathway	9	268	60	2922	1.635	9.340e-02	1.861e-01	0	0
Ab-LTMR.ETV1	Defective CFTR Causes Cystic Fibrosis	5	268	27	2922	2.019	9.486e-02	1.880e-01	0	0
Ab-LTMR.ETV1	Regulation of RAS by GAPs	5	268	27	2922	2.019	9.486e-02	1.880e-01	0	0
Ab-LTMR.ETV1	TNFR2 Non-Canonical NF-kB Pathway	6	268	35	2922	1.869	9.527e-02	1.882e-01	0	0
Ab-LTMR.ETV1	Programmed Cell Death	13	268	96	2922	1.476	9.638e-02	1.899e-01	0	0
Ab-LTMR.ETV1	Regulation of Localization of FOXO Transcription Factors	2	268	6	2922	3.634	9.818e-02	1.911e-01	0	0
Ab-LTMR.ETV1	TP53 Regulates Transcription of Genes Involved in G2 Cell Cycle Arrest	2	268	6	2922	3.634	9.818e-02	1.911e-01	0	0
Ab-LTMR.ETV1	Transport of Nucleosides and Free Purine and Pyrimidine Bases Across the Plasma Membrane	2	268	6	2922	3.634	9.818e-02	1.911e-01	0	0
Ab-LTMR.ETV1	Uptake and Function of Diphtheria Toxin	2	268	6	2922	3.634	9.818e-02	1.911e-01	0	0
Ab-LTMR.ETV1	EPH-Ephrin Signaling	8	268	52	2922	1.677	9.824e-02	1.911e-01	0	0
Ab-LTMR.ETV1	Cellular Response to Heat Stress	9	268	61	2922	1.609	1.012e-01	1.964e-01	0	0
Ab-LTMR.ETV1	Transmission Across Chemical Synapses	19	268	153	2922	1.354	1.025e-01	1.983e-01	0	0
Ab-LTMR.ETV1	Antiviral Mechanism by IFN-stimulated Genes	10	268	70	2922	1.558	1.028e-01	1.984e-01	0	0
Ab-LTMR.ETV1	EGFR Downregulation	4	268	20	2922	2.181	1.041e-01	1.998e-01	0	0
Ab-LTMR.ETV1	FLT3 Signaling in Disease	4	268	20	2922	2.181	1.041e-01	1.998e-01	0	0
Ab-LTMR.ETV1	Degradation of Beta-Catenin by the Destruction Complex	6	268	36	2922	1.817	1.060e-01	2.013e-01	0	0
Ab-LTMR.ETV1	Downstream Signaling Events of B Cell Receptor (BCR)	6	268	36	2922	1.817	1.060e-01	2.013e-01	0	0
Ab-LTMR.ETV1	Regulation of mRNA Stability by Proteins That Bind AU-rich Elements	6	268	36	2922	1.817	1.060e-01	2.013e-01	0	0
Ab-LTMR.ETV1	Signaling by NOTCH4	6	268	36	2922	1.817	1.060e-01	2.013e-01	0	0
Ab-LTMR.ETV1	ABC Transporter Disorders	5	268	28	2922	1.947	1.073e-01	2.013e-01	0	0
Ab-LTMR.ETV1	Cellular Response to Hypoxia	5	268	28	2922	1.947	1.073e-01	2.013e-01	0	0
Ab-LTMR.ETV1	Interleukin-3. Interleukin-5 and GM-CSF Signaling	5	268	28	2922	1.947	1.073e-01	2.013e-01	0	0
Ab-LTMR.ETV1	NOTCH1 Intracellular Domain Regulates Transcription	5	268	28	2922	1.947	1.073e-01	2.013e-01	0	0
Ab-LTMR.ETV1	Regulation of Actin Dynamics for Phagocytic Cup Formation	5	268	28	2922	1.947	1.073e-01	2.013e-01	0	0
Ab-LTMR.ETV1	Respiratory Syncytial Virus (RSV) Genome Replication. Transcription and Translation	3	268	13	2922	2.516	1.096e-01	2.051e-01	0	0
Ab-LTMR.ETV1	Neddylation	11	268	80	2922	1.499	1.106e-01	2.065e-01	0	0
Ab-LTMR.ETV1	HCMV Infection	7	268	45	2922	1.696	1.125e-01	2.095e-01	0	0
Ab-LTMR.ETV1	ABC-family Proteins Mediated Transport	6	268	37	2922	1.768	1.173e-01	2.168e-01	0	0
Ab-LTMR.ETV1	FCERI Mediated NF-kB Activation	6	268	37	2922	1.768	1.173e-01	2.168e-01	0	0
Ab-LTMR.ETV1	Synthesis of DNA	6	268	37	2922	1.768	1.173e-01	2.168e-01	0	0
Ab-LTMR.ETV1	Beta-catenin Independent WNT Signaling	9	268	63	2922	1.558	1.180e-01	2.175e-01	0	0
Ab-LTMR.ETV1	Processing of DNA Double-Strand Break Ends	4	268	21	2922	2.077	1.198e-01	2.186e-01	0	0
Ab-LTMR.ETV1	Recruitment and ATM-med Phosphorylation of Repair and Signaling Proteins at DNA Double Strand Breaks	4	268	21	2922	2.077	1.198e-01	2.186e-01	0	0
Ab-LTMR.ETV1	Signaling by CSF1 (M-CSF) in Myeloid Cells	4	268	21	2922	2.077	1.198e-01	2.186e-01	0	0
Ab-LTMR.ETV1	Uptake and Actions of Bacterial Toxins	4	268	21	2922	2.077	1.198e-01	2.186e-01	0	0
Ab-LTMR.ETV1	Negative Regulation of MAPK Pathway	5	268	29	2922	1.880	1.205e-01	2.188e-01	0	0
Ab-LTMR.ETV1	TGF-beta Receptor Signaling Activates SMADs	5	268	29	2922	1.880	1.205e-01	2.188e-01	0	0
Ab-LTMR.ETV1	Factors Involved in Megakaryocyte Development and Platelet Production	8	268	55	2922	1.586	1.258e-01	2.279e-01	0	0
Ab-LTMR.ETV1	Interconversion of Nucleotide Di- and Triphosphates	2	268	7	2922	3.115	1.294e-01	2.325e-01	0	0
Ab-LTMR.ETV1	Protein Methylation	2	268	7	2922	3.115	1.294e-01	2.325e-01	0	0
Ab-LTMR.ETV1	Formation of ATP by Chemiosmotic Coupling	3	268	14	2922	2.336	1.305e-01	2.325e-01	0	0
Ab-LTMR.ETV1	Ras Activation Upon Ca2+ Influx Through NMDA Receptor	3	268	14	2922	2.336	1.305e-01	2.325e-01	0	0
Ab-LTMR.ETV1	SARS-CoV-1 Targets Host Intracellular Signalling and Regulatory Pathways	3	268	14	2922	2.336	1.305e-01	2.325e-01	0	0
Ab-LTMR.ETV1	Serotonin Neurotransmitter Release Cycle	3	268	14	2922	2.336	1.305e-01	2.325e-01	0	0
Ab-LTMR.ETV1	Signaling by ERBB2 TMD JMD Mutants	3	268	14	2922	2.336	1.305e-01	2.325e-01	0	0
Ab-LTMR.ETV1	RHO GTPase Effectors	14	268	111	2922	1.375	1.342e-01	2.376e-01	0	0
Ab-LTMR.ETV1	Assembly of the Pre-Replicative Complex	5	268	30	2922	1.817	1.344e-01	2.376e-01	0	0
Ab-LTMR.ETV1	FOXO-mediated Transcription	5	268	30	2922	1.817	1.344e-01	2.376e-01	0	0
Ab-LTMR.ETV1	ER to Golgi Anterograde Transport	10	268	74	2922	1.473	1.355e-01	2.378e-01	0	0
Ab-LTMR.ETV1	DNA Double Strand Break Response	4	268	22	2922	1.982	1.364e-01	2.378e-01	0	0
Ab-LTMR.ETV1	G2 M DNA Damage Checkpoint	4	268	22	2922	1.982	1.364e-01	2.378e-01	0	0
Ab-LTMR.ETV1	N-glycan Trimming in the ER and Calnexin Calreticulin Cycle	4	268	22	2922	1.982	1.364e-01	2.378e-01	0	0
Ab-LTMR.ETV1	Oncogene Induced Senescence	4	268	22	2922	1.982	1.364e-01	2.378e-01	0	0
Ab-LTMR.ETV1	Signaling by CSF3 (G-CSF)	4	268	22	2922	1.982	1.364e-01	2.378e-01	0	0
Ab-LTMR.ETV1	DNA Replication	6	268	39	2922	1.677	1.417e-01	2.454e-01	0	0
Ab-LTMR.ETV1	Semaphorin Interactions	6	268	39	2922	1.677	1.417e-01	2.454e-01	0	0
Ab-LTMR.ETV1	Signaling by ERBB4	6	268	39	2922	1.677	1.417e-01	2.454e-01	0	0
Ab-LTMR.LGI2	Formation of ATP by Chemiosmotic Coupling	6	298	14	2922	4.202	1.582e-03	3.436e-01	1	1
Ab-LTMR.LGI2	RHOBTB2 GTPase Cycle	6	298	14	2922	4.202	1.582e-03	3.436e-01	1	1
Ab-LTMR.LGI2	HSP90 Chaperone Cycle for Steroid Hormone Receptors (SHR) in the Presence of Ligand	10	298	35	2922	2.802	1.882e-03	3.436e-01	1	1
Ab-LTMR.LGI2	Aspirin ADME	3	298	4	2922	7.354	3.886e-03	3.436e-01	1	1
Ab-LTMR.LGI2	Sema3A PAK Dependent Axon Repulsion	5	298	12	2922	4.086	4.618e-03	3.436e-01	1	1
Ab-LTMR.NSG2	Aerobic Respiration and Respiratory Electron Transport	40	307	104	2922	3.661	1.450e-14	1.308e-11	1	0
Ab-LTMR.NSG2	The Role of GTSE1 in G2 M Progression After G2 Checkpoint	18	307	33	2922	5.192	3.622e-10	1.634e-07	1	0
Ab-LTMR.NSG2	Selective Autophagy	22	307	52	2922	4.027	2.068e-09	6.218e-07	1	0
Ab-LTMR.NSG2	Aggrephagy	15	307	26	2922	5.491	4.002e-09	9.025e-07	0	0
Ab-LTMR.NSG2	Macroautophagy	25	307	69	2922	3.449	7.558e-09	1.364e-06	0	0
Ab-LTMR.NSG2	Autophagy	26	307	75	2922	3.300	1.101e-08	1.655e-06	0	0
Ab-LTMR.NSG2	Mitochondrial Protein Degradation	21	307	52	2922	3.844	1.345e-08	1.733e-06	1	0
Ab-LTMR.NSG2	Regulation of Expression of SLITs and ROBOs	27	307	87	2922	2.954	8.347e-08	9.411e-06	1	0
Ab-LTMR.NSG2	Signaling by ROBO Receptors	30	307	106	2922	2.694	1.570e-07	1.573e-05	0	0
Ab-LTMR.NSG2	Cellular Responses to Stress	69	307	369	2922	1.780	2.529e-07	2.100e-05	0	0
Ab-LTMR.NSG2	Respiratory Electron Transport	22	307	65	2922	3.221	2.561e-07	2.100e-05	0	0
Ab-LTMR.NSG2	G2 M Transition	25	307	82	2922	2.902	3.802e-07	2.638e-05	0	0
Ab-LTMR.NSG2	Mitotic G2-G2 M Phases	25	307	82	2922	2.902	3.802e-07	2.638e-05	0	0
Ab-LTMR.NSG2	Axon Guidance	55	307	276	2922	1.897	6.695e-07	4.101e-05	0	0
Ab-LTMR.NSG2	Chaperone Mediated Autophagy	9	307	13	2922	6.589	6.820e-07	4.101e-05	0	0
Ab-LTMR.NSG2	Eukaryotic Translation Elongation	22	307	69	2922	3.035	8.350e-07	4.707e-05	0	0
Ab-LTMR.NSG2	Peptide Chain Elongation	21	307	66	2922	3.028	1.558e-06	8.268e-05	0	0
Ab-LTMR.NSG2	Separation of Sister Chromatids	20	307	63	2922	3.022	2.905e-06	1.456e-04	0	0
Ab-LTMR.NSG2	SRP-dependent Cotranslational Protein Targeting to Membrane	22	307	74	2922	2.830	3.153e-06	1.497e-04	0	0
Ab-LTMR.NSG2	Viral mRNA Translation	20	307	64	2922	2.974	3.827e-06	1.673e-04	0	0
Ab-LTMR.NSG2	Cellular Responses to Stimuli	73	307	427	2922	1.627	4.176e-06	1.673e-04	0	0
Ab-LTMR.NSG2	Hedgehog 'Off' State	17	307	49	2922	3.302	4.233e-06	1.673e-04	0	0
Ab-LTMR.NSG2	Nervous System Development	55	307	292	2922	1.793	4.419e-06	1.673e-04	0	0
Ab-LTMR.NSG2	HSP90 Chaperone Cycle for Steroid Hormone Receptors (SHR) in the Presence of Ligand	14	307	35	2922	3.807	4.465e-06	1.673e-04	0	0
Ab-LTMR.NSG2	Eukaryotic Translation Termination	20	307	65	2922	2.929	5.007e-06	1.673e-04	0	0
Ab-LTMR.NSG2	Nonsense Mediated Decay (NMD) Independent of the Exon Junction Complex (EJC)	20	307	65	2922	2.929	5.007e-06	1.673e-04	0	0
Ab-LTMR.NSG2	Selenocysteine Synthesis	20	307	65	2922	2.929	5.007e-06	1.673e-04	0	0
Ab-LTMR.NSG2	FBXL7 Down-Regulates AURKA During Mitotic Entry and in Early Mitosis	10	307	19	2922	5.009	5.535e-06	1.754e-04	0	0
Ab-LTMR.NSG2	Nonsense Mediated Decay (NMD) Enhanced by the Exon Junction Complex (EJC)	21	307	71	2922	2.815	5.834e-06	1.754e-04	0	0
Ab-LTMR.NSG2	Nonsense-Mediated Decay (NMD)	21	307	71	2922	2.815	5.834e-06	1.754e-04	0	0
Ab-LTMR.NSG2	Formation of a Pool of Free 40S Subunits	20	307	66	2922	2.884	6.506e-06	1.893e-04	0	0
Ab-LTMR.NSG2	rRNA Processing	24	307	89	2922	2.567	7.465e-06	2.104e-04	0	0
Ab-LTMR.NSG2	GTP Hydrolysis and Joining of the 60S Ribosomal Subunit	20	307	67	2922	2.841	8.400e-06	2.228e-04	0	0
Ab-LTMR.NSG2	L13a-mediated Translational Silencing of Ceruloplasmin Expression	20	307	67	2922	2.841	8.400e-06	2.228e-04	0	0
Ab-LTMR.NSG2	Degradation of GLI1 by the Proteasome	11	307	24	2922	4.362	1.028e-05	2.590e-04	0	0
Ab-LTMR.NSG2	Influenza Viral RNA Transcription and Replication	22	307	79	2922	2.651	1.034e-05	2.590e-04	0	0
Ab-LTMR.NSG2	Influenza Infection	24	307	91	2922	2.510	1.134e-05	2.764e-04	0	0
Ab-LTMR.NSG2	Complex I Biogenesis	13	307	33	2922	3.749	1.211e-05	2.875e-04	0	0
Ab-LTMR.NSG2	Neddylation	22	307	80	2922	2.617	1.291e-05	2.986e-04	0	0
Ab-LTMR.NSG2	Regulation of RUNX2 Expression and Activity	12	307	29	2922	3.938	1.461e-05	3.294e-04	0	0
Ab-LTMR.NSG2	Degradation of GLI2 by the Proteasome	11	307	25	2922	4.188	1.665e-05	3.345e-04	0	0
Ab-LTMR.NSG2	GLI3 Is Processed to GLI3R by the Proteasome	11	307	25	2922	4.188	1.665e-05	3.345e-04	0	0
Ab-LTMR.NSG2	AUF1 (hnRNP D0) Binds and Destabilizes mRNA	10	307	21	2922	4.532	1.742e-05	3.345e-04	0	0
Ab-LTMR.NSG2	Orc1 Removal From Chromatin	10	307	21	2922	4.532	1.742e-05	3.345e-04	0	0
Ab-LTMR.NSG2	SCF(Skp2)-mediated Degradation of P27 P21	10	307	21	2922	4.532	1.742e-05	3.345e-04	0	0
Ab-LTMR.NSG2	Cap-dependent Translation Initiation	20	307	70	2922	2.719	1.743e-05	3.345e-04	0	0
Ab-LTMR.NSG2	Eukaryotic Translation Initiation	20	307	70	2922	2.719	1.743e-05	3.345e-04	0	0
Ab-LTMR.NSG2	Metabolism of Amino Acids and Derivatives	27	307	112	2922	2.294	1.941e-05	3.585e-04	0	0
Ab-LTMR.NSG2	Mitotic Anaphase	22	307	82	2922	2.554	1.987e-05	3.585e-04	0	0
Ab-LTMR.NSG2	Mitotic Metaphase and Anaphase	22	307	82	2922	2.554	1.987e-05	3.585e-04	0	0
Ab-LTMR.NSG2	Response of EIF2AK4 (GCN2) to Amino Acid Deficiency	20	307	71	2922	2.681	2.198e-05	3.887e-04	0	0
Ab-LTMR.NSG2	Selenoamino Acid Metabolism	20	307	72	2922	2.644	2.756e-05	4.692e-04	0	0
Ab-LTMR.NSG2	GSK3B and BTRC CUL1-mediated-degradation of NFE2L2	10	307	22	2922	4.326	2.899e-05	4.692e-04	0	0
Ab-LTMR.NSG2	Negative Regulation of NOTCH4 Signaling	10	307	22	2922	4.326	2.899e-05	4.692e-04	0	0
Ab-LTMR.NSG2	Major Pathway of rRNA Processing in the Nucleolus and Cytosol	21	307	78	2922	2.563	2.913e-05	4.692e-04	0	0
Ab-LTMR.NSG2	rRNA Processing in the Nucleus and Cytosol	21	307	78	2922	2.563	2.913e-05	4.692e-04	0	0
Ab-LTMR.NSG2	Regulation of BACH1 Activity	6	307	8	2922	7.138	2.995e-05	4.739e-04	0	0
Ab-LTMR.NSG2	Regulation of PLK1 Activity at G2 M Transition	15	307	47	2922	3.038	4.912e-05	7.203e-04	0	0
Ab-LTMR.NSG2	DNA Damage Recognition in GG-NER	9	307	19	2922	4.508	4.951e-05	7.203e-04	0	0
Ab-LTMR.NSG2	Downregulation of ERBB2 Signaling	9	307	19	2922	4.508	4.951e-05	7.203e-04	0	0
Ab-LTMR.NSG2	Pyruvate Metabolism	9	307	19	2922	4.508	4.951e-05	7.203e-04	0	0
Ab-LTMR.NSG2	Vif-mediated Degradation of APOBEC3G	9	307	19	2922	4.508	4.951e-05	7.203e-04	0	0
Ab-LTMR.NSG2	Host Interactions of HIV Factors	16	307	53	2922	2.873	5.919e-05	8.475e-04	0	0
Ab-LTMR.NSG2	Cellular Response to Starvation	22	307	88	2922	2.379	6.539e-05	9.122e-04	0	0
Ab-LTMR.NSG2	Sema3A PAK Dependent Axon Repulsion	7	307	12	2922	5.552	6.573e-05	9.122e-04	0	0
Ab-LTMR.NSG2	Josephin Domain DUBs	5	307	6	2922	7.932	6.816e-05	9.315e-04	0	0
Ab-LTMR.NSG2	Mitochondrial Protein Import	10	307	24	2922	3.966	7.249e-05	9.727e-04	0	0
Ab-LTMR.NSG2	Signaling by Hedgehog	18	307	65	2922	2.636	7.333e-05	9.727e-04	0	0
Ab-LTMR.NSG2	Adaptive Immune System	51	307	290	2922	1.674	7.572e-05	9.898e-04	0	0
Ab-LTMR.NSG2	SCF-beta-TrCP Mediated Degradation of Emi1	9	307	20	2922	4.283	8.179e-05	1.015e-03	0	0
Ab-LTMR.NSG2	Vpu Mediated Degradation of CD4	9	307	20	2922	4.283	8.179e-05	1.015e-03	0	0
Ab-LTMR.NSG2	Gluconeogenesis	6	307	9	2922	6.345	8.193e-05	1.015e-03	0	0
Ab-LTMR.NSG2	Activation of AMPK Downstream of NMDARs	8	307	16	2922	4.759	8.211e-05	1.015e-03	0	0
Ab-LTMR.NSG2	Infectious Disease	71	307	447	2922	1.512	8.362e-05	1.019e-03	0	0
Ab-LTMR.NSG2	Initial Triggering of Complement	4	307	4	2922	9.518	1.197e-04	1.385e-03	0	0
Ab-LTMR.NSG2	Maturation of Protein E 9683683	4	307	4	2922	9.518	1.197e-04	1.385e-03	0	0
Ab-LTMR.NSG2	Maturation of Protein E 9694493	4	307	4	2922	9.518	1.197e-04	1.385e-03	0	0
Ab-LTMR.NSG2	Modulation by Mtb of Host Immune System	4	307	4	2922	9.518	1.197e-04	1.385e-03	0	0
Ab-LTMR.NSG2	Resolution of Sister Chromatid Cohesion	13	307	40	2922	3.093	1.282e-04	1.431e-03	0	0
Ab-LTMR.NSG2	Late Endosomal Microautophagy	7	307	13	2922	5.125	1.297e-04	1.431e-03	0	0
Ab-LTMR.NSG2	Degradation of DVL	9	307	21	2922	4.079	1.301e-04	1.431e-03	0	0
Ab-LTMR.NSG2	PINK1-PRKN Mediated Mitophagy	9	307	21	2922	4.079	1.301e-04	1.431e-03	0	0
Ab-LTMR.NSG2	Protein Localization	17	307	62	2922	2.610	1.335e-04	1.451e-03	0	0
Ab-LTMR.NSG2	Innate Immune System	62	307	382	2922	1.545	1.401e-04	1.463e-03	0	0
Ab-LTMR.NSG2	Constitutive Signaling by Ligand-Responsive EGFR Cancer Variants	8	307	17	2922	4.479	1.411e-04	1.463e-03	0	0
Ab-LTMR.NSG2	Regulation of Activated PAK-2p34 by Proteasome Mediated Degradation	8	307	17	2922	4.479	1.411e-04	1.463e-03	0	0
Ab-LTMR.NSG2	Signaling by Ligand-Responsive EGFR Variants in Cancer	8	307	17	2922	4.479	1.411e-04	1.463e-03	0	0
Ab-LTMR.NSG2	Signaling by Rho GTPases. Miro GTPases and RHOBTB3	46	307	260	2922	1.684	1.547e-04	1.586e-03	0	0
Ab-LTMR.NSG2	Mitochondrial Unfolded Protein Response (UPRmt)	6	307	10	2922	5.711	1.868e-04	1.893e-03	0	0
Ab-LTMR.NSG2	Signaling by Rho GTPases	45	307	255	2922	1.680	1.959e-04	1.964e-03	0	0
Ab-LTMR.NSG2	Ubiquitin Mediated Degradation of Phosphorylated Cdc25A	8	307	18	2922	4.230	2.310e-04	2.240e-03	0	0
Ab-LTMR.NSG2	p53-Independent DNA Damage Response	8	307	18	2922	4.230	2.310e-04	2.240e-03	0	0
Ab-LTMR.NSG2	p53-Independent G1 S DNA Damage Checkpoint	8	307	18	2922	4.230	2.310e-04	2.240e-03	0	0
Ab-LTMR.NSG2	Formation of ATP by Chemiosmotic Coupling	7	307	14	2922	4.759	2.362e-04	2.266e-03	0	0
Ab-LTMR.NSG2	Signaling by the B Cell Receptor (BCR)	14	307	48	2922	2.776	2.593e-04	2.462e-03	0	0
Ab-LTMR.NSG2	TCR Signaling	15	307	54	2922	2.644	2.844e-04	2.672e-03	0	0
Ab-LTMR.NSG2	G1 S DNA Damage Checkpoints	9	307	23	2922	3.724	2.987e-04	2.695e-03	0	0
Ab-LTMR.NSG2	Hh Mutants Are Degraded by ERAD	9	307	23	2922	3.724	2.987e-04	2.695e-03	0	0
Ab-LTMR.NSG2	p53-Dependent G1 DNA Damage Response	9	307	23	2922	3.724	2.987e-04	2.695e-03	0	0
Ab-LTMR.NSG2	p53-Dependent G1 S DNA Damage Checkpoint	9	307	23	2922	3.724	2.987e-04	2.695e-03	0	0
Ab-LTMR.NSG2	Fc Epsilon Receptor (FCERI) Signaling	18	307	72	2922	2.379	3.056e-04	2.730e-03	0	0
Ab-LTMR.NSG2	Viral Infection Pathways	56	307	345	2922	1.545	3.150e-04	2.786e-03	0	0
Ab-LTMR.NSG2	Post NMDA Receptor Activation Events	15	307	55	2922	2.596	3.545e-04	2.897e-03	0	0
Ab-LTMR.NSG2	Transcriptional Regulation by RUNX2	15	307	55	2922	2.596	3.545e-04	2.897e-03	0	0
Ab-LTMR.NSG2	Autodegradation of the E3 Ubiquitin Ligase COP1	8	307	19	2922	4.008	3.630e-04	2.897e-03	0	0
Ab-LTMR.NSG2	Cristae Formation	8	307	19	2922	4.008	3.630e-04	2.897e-03	0	0
Ab-LTMR.NSG2	Degradation of AXIN	8	307	19	2922	4.008	3.630e-04	2.897e-03	0	0
Ab-LTMR.NSG2	Formation of Tubulin Folding Intermediates by CCT TriC	8	307	19	2922	4.008	3.630e-04	2.897e-03	0	0
Ab-LTMR.NSG2	RIPK1-mediated Regulated Necrosis	8	307	19	2922	4.008	3.630e-04	2.897e-03	0	0
Ab-LTMR.NSG2	Regulation of Apoptosis	8	307	19	2922	4.008	3.630e-04	2.897e-03	0	0
Ab-LTMR.NSG2	Regulation of Necroptotic Cell Death	8	307	19	2922	4.008	3.630e-04	2.897e-03	0	0
Ab-LTMR.NSG2	Signaling by EGFR in Cancer	8	307	19	2922	4.008	3.630e-04	2.897e-03	0	0
Ab-LTMR.NSG2	Ubiquitin-dependent Degradation of Cyclin D	8	307	19	2922	4.008	3.630e-04	2.897e-03	0	0
Ab-LTMR.NSG2	Gap Junction Assembly	6	307	11	2922	5.192	3.748e-04	2.915e-03	0	0
Ab-LTMR.NSG2	Microtubule-dependent Trafficking of Connexons From Golgi to the Plasma Membrane	6	307	11	2922	5.192	3.748e-04	2.915e-03	0	0
Ab-LTMR.NSG2	Transport of Connexons to the Plasma Membrane	6	307	11	2922	5.192	3.748e-04	2.915e-03	0	0
Ab-LTMR.NSG2	Regulation of Pyruvate Metabolism	7	307	15	2922	4.442	4.034e-04	3.110e-03	0	0
Ab-LTMR.NSG2	Cellular Response to Chemical Stress	22	307	99	2922	2.115	4.149e-04	3.171e-03	0	0
Ab-LTMR.NSG2	Hh Mutants Abrogate Ligand Secretion	9	307	24	2922	3.569	4.345e-04	3.266e-03	0	0
Ab-LTMR.NSG2	Oxygen-dependent Proline Hydroxylation of Hypoxia-inducible Factor Alpha	9	307	24	2922	3.569	4.345e-04	3.266e-03	0	0
Ab-LTMR.NSG2	MAPK6 MAPK4 Signaling	11	307	34	2922	3.079	4.469e-04	3.331e-03	0	0
Ab-LTMR.NSG2	Cyclin E Associated Events During G1 S Transition	10	307	29	2922	3.282	4.575e-04	3.355e-03	0	0
Ab-LTMR.NSG2	Regulation of APC C Activators Between G1 S and Early Anaphase	10	307	29	2922	3.282	4.575e-04	3.355e-03	0	0
Ab-LTMR.NSG2	Downstream TCR Signaling	13	307	45	2922	2.750	4.776e-04	3.474e-03	0	0
Ab-LTMR.NSG2	Pexophagy	5	307	8	2922	5.949	5.315e-04	3.805e-03	0	0
Ab-LTMR.NSG2	Translesion Synthesis by POLH	5	307	8	2922	5.949	5.315e-04	3.805e-03	0	0
Ab-LTMR.NSG2	FLT3 Signaling by CBL Mutants	4	307	5	2922	7.614	5.489e-04	3.819e-03	0	0
Ab-LTMR.NSG2	Cooperation of Prefoldin and TriC CCT in Actin and Tubulin Folding	8	307	20	2922	3.807	5.504e-04	3.819e-03	0	0
Ab-LTMR.NSG2	FLT3 Signaling in Disease	8	307	20	2922	3.807	5.504e-04	3.819e-03	0	0
Ab-LTMR.NSG2	Formation of TC-NER Pre-Incision Complex	8	307	20	2922	3.807	5.504e-04	3.819e-03	0	0
Ab-LTMR.NSG2	HSF1-dependent Transactivation	9	307	25	2922	3.426	6.172e-04	4.075e-03	0	0
Ab-LTMR.NSG2	Iron Uptake and Transport	9	307	25	2922	3.426	6.172e-04	4.075e-03	0	0
Ab-LTMR.NSG2	Mitophagy	9	307	25	2922	3.426	6.172e-04	4.075e-03	0	0
Ab-LTMR.NSG2	NIK-->noncanonical NF-kB Signaling	9	307	25	2922	3.426	6.172e-04	4.075e-03	0	0
Ab-LTMR.NSG2	APC C-mediated Degradation of Cell Cycle Proteins	10	307	30	2922	3.173	6.235e-04	4.075e-03	0	0
Ab-LTMR.NSG2	Cyclin A Cdk2-associated Events at S Phase Entry	10	307	30	2922	3.173	6.235e-04	4.075e-03	0	0
Ab-LTMR.NSG2	Regulation of Mitotic Cell Cycle	10	307	30	2922	3.173	6.235e-04	4.075e-03	0	0
Ab-LTMR.NSG2	Switching of Origins to a Post-Replicative State	10	307	30	2922	3.173	6.235e-04	4.075e-03	0	0
Ab-LTMR.NSG2	Post-chaperonin Tubulin Folding Pathway	6	307	12	2922	4.759	6.840e-04	4.407e-03	0	0
Ab-LTMR.NSG2	Sealing of the Nuclear Envelope (NE) by ESCRT-III	6	307	12	2922	4.759	6.840e-04	4.407e-03	0	0
Ab-LTMR.NSG2	Neutrophil Degranulation	32	307	173	2922	1.761	7.682e-04	4.813e-03	0	0
Ab-LTMR.NSG2	Degradation of Beta-Catenin by the Destruction Complex	11	307	36	2922	2.908	7.736e-04	4.813e-03	0	0
Ab-LTMR.NSG2	Downstream Signaling Events of B Cell Receptor (BCR)	11	307	36	2922	2.908	7.736e-04	4.813e-03	0	0
Ab-LTMR.NSG2	EML4 and NUDC in Mitotic Spindle Formation	11	307	36	2922	2.908	7.736e-04	4.813e-03	0	0
Ab-LTMR.NSG2	Signaling by ERBB2	11	307	36	2922	2.908	7.736e-04	4.813e-03	0	0
Ab-LTMR.NSG2	C-type Lectin Receptors (CLRs)	15	307	59	2922	2.420	8.031e-04	4.961e-03	0	0
Ab-LTMR.NSG2	Stabilization of P53	8	307	21	2922	3.626	8.091e-04	4.965e-03	0	0
Ab-LTMR.NSG2	APC C Cdc20 Mediated Degradation of Mitotic Proteins	9	307	26	2922	3.295	8.582e-04	5.093e-03	0	0
Ab-LTMR.NSG2	Activation of APC C and APC C Cdc20 Mediated Degradation of Mitotic Proteins	9	307	26	2922	3.295	8.582e-04	5.093e-03	0	0
Ab-LTMR.NSG2	Assembly and Cell Surface Presentation of NMDA Receptors	9	307	26	2922	3.295	8.582e-04	5.093e-03	0	0
Ab-LTMR.NSG2	Dectin-1 Mediated Noncanonical NF-kB Signaling	9	307	26	2922	3.295	8.582e-04	5.093e-03	0	0
Ab-LTMR.NSG2	Hedgehog Ligand Biogenesis	9	307	26	2922	3.295	8.582e-04	5.093e-03	0	0
Ab-LTMR.NSG2	ABC-family Proteins Mediated Transport	11	307	37	2922	2.830	9.998e-04	5.856e-03	0	0
Ab-LTMR.NSG2	FCERI Mediated NF-kB Activation	11	307	37	2922	2.830	9.998e-04	5.856e-03	0	0
Ab-LTMR.NSG2	Assembly Of The HIV Virion	5	307	9	2922	5.288	1.093e-03	6.282e-03	0	0
Ab-LTMR.NSG2	Downregulation of ERBB4 Signaling	5	307	9	2922	5.288	1.093e-03	6.282e-03	0	0
Ab-LTMR.NSG2	Glycogen Metabolism	5	307	9	2922	5.288	1.093e-03	6.282e-03	0	0
Ab-LTMR.NSG2	G1 S Transition	12	307	43	2922	2.656	1.107e-03	6.292e-03	0	0
Ab-LTMR.NSG2	Classical Antibody-Mediated Complement Activation	3	307	3	2922	9.518	1.150e-03	6.292e-03	0	0
Ab-LTMR.NSG2	Creation of C4 and C2 Activators	3	307	3	2922	9.518	1.150e-03	6.292e-03	0	0
Ab-LTMR.NSG2	Regulation of RUNX3 Expression and Activity	8	307	22	2922	3.461	1.157e-03	6.292e-03	0	0
Ab-LTMR.NSG2	Carboxyterminal Post-Translational Modifications of Tubulin	6	307	13	2922	4.393	1.159e-03	6.292e-03	0	0
Ab-LTMR.NSG2	Dual Incision in GG-NER	6	307	13	2922	4.393	1.159e-03	6.292e-03	0	0
Ab-LTMR.NSG2	Bacterial Infection Pathways	13	307	49	2922	2.525	1.164e-03	6.292e-03	0	0
Ab-LTMR.NSG2	Defective CFTR Causes Cystic Fibrosis	9	307	27	2922	3.173	1.170e-03	6.292e-03	0	0
Ab-LTMR.NSG2	Glycolysis	9	307	27	2922	3.173	1.170e-03	6.292e-03	0	0
Ab-LTMR.NSG2	Regulation of RAS by GAPs	9	307	27	2922	3.173	1.170e-03	6.292e-03	0	0
Ab-LTMR.NSG2	Translation	25	307	127	2922	1.874	1.172e-03	6.292e-03	0	0
Ab-LTMR.NSG2	Activation of NMDA Receptors and Postsynaptic Events	15	307	62	2922	2.303	1.397e-03	7.454e-03	0	0
Ab-LTMR.NSG2	Metabolism of Carbohydrates	19	307	88	2922	2.055	1.482e-03	7.865e-03	0	0
Ab-LTMR.NSG2	Attenuation Phase	7	307	18	2922	3.701	1.509e-03	7.875e-03	0	0
Ab-LTMR.NSG2	Gene and Protein Expression by JAK-STAT Signaling After Interleukin-12 Stimulation	7	307	18	2922	3.701	1.509e-03	7.875e-03	0	0
Ab-LTMR.NSG2	Myoclonic Epilepsy of Lafora	4	307	6	2922	6.345	1.510e-03	7.875e-03	0	0
Ab-LTMR.NSG2	ABC Transporter Disorders	9	307	28	2922	3.059	1.569e-03	7.994e-03	0	0
Ab-LTMR.NSG2	Cellular Response to Hypoxia	9	307	28	2922	3.059	1.569e-03	7.994e-03	0	0
Ab-LTMR.NSG2	Glucose Metabolism	9	307	28	2922	3.059	1.569e-03	7.994e-03	0	0
Ab-LTMR.NSG2	Interleukin-3. Interleukin-5 and GM-CSF Signaling	9	307	28	2922	3.059	1.569e-03	7.994e-03	0	0
Ab-LTMR.NSG2	Asymmetric Localization of PCP Proteins	8	307	23	2922	3.311	1.615e-03	8.145e-03	0	0
Ab-LTMR.NSG2	Semaphorin Interactions	11	307	39	2922	2.685	1.616e-03	8.145e-03	0	0
Ab-LTMR.NSG2	TGF-beta Receptor Signaling in EMT (Epithelial to Mesenchymal Transition)	5	307	10	2922	4.759	2.000e-03	1.002e-02	0	0
Ab-LTMR.NSG2	Global Genome Nucleotide Excision Repair (GG-NER)	9	307	29	2922	2.954	2.069e-03	1.018e-02	0	0
Ab-LTMR.NSG2	SARS-CoV-1 Modulates Host Translation Machinery	9	307	29	2922	2.954	2.069e-03	1.018e-02	0	0
Ab-LTMR.NSG2	SARS-CoV-2 Modulates Host Translation Machinery	9	307	29	2922	2.954	2.069e-03	1.018e-02	0	0
Ab-LTMR.NSG2	M Phase	25	307	132	2922	1.803	2.077e-03	1.018e-02	0	0
Ab-LTMR.NSG2	Prefoldin Mediated Transfer of Substrate to CCT TriC	7	307	19	2922	3.507	2.177e-03	1.041e-02	0	0
Ab-LTMR.NSG2	RHO GTPases Activate IQGAPs	7	307	19	2922	3.507	2.177e-03	1.041e-02	0	0
Ab-LTMR.NSG2	Mitotic Prometaphase	16	307	71	2922	2.145	2.178e-03	1.041e-02	0	0
Ab-LTMR.NSG2	APC C Cdc20 Mediated Degradation of Securin	8	307	24	2922	3.173	2.205e-03	1.041e-02	0	0
Ab-LTMR.NSG2	Signaling by FGFR3	8	307	24	2922	3.173	2.205e-03	1.041e-02	0	0
Ab-LTMR.NSG2	Signaling by FGFR4	8	307	24	2922	3.173	2.205e-03	1.041e-02	0	0
Ab-LTMR.NSG2	Transcription-Coupled Nucleotide Excision Repair (TC-NER)	8	307	24	2922	3.173	2.205e-03	1.041e-02	0	0
Ab-LTMR.NSG2	HIV Infection	16	307	72	2922	2.115	2.539e-03	1.193e-02	0	0
Ab-LTMR.NSG2	Activation of NF-kappaB in B Cells	9	307	30	2922	2.855	2.688e-03	1.231e-02	0	0
Ab-LTMR.NSG2	Formation of the Ternary Complex. and Subsequently. the 43S Complex	9	307	30	2922	2.855	2.688e-03	1.231e-02	0	0
Ab-LTMR.NSG2	Ribosomal Scanning and Start Codon Recognition	9	307	30	2922	2.855	2.688e-03	1.231e-02	0	0
Ab-LTMR.NSG2	Translation Initiation Complex Formation	9	307	30	2922	2.855	2.688e-03	1.231e-02	0	0
Ab-LTMR.NSG2	mRNA Activation Upon Binding of the Cap-Binding Complex and eIFs. and Subsequent Binding to 43S	9	307	30	2922	2.855	2.688e-03	1.231e-02	0	0
Ab-LTMR.NSG2	Evasion by RSV of Host Interferon Responses	6	307	15	2922	3.807	2.816e-03	1.264e-02	0	0
Ab-LTMR.NSG2	MAP3K8 (TPL2)-dependent MAPK1 3 Activation	6	307	15	2922	3.807	2.816e-03	1.264e-02	0	0
Ab-LTMR.NSG2	Spry Regulation of FGF Signaling	6	307	15	2922	3.807	2.816e-03	1.264e-02	0	0
Ab-LTMR.NSG2	Synthesis of Active Ubiquitin Roles of E1 and E2 Enzymes	6	307	15	2922	3.807	2.816e-03	1.264e-02	0	0
Ab-LTMR.NSG2	KEAP1-NFE2L2 Pathway	14	307	60	2922	2.221	2.891e-03	1.282e-02	0	0
Ab-LTMR.NSG2	APC Cdc20 Mediated Degradation of Cell Cycle Proteins Prior to Satisfation of the Checkpoint	8	307	25	2922	3.046	2.952e-03	1.282e-02	0	0
Ab-LTMR.NSG2	Autodegradation of Cdh1 by Cdh1 APC C	8	307	25	2922	3.046	2.952e-03	1.282e-02	0	0
Ab-LTMR.NSG2	CDK-mediated Phosphorylation and Removal of Cdc6	8	307	25	2922	3.046	2.952e-03	1.282e-02	0	0
Ab-LTMR.NSG2	Cdc20 Phospho-APC C Mediated Degradation of Cyclin A	8	307	25	2922	3.046	2.952e-03	1.282e-02	0	0
Ab-LTMR.NSG2	RUNX1 Regulates Transcription of Genes Involved in Differentiation of HSCs	8	307	25	2922	3.046	2.952e-03	1.282e-02	0	0
Ab-LTMR.NSG2	Regulation of mRNA Stability by Proteins That Bind AU-rich Elements	10	307	36	2922	2.644	2.971e-03	1.282e-02	0	0
Ab-LTMR.NSG2	Signaling by NOTCH4	10	307	36	2922	2.644	2.971e-03	1.282e-02	0	0
Ab-LTMR.NSG2	Gap Junction Trafficking	7	307	20	2922	3.331	3.053e-03	1.311e-02	0	0
Ab-LTMR.NSG2	CLEC7A (Dectin-1) Signaling	12	307	48	2922	2.379	3.100e-03	1.313e-02	0	0
Ab-LTMR.NSG2	Mitochondrial Biogenesis	12	307	48	2922	2.379	3.100e-03	1.313e-02	0	0
Ab-LTMR.NSG2	Respiratory Syncytial Virus Infection Pathway	12	307	48	2922	2.379	3.100e-03	1.313e-02	0	0
Ab-LTMR.NSG2	Glycogen Storage Diseases	4	307	7	2922	5.439	3.234e-03	1.324e-02	0	0
Ab-LTMR.NSG2	Glycogen Synthesis	4	307	7	2922	5.439	3.234e-03	1.324e-02	0	0
Ab-LTMR.NSG2	PTK6 Regulates RTKs and Their Effectors AKT1 and DOK1	4	307	7	2922	5.439	3.234e-03	1.324e-02	0	0
Ab-LTMR.NSG2	Prevention of Phagosomal-Lysosomal Fusion	4	307	7	2922	5.439	3.234e-03	1.324e-02	0	0
Ab-LTMR.NSG2	Protein Methylation	4	307	7	2922	5.439	3.234e-03	1.324e-02	0	0
Ab-LTMR.NSG2	Regulation of FZD by Ubiquitination	4	307	7	2922	5.439	3.234e-03	1.324e-02	0	0
Ab-LTMR.NSG2	Metabolism of RNA	35	307	211	2922	1.579	3.244e-03	1.324e-02	0	0
Ab-LTMR.NSG2	Transport of Small Molecules	39	307	242	2922	1.534	3.245e-03	1.324e-02	0	0
Ab-LTMR.NSG2	Antigen Processing Ubiquitination & Proteasome Degradation	22	307	115	2922	1.821	3.353e-03	1.345e-02	0	0
Ab-LTMR.NSG2	Budding and Maturation of HIV Virion	5	307	11	2922	4.326	3.354e-03	1.345e-02	0	0
Ab-LTMR.NSG2	Downregulation of ERBB2 ERBB3 Signaling	5	307	11	2922	4.326	3.354e-03	1.345e-02	0	0
Ab-LTMR.NSG2	Negative Regulation of FLT3	5	307	11	2922	4.326	3.354e-03	1.345e-02	0	0
Ab-LTMR.NSG2	Cellular Response to Heat Stress	14	307	61	2922	2.184	3.404e-03	1.359e-02	0	0
Ab-LTMR.NSG2	Hedgehog 'On' State	9	307	31	2922	2.763	3.445e-03	1.363e-02	0	0
Ab-LTMR.NSG2	Regulation of PTEN Stability and Activity	9	307	31	2922	2.763	3.445e-03	1.363e-02	0	0
Ab-LTMR.NSG2	Synthesis of DNA	10	307	37	2922	2.572	3.701e-03	1.453e-02	0	0
Ab-LTMR.NSG2	SARS-CoV-1-host Interactions	15	307	68	2922	2.100	3.706e-03	1.453e-02	0	0
Ab-LTMR.NSG2	Recruitment of NuMA to Mitotic Centrosomes	11	307	43	2922	2.435	3.777e-03	1.475e-02	0	0
Ab-LTMR.NSG2	APC C Cdh1 Mediated Degradation of Cdc20 and Other APC C Cdh1 Targets in Late Mitosis Early G1	8	307	26	2922	2.929	3.883e-03	1.503e-02	0	0
Ab-LTMR.NSG2	Regulated Necrosis	8	307	26	2922	2.929	3.883e-03	1.503e-02	0	0
Ab-LTMR.NSG2	JNK (c-Jun Kinases) Phosphorylation and Activation Mediated by Activated Human TAK1	6	307	16	2922	3.569	4.114e-03	1.566e-02	0	0
Ab-LTMR.NSG2	Negative Regulation of FGFR2 Signaling	6	307	16	2922	3.569	4.114e-03	1.566e-02	0	0
Ab-LTMR.NSG2	Negative Regulation of FGFR3 Signaling	6	307	16	2922	3.569	4.114e-03	1.566e-02	0	0
Ab-LTMR.NSG2	Negative Regulation of FGFR4 Signaling	6	307	16	2922	3.569	4.114e-03	1.566e-02	0	0
Ab-LTMR.NSG2	HSF1 Activation	7	307	21	2922	3.173	4.174e-03	1.569e-02	0	0
Ab-LTMR.NSG2	Signaling by CSF1 (M-CSF) in Myeloid Cells	7	307	21	2922	3.173	4.174e-03	1.569e-02	0	0
Ab-LTMR.NSG2	Uptake and Actions of Bacterial Toxins	7	307	21	2922	3.173	4.174e-03	1.569e-02	0	0
Ab-LTMR.NSG2	Malate-aspartate Shuttle	3	307	4	2922	7.138	4.239e-03	1.587e-02	0	0
Ab-LTMR.NSG2	Cell Cycle Checkpoints	16	307	76	2922	2.004	4.518e-03	1.684e-02	0	0
Ab-LTMR.NSG2	FLT3 Signaling	8	307	27	2922	2.820	5.025e-03	1.858e-02	0	0
Ab-LTMR.NSG2	Ion Homeostasis	8	307	27	2922	2.820	5.025e-03	1.858e-02	0	0
Ab-LTMR.NSG2	APC C Cdc20 Mediated Degradation of Cyclin B	5	307	12	2922	3.966	5.262e-03	1.914e-02	0	0
Ab-LTMR.NSG2	Complement Cascade	5	307	12	2922	3.966	5.262e-03	1.914e-02	0	0
Ab-LTMR.NSG2	Regulation of Complement Cascade	5	307	12	2922	3.966	5.262e-03	1.914e-02	0	0
Ab-LTMR.NSG2	Translesion Synthesis by Y Family DNA Polymerases Bypasses Lesions on DNA Template	5	307	12	2922	3.966	5.262e-03	1.914e-02	0	0
Ab-LTMR.NSG2	SARS-CoV-2-host Interactions	18	307	91	2922	1.883	5.374e-03	1.937e-02	0	0
Ab-LTMR.NSG2	Nuclear Envelope (NE) Reassembly	9	307	33	2922	2.596	5.456e-03	1.937e-02	0	0
Ab-LTMR.NSG2	Chaperonin-mediated Protein Folding	11	307	45	2922	2.327	5.503e-03	1.937e-02	0	0
Ab-LTMR.NSG2	Cyclin D Associated Events in G1	7	307	22	2922	3.028	5.582e-03	1.937e-02	0	0
Ab-LTMR.NSG2	G1 Phase	7	307	22	2922	3.028	5.582e-03	1.937e-02	0	0
Ab-LTMR.NSG2	Gap Junction Trafficking and Regulation	7	307	22	2922	3.028	5.582e-03	1.937e-02	0	0
Ab-LTMR.NSG2	Interleukin-12 Signaling	7	307	22	2922	3.028	5.582e-03	1.937e-02	0	0
Ab-LTMR.NSG2	N-glycan Trimming in the ER and Calnexin Calreticulin Cycle	7	307	22	2922	3.028	5.582e-03	1.937e-02	0	0
Ab-LTMR.NSG2	Regulation of TP53 Degradation	7	307	22	2922	3.028	5.582e-03	1.937e-02	0	0
Ab-LTMR.NSG2	Regulation of TP53 Expression and Degradation	7	307	22	2922	3.028	5.582e-03	1.937e-02	0	0
Ab-LTMR.NSG2	DNA Replication	10	307	39	2922	2.440	5.583e-03	1.937e-02	0	0
Ab-LTMR.NSG2	Signaling by ERBB4	10	307	39	2922	2.440	5.583e-03	1.937e-02	0	0
Ab-LTMR.NSG2	Signaling by Interleukins	32	307	195	2922	1.562	5.743e-03	1.940e-02	0	0
Ab-LTMR.NSG2	Negative Regulation of FGFR1 Signaling	6	307	17	2922	3.359	5.807e-03	1.940e-02	0	0
Ab-LTMR.NSG2	Proteasome Assembly	6	307	17	2922	3.359	5.807e-03	1.940e-02	0	0
Ab-LTMR.NSG2	Regulation of Signaling by CBL	6	307	17	2922	3.359	5.807e-03	1.940e-02	0	0
Ab-LTMR.NSG2	Gap-filling DNA Repair Synthesis and Ligation in GG-NER	4	307	8	2922	4.759	5.936e-03	1.940e-02	0	0
Ab-LTMR.NSG2	InlA-mediated Entry of Listeria Monocytogenes Into Host Cells	4	307	8	2922	4.759	5.936e-03	1.940e-02	0	0
Ab-LTMR.NSG2	Membrane Binding and Targetting of GAG Proteins	4	307	8	2922	4.759	5.936e-03	1.940e-02	0	0
Ab-LTMR.NSG2	Other Semaphorin Interactions	4	307	8	2922	4.759	5.936e-03	1.940e-02	0	0
Ab-LTMR.NSG2	PD-1 Signaling	4	307	8	2922	4.759	5.936e-03	1.940e-02	0	0
Ab-LTMR.NSG2	Regulation of Innate Immune Responses to Cytosolic DNA	4	307	8	2922	4.759	5.936e-03	1.940e-02	0	0
Ab-LTMR.NSG2	Regulation of PTEN Localization	4	307	8	2922	4.759	5.936e-03	1.940e-02	0	0
Ab-LTMR.NSG2	Synthesis And Processing Of GAG. GAGPOL Polyproteins	4	307	8	2922	4.759	5.936e-03	1.940e-02	0	0
Ab-LTMR.NSG2	TICAM1.TRAF6-dependent Induction of TAK1 Complex	4	307	8	2922	4.759	5.936e-03	1.940e-02	0	0
Ab-LTMR.NSG2	Translesion Synthesis by POLI	4	307	8	2922	4.759	5.936e-03	1.940e-02	0	0
Ab-LTMR.NSG2	Translesion Synthesis by POLK	4	307	8	2922	4.759	5.936e-03	1.940e-02	0	0
Ab-LTMR.NSG2	Translesion Synthesis by REV1	4	307	8	2922	4.759	5.936e-03	1.940e-02	0	0
Ab-LTMR.NSG2	Mitotic G1 Phase and G1 S Transition	12	307	52	2922	2.196	6.246e-03	2.034e-02	0	0
Ab-LTMR.NSG2	Interleukin-12 Family Signaling	8	307	28	2922	2.719	6.408e-03	2.064e-02	0	0
Ab-LTMR.NSG2	Regulation of Actin Dynamics for Phagocytic Cup Formation	8	307	28	2922	2.719	6.408e-03	2.064e-02	0	0
Ab-LTMR.NSG2	UCH Proteinases	8	307	28	2922	2.719	6.408e-03	2.064e-02	0	0
Ab-LTMR.NSG2	Nuclear Events Mediated by NFE2L2	11	307	46	2922	2.276	6.573e-03	2.110e-02	0	0
Ab-LTMR.NSG2	Loss of Nlp From Mitotic Centrosomes	9	307	34	2922	2.519	6.753e-03	2.152e-02	0	0
Ab-LTMR.NSG2	Loss of Proteins Required for Interphase Microtubule Organization From the Centrosome	9	307	34	2922	2.519	6.753e-03	2.152e-02	0	0
Ab-LTMR.NSG2	SARS-CoV-1 Infection	17	307	86	2922	1.881	6.798e-03	2.153e-02	0	0
Ab-LTMR.NSG2	Organelle Biogenesis and Maintenance	23	307	129	2922	1.697	6.803e-03	2.153e-02	0	0
Ab-LTMR.NSG2	Interleukin-1 Signaling	12	307	53	2922	2.155	7.334e-03	2.313e-02	0	0
Ab-LTMR.NSG2	Protein Folding	11	307	47	2922	2.228	7.799e-03	2.443e-02	0	0
Ab-LTMR.NSG2	RHO GTPases Activate Formins	11	307	47	2922	2.228	7.799e-03	2.443e-02	0	0
Ab-LTMR.NSG2	ER Quality Control Compartment (ERQC)	5	307	13	2922	3.661	7.826e-03	2.443e-02	0	0
Ab-LTMR.NSG2	DNA Damage Bypass	6	307	18	2922	3.173	7.956e-03	2.458e-02	0	0
Ab-LTMR.NSG2	Long-term Potentiation	6	307	18	2922	3.173	7.956e-03	2.458e-02	0	0
Ab-LTMR.NSG2	Response of Mtb to Phagocytosis	6	307	18	2922	3.173	7.956e-03	2.458e-02	0	0
Ab-LTMR.NSG2	Signaling by FGFR1	8	307	29	2922	2.626	8.061e-03	2.482e-02	0	0
Ab-LTMR.NSG2	AURKA Activation by TPX2	9	307	35	2922	2.447	8.273e-03	2.530e-02	0	0
Ab-LTMR.NSG2	TNFR2 Non-Canonical NF-kB Pathway	9	307	35	2922	2.447	8.273e-03	2.530e-02	0	0
Ab-LTMR.NSG2	S Phase	12	307	54	2922	2.115	8.566e-03	2.610e-02	0	0
Ab-LTMR.NSG2	Cell Cycle. Mitotic	29	307	178	2922	1.551	9.339e-03	2.836e-02	0	0
Ab-LTMR.NSG2	G2 M Checkpoints	10	307	42	2922	2.266	9.719e-03	2.901e-02	0	0
Ab-LTMR.NSG2	Alpha-protein Kinase 1 Signaling Pathway	4	307	9	2922	4.230	9.810e-03	2.901e-02	0	0
Ab-LTMR.NSG2	Diseases of Carbohydrate Metabolism	4	307	9	2922	4.230	9.810e-03	2.901e-02	0	0
Ab-LTMR.NSG2	IRAK2 Mediated Activation of TAK1 Complex	4	307	9	2922	4.230	9.810e-03	2.901e-02	0	0
Ab-LTMR.NSG2	Metalloprotease DUBs	4	307	9	2922	4.230	9.810e-03	2.901e-02	0	0
Ab-LTMR.NSG2	Reduction of Cytosolic Ca++ Levels	4	307	9	2922	4.230	9.810e-03	2.901e-02	0	0
Ab-LTMR.NSG2	Regulation of TBK1. IKKε-mediated Activation of IRF3. IRF7 Upon TLR3 Ligation	4	307	9	2922	4.230	9.810e-03	2.901e-02	0	0
Ab-LTMR.NSG2	TRAF6 Mediated IRF7 Activation in TLR7 8 or 9 Signaling	4	307	9	2922	4.230	9.810e-03	2.901e-02	0	0
Ab-LTMR.NSG2	Hemostasis	37	307	242	2922	1.455	9.983e-03	2.931e-02	0	0
Ab-LTMR.NSG2	Cytokine Signaling in Immune System	45	307	307	2922	1.395	1.001e-02	2.931e-02	0	0
Ab-LTMR.NSG2	Assembly of the Pre-Replicative Complex	8	307	30	2922	2.538	1.001e-02	2.931e-02	0	0
Ab-LTMR.NSG2	Nucleotide Excision Repair	9	307	36	2922	2.379	1.004e-02	2.931e-02	0	0
Ab-LTMR.NSG2	RHO GTPase Effectors	20	307	111	2922	1.715	1.007e-02	2.931e-02	0	0
Ab-LTMR.NSG2	Formation of Incision Complex in GG-NER	6	307	19	2922	3.006	1.062e-02	3.052e-02	0	0
Ab-LTMR.NSG2	Infection With Mycobacterium Tuberculosis	6	307	19	2922	3.006	1.062e-02	3.052e-02	0	0
Ab-LTMR.NSG2	Intraflagellar Transport	6	307	19	2922	3.006	1.062e-02	3.052e-02	0	0
Ab-LTMR.NSG2	RHOBTB GTPase Cycle	6	307	19	2922	3.006	1.062e-02	3.052e-02	0	0
Ab-LTMR.NSG2	RAS Processing	5	307	14	2922	3.399	1.115e-02	3.171e-02	0	0
Ab-LTMR.NSG2	RHOBTB2 GTPase Cycle	5	307	14	2922	3.399	1.115e-02	3.171e-02	0	0
Ab-LTMR.NSG2	Recognition of DNA Damage by PCNA-containing Replication Complex	5	307	14	2922	3.399	1.115e-02	3.171e-02	0	0
Ab-LTMR.NSG2	Platelet Degranulation	12	307	56	2922	2.040	1.151e-02	3.257e-02	0	0
Ab-LTMR.NSG2	ER-Phagosome Pathway	10	307	43	2922	2.213	1.152e-02	3.257e-02	0	0
Ab-LTMR.NSG2	Interleukin-1 Family Signaling	13	307	63	2922	1.964	1.197e-02	3.373e-02	0	0
Ab-LTMR.NSG2	Centrosome Maturation	9	307	37	2922	2.315	1.208e-02	3.373e-02	0	0
Ab-LTMR.NSG2	PCP CE Pathway	9	307	37	2922	2.315	1.208e-02	3.373e-02	0	0
Ab-LTMR.NSG2	Recruitment of Mitotic Centrosome Proteins and Complexes	9	307	37	2922	2.315	1.208e-02	3.373e-02	0	0
Ab-LTMR.NSG2	Costimulation by the CD28 Family	8	307	31	2922	2.456	1.230e-02	3.424e-02	0	0
Ab-LTMR.NSG2	RHO GTPase Cycle	28	307	174	2922	1.532	1.247e-02	3.462e-02	0	0
Ab-LTMR.NSG2	Class I MHC Mediated Antigen Processing & Presentation	25	307	151	2922	1.576	1.264e-02	3.497e-02	0	0
Ab-LTMR.NSG2	COPI-independent Golgi-to-ER Retrograde Traffic	7	307	26	2922	2.563	1.491e-02	4.043e-02	0	0
Ab-LTMR.NSG2	Signaling by FGFR2	8	307	32	2922	2.379	1.495e-02	4.043e-02	0	0
Ab-LTMR.NSG2	Citric Acid Cycle (TCA Cycle)	4	307	10	2922	3.807	1.502e-02	4.043e-02	0	0
Ab-LTMR.NSG2	InlB-mediated Entry of Listeria Monocytogenes Into Host Cell	4	307	10	2922	3.807	1.502e-02	4.043e-02	0	0
Ab-LTMR.NSG2	Mitochondrial RNA Degradation	4	307	10	2922	3.807	1.502e-02	4.043e-02	0	0
Ab-LTMR.NSG2	Regulation of NF-kappa B Signaling	4	307	10	2922	3.807	1.502e-02	4.043e-02	0	0
Ab-LTMR.NSG2	Suppression of Phagosomal Maturation	4	307	10	2922	3.807	1.502e-02	4.043e-02	0	0
Ab-LTMR.NSG2	TICAM1-dependent Activation of IRF3 IRF7	4	307	10	2922	3.807	1.502e-02	4.043e-02	0	0
Ab-LTMR.NSG2	Termination of Translesion DNA Synthesis	4	307	10	2922	3.807	1.502e-02	4.043e-02	0	0
Ab-LTMR.NSG2	MHC Class II Antigen Presentation	12	307	58	2922	1.969	1.518e-02	4.075e-02	0	0
Ab-LTMR.NSG2	Activation of IRF3. IRF7 Mediated by TBK1. IKKε (IKBKE)	5	307	15	2922	3.173	1.531e-02	4.086e-02	0	0
Ab-LTMR.NSG2	VLDLR Internalisation and Degradation	5	307	15	2922	3.173	1.531e-02	4.086e-02	0	0
Ab-LTMR.NSG2	Muscle Contraction	15	307	79	2922	1.807	1.546e-02	4.113e-02	0	0
Ab-LTMR.NSG2	Disorders of Transmembrane Transporters	10	307	45	2922	2.115	1.586e-02	4.196e-02	0	0
Ab-LTMR.NSG2	Fcgamma Receptor (FCGR) Dependent Phagocytosis	10	307	45	2922	2.115	1.586e-02	4.196e-02	0	0
Ab-LTMR.NSG2	Response to Elevated Platelet Cytosolic Ca2+	12	307	59	2922	1.936	1.732e-02	4.567e-02	0	0
Ab-LTMR.NSG2	RSV-host Interactions	8	307	33	2922	2.307	1.798e-02	4.703e-02	0	0
Ab-LTMR.NSG2	Protein Hydroxylation	3	307	6	2922	4.759	1.804e-02	4.703e-02	0	0
Ab-LTMR.NSG2	Regulation of Pyruvate Dehydrogenase (PDH) Complex	3	307	6	2922	4.759	1.804e-02	4.703e-02	0	0
Ab-LTMR.NSG2	Uptake and Function of Diphtheria Toxin	3	307	6	2922	4.759	1.804e-02	4.703e-02	0	0
Ab-LTMR.NSG2	Neurotransmitter Receptors and Postsynaptic Signal Transmission	20	307	118	2922	1.613	1.932e-02	5.021e-02	0	0
Ab-LTMR.NSG2	Developmental Biology	62	307	464	2922	1.272	1.971e-02	5.108e-02	0	0
Ab-LTMR.NSG2	NOTCH2 Activation and Transmission of Signal to the Nucleus	5	307	16	2922	2.974	2.040e-02	5.272e-02	0	0
Ab-LTMR.NSG2	Constitutive Signaling by NOTCH1 HD Domain Mutants	4	307	11	2922	3.461	2.168e-02	5.524e-02	0	0
Ab-LTMR.NSG2	Endosomal Sorting Complex Required For Transport (ESCRT)	4	307	11	2922	3.461	2.168e-02	5.524e-02	0	0
Ab-LTMR.NSG2	Regulation of TP53 Activity Through Methylation	4	307	11	2922	3.461	2.168e-02	5.524e-02	0	0
Ab-LTMR.NSG2	Signaling by NOTCH1 HD Domain Mutants in Cancer	4	307	11	2922	3.461	2.168e-02	5.524e-02	0	0
Ab-LTMR.NSG2	Transport of Vitamins. Nucleosides. and Related Molecules	4	307	11	2922	3.461	2.168e-02	5.524e-02	0	0
Ab-LTMR.NSG2	Signaling by CSF3 (G-CSF)	6	307	22	2922	2.596	2.231e-02	5.668e-02	0	0
Ab-LTMR.NSG2	Anchoring of the Basal Body to the Plasma Membrane	9	307	41	2922	2.089	2.339e-02	5.910e-02	0	0
Ab-LTMR.NSG2	Transcriptional Regulation by RUNX3	9	307	41	2922	2.089	2.339e-02	5.910e-02	0	0
Ab-LTMR.NSG2	Cardiac Conduction	11	307	55	2922	1.904	2.503e-02	6.288e-02	0	0
Ab-LTMR.NSG2	Cargo Recognition for Clathrin-Mediated Endocytosis	11	307	55	2922	1.904	2.503e-02	6.288e-02	0	0
Ab-LTMR.NSG2	MAPK Family Signaling Cascades	23	307	145	2922	1.510	2.639e-02	6.580e-02	0	0
Ab-LTMR.NSG2	Inactivation of CSF3 (G-CSF) Signaling	5	307	17	2922	2.799	2.648e-02	6.580e-02	0	0
Ab-LTMR.NSG2	Signaling by ERBB2 KD Mutants	5	307	17	2922	2.799	2.648e-02	6.580e-02	0	0
Ab-LTMR.NSG2	Unblocking of NMDA Receptors. Glutamate Binding and Activation	5	307	17	2922	2.799	2.648e-02	6.580e-02	0	0
Ab-LTMR.NSG2	Neuronal System	30	307	201	2922	1.421	2.677e-02	6.633e-02	0	0
Ab-LTMR.NSG2	Kinesins	6	307	23	2922	2.483	2.760e-02	6.782e-02	0	0
Ab-LTMR.NSG2	Ovarian Tumor Domain Proteases	6	307	23	2922	2.483	2.760e-02	6.782e-02	0	0
Ab-LTMR.NSG2	Plasma Lipoprotein Clearance	6	307	23	2922	2.483	2.760e-02	6.782e-02	0	0
Ab-LTMR.NSG2	Antiviral Mechanism by IFN-stimulated Genes	13	307	70	2922	1.768	2.771e-02	6.793e-02	0	0
Ab-LTMR.NSG2	Antigen processing-Cross Presentation	10	307	49	2922	1.942	2.804e-02	6.853e-02	0	0
Ab-LTMR.NSG2	Mitochondrial Calcium Ion Transport	3	307	7	2922	4.079	2.914e-02	7.076e-02	0	0
Ab-LTMR.NSG2	Prolactin Receptor Signaling	3	307	7	2922	4.079	2.914e-02	7.076e-02	0	0
Ab-LTMR.NSG2	Post-translational Protein Modification	64	307	491	2922	1.241	2.948e-02	7.076e-02	0	0
Ab-LTMR.NSG2	DNA Replication Pre-Initiation	8	307	36	2922	2.115	2.971e-02	7.076e-02	0	0
Ab-LTMR.NSG2	Signaling by EGFR	8	307	36	2922	2.115	2.971e-02	7.076e-02	0	0
Ab-LTMR.NSG2	APC-Cdc20 Mediated Degradation of Nek2A	4	307	12	2922	3.173	2.989e-02	7.076e-02	0	0
Ab-LTMR.NSG2	IRAK1 Recruits IKK Complex	4	307	12	2922	3.173	2.989e-02	7.076e-02	0	0
Ab-LTMR.NSG2	IRAK1 Recruits IKK Complex Upon TLR7 8 or 9 Stimulation	4	307	12	2922	3.173	2.989e-02	7.076e-02	0	0
Ab-LTMR.NSG2	IRAK2 Mediated Activation of TAK1 Complex Upon TLR7 8 or 9 Stimulation	4	307	12	2922	3.173	2.989e-02	7.076e-02	0	0
Ab-LTMR.NSG2	Regulation of TBK1. IKKε (IKBKE)-mediated Activation of IRF3. IRF7	4	307	12	2922	3.173	2.989e-02	7.076e-02	0	0
Ab-LTMR.NSG2	Signaling by FLT3 ITD and TKD Mutants	4	307	12	2922	3.173	2.989e-02	7.076e-02	0	0
Ab-LTMR.NSG2	p75NTR Recruits Signalling Complexes	4	307	12	2922	3.173	2.989e-02	7.076e-02	0	0
Ab-LTMR.NSG2	Interferon Signaling	18	307	108	2922	1.586	3.007e-02	7.101e-02	0	0
Ab-LTMR.NSG2	Antimicrobial Peptides	2	307	3	2922	6.345	3.072e-02	7.235e-02	0	0
Ab-LTMR.NSG2	PKR-mediated Signaling	9	307	43	2922	1.992	3.125e-02	7.322e-02	0	0
Ab-LTMR.NSG2	Translocation of SLC2A4 (GLUT4) to the Plasma Membrane	9	307	43	2922	1.992	3.125e-02	7.322e-02	0	0
Ab-LTMR.NSG2	Calnexin Calreticulin Cycle	5	307	18	2922	2.644	3.360e-02	7.724e-02	0	0
Ab-LTMR.NSG2	Downregulation of SMAD2 3 SMAD4 Transcriptional Activity	5	307	18	2922	2.644	3.360e-02	7.724e-02	0	0
Ab-LTMR.NSG2	Downregulation of TGF-beta Receptor Signaling	5	307	18	2922	2.644	3.360e-02	7.724e-02	0	0
Ab-LTMR.NSG2	Gamma Carboxylation. Hypusinylation. Hydroxylation. and Arylsulfatase Activation	5	307	18	2922	2.644	3.360e-02	7.724e-02	0	0
Ab-LTMR.NSG2	RHOH GTPase Cycle	5	307	18	2922	2.644	3.360e-02	7.724e-02	0	0
Ab-LTMR.NSG2	Signaling by ERBB2 in Cancer	5	307	18	2922	2.644	3.360e-02	7.724e-02	0	0
Ab-LTMR.NSG2	Signaling by NOTCH2	5	307	18	2922	2.644	3.360e-02	7.724e-02	0	0
Ab-LTMR.NSG2	E3 Ubiquitin Ligases Ubiquitinate Target Proteins	6	307	24	2922	2.379	3.365e-02	7.724e-02	0	0
Ab-LTMR.NSG2	Clathrin-mediated Endocytosis	13	307	72	2922	1.719	3.419e-02	7.828e-02	0	0
Ab-LTMR.NSG2	Signaling by FGFR	8	307	37	2922	2.058	3.457e-02	7.895e-02	0	0
Ab-LTMR.NSG2	Antigen Activates B Cell Receptor (BCR) Leading to Generation of Second Messengers	4	307	13	2922	2.929	3.970e-02	8.797e-02	0	0
Ab-LTMR.NSG2	Constitutive Signaling by EGFRvIII	4	307	13	2922	2.929	3.970e-02	8.797e-02	0	0
Ab-LTMR.NSG2	Cross-presentation of Soluble Exogenous Antigens (Endosomes)	4	307	13	2922	2.929	3.970e-02	8.797e-02	0	0
Ab-LTMR.NSG2	DARPP-32 Events	4	307	13	2922	2.929	3.970e-02	8.797e-02	0	0
Ab-LTMR.NSG2	NF-kB Is Activated and Signals Survival	4	307	13	2922	2.929	3.970e-02	8.797e-02	0	0
Ab-LTMR.NSG2	NRIF Signals Cell Death From the Nucleus	4	307	13	2922	2.929	3.970e-02	8.797e-02	0	0
Ab-LTMR.NSG2	Regulation of Ornithine Decarboxylase (ODC)	4	307	13	2922	2.929	3.970e-02	8.797e-02	0	0
Ab-LTMR.NSG2	Respiratory Syncytial Virus (RSV) Genome Replication. Transcription and Translation	4	307	13	2922	2.929	3.970e-02	8.797e-02	0	0
Ab-LTMR.NSG2	Signaling by EGFRvIII in Cancer	4	307	13	2922	2.929	3.970e-02	8.797e-02	0	0
Ab-LTMR.NSG2	Signaling by ERBB2 ECD Mutants	4	307	13	2922	2.929	3.970e-02	8.797e-02	0	0
Ab-LTMR.NSG2	TICAM1. RIP1-mediated IKK Complex Recruitment	4	307	13	2922	2.929	3.970e-02	8.797e-02	0	0
Ab-LTMR.NSG2	TRAF6-mediated Induction of TAK1 Complex Within TLR4 Complex	4	307	13	2922	2.929	3.970e-02	8.797e-02	0	0
Ab-LTMR.NSG2	Activated NOTCH1 Transmits Signal to the Nucleus	5	307	19	2922	2.505	4.181e-02	9.176e-02	0	0
Ab-LTMR.NSG2	Dual Incision in TC-NER	5	307	19	2922	2.505	4.181e-02	9.176e-02	0	0
Ab-LTMR.NSG2	Gap-filling DNA Repair Synthesis and Ligation in TC-NER	5	307	19	2922	2.505	4.181e-02	9.176e-02	0	0
Ab-LTMR.NSG2	Signaling by Retinoic Acid	5	307	19	2922	2.505	4.181e-02	9.176e-02	0	0
Ab-LTMR.NSG2	MAPK1 MAPK3 Signaling	20	307	128	2922	1.487	4.256e-02	9.296e-02	0	0
Ab-LTMR.NSG2	Platelet Activation. Signaling and Aggregation	20	307	128	2922	1.487	4.256e-02	9.296e-02	0	0
Ab-LTMR.NSG2	Phosphorylation of CD3 and TCR Zeta Chains	3	307	8	2922	3.569	4.307e-02	9.361e-02	0	0
Ab-LTMR.NSG2	Regulation of MITF-M-dependent Genes Involved in Cell Cycle and Proliferation	3	307	8	2922	3.569	4.307e-02	9.361e-02	0	0
Ab-LTMR.NSG2	Ub-specific Processing Proteases	12	307	67	2922	1.705	4.331e-02	9.391e-02	0	0
Ab-LTMR.NSG2	Protein Ubiquitination	7	307	32	2922	2.082	4.420e-02	9.561e-02	0	0
Ab-LTMR.NSG2	Regulation of HSF1-mediated Heat Shock Response	9	307	46	2922	1.862	4.622e-02	9.973e-02	0	0
Ab-LTMR.NSG2	Interferon Alpha Beta Signaling	6	307	26	2922	2.196	4.819e-02	1.037e-01	0	0
Ab-LTMR.NSG2	Signaling by ALK Fusions and Activated Point Mutants	11	307	61	2922	1.716	4.963e-02	1.063e-01	0	0
Ab-LTMR.NSG2	Signaling by ALK in Cancer	11	307	61	2922	1.716	4.963e-02	1.063e-01	0	0
Ab-LTMR.NSG2	Fanconi Anemia Pathway	4	307	14	2922	2.719	5.111e-02	1.075e-01	0	0
Ab-LTMR.NSG2	Listeria Monocytogenes Entry Into Host Cells	4	307	14	2922	2.719	5.111e-02	1.075e-01	0	0
Ab-LTMR.NSG2	Negative Regulation of MET Activity	4	307	14	2922	2.719	5.111e-02	1.075e-01	0	0
Ab-LTMR.NSG2	Ras Activation Upon Ca2+ Influx Through NMDA Receptor	4	307	14	2922	2.719	5.111e-02	1.075e-01	0	0
Ab-LTMR.NSG2	Signaling by ERBB2 TMD JMD Mutants	4	307	14	2922	2.719	5.111e-02	1.075e-01	0	0
Ab-LTMR.NSG2	RHOC GTPase Cycle	7	307	33	2922	2.019	5.126e-02	1.075e-01	0	0
Ab-LTMR.NSG2	Recycling Pathway of L1	7	307	33	2922	2.019	5.126e-02	1.075e-01	0	0
Ab-LTMR.NSG2	Signaling by Non-Receptor Tyrosine Kinases	7	307	33	2922	2.019	5.126e-02	1.075e-01	0	0
Ab-LTMR.NSG2	Signaling by PTK6	7	307	33	2922	2.019	5.126e-02	1.075e-01	0	0
Ab-LTMR.NSG2	TP53 Regulates Metabolic Genes	9	307	47	2922	1.823	5.211e-02	1.091e-01	0	0
Ab-LTMR.NSG2	Activated NTRK3 Signals Through PI3K	2	307	4	2922	4.759	5.720e-02	1.178e-01	0	0
Ab-LTMR.NSG2	Calcineurin Activates NFAT	2	307	4	2922	4.759	5.720e-02	1.178e-01	0	0
Ab-LTMR.NSG2	FBXW7 Mutants and NOTCH1 in Cancer	2	307	4	2922	4.759	5.720e-02	1.178e-01	0	0
Ab-LTMR.NSG2	Lipophagy	2	307	4	2922	4.759	5.720e-02	1.178e-01	0	0
Ab-LTMR.NSG2	Loss of Function of FBXW7 in Cancer and NOTCH1 Signaling	2	307	4	2922	4.759	5.720e-02	1.178e-01	0	0
Ab-LTMR.NSG2	Sodium Calcium Exchangers	2	307	4	2922	4.759	5.720e-02	1.178e-01	0	0
Ab-LTMR.NSG2	Tetrahydrobiopterin (BH4) Synthesis. Recycling. Salvage and Regulation	2	307	4	2922	4.759	5.720e-02	1.178e-01	0	0
Ab-LTMR.NSG2	Plasma Lipoprotein Assembly. Remodeling. and Clearance	7	307	34	2922	1.960	5.899e-02	1.209e-01	0	0
Ab-LTMR.NSG2	Regulation of TNFR1 Signaling	7	307	34	2922	1.960	5.899e-02	1.209e-01	0	0
Ab-LTMR.NSG2	Constitutive Signaling by Overexpressed ERBB2	3	307	9	2922	3.173	5.970e-02	1.216e-01	0	0
Ab-LTMR.NSG2	FASTK Family Proteins Regulate Processing and Stability of Mitochondrial RNAs	3	307	9	2922	3.173	5.970e-02	1.216e-01	0	0
Ab-LTMR.NSG2	SEMA3A-Plexin Repulsion Signaling by Inhibiting Integrin Adhesion	3	307	9	2922	3.173	5.970e-02	1.216e-01	0	0
Ab-LTMR.NSG2	Beta-catenin Independent WNT Signaling	11	307	63	2922	1.662	6.058e-02	1.231e-01	0	0
Ab-LTMR.NSG2	RHOA GTPase Cycle	10	307	56	2922	1.700	6.314e-02	1.271e-01	0	0
Ab-LTMR.NSG2	MyD88 MAL(TIRAP) Cascade Initiated on Plasma Membrane	12	307	71	2922	1.609	6.334e-02	1.271e-01	0	0
Ab-LTMR.NSG2	Toll Like Receptor 2 (TLR2) Cascade	12	307	71	2922	1.609	6.334e-02	1.271e-01	0	0
Ab-LTMR.NSG2	Toll Like Receptor TLR1 TLR2 Cascade	12	307	71	2922	1.609	6.334e-02	1.271e-01	0	0
Ab-LTMR.NSG2	Toll Like Receptor TLR6 TLR2 Cascade	12	307	71	2922	1.609	6.334e-02	1.271e-01	0	0
Ab-LTMR.NSG2	Defective Intrinsic Pathway for Apoptosis	4	307	15	2922	2.538	6.413e-02	1.271e-01	0	0
Ab-LTMR.NSG2	HDR Through Homologous Recombination (HRR)	4	307	15	2922	2.538	6.413e-02	1.271e-01	0	0
Ab-LTMR.NSG2	Metabolism of Polyamines	4	307	15	2922	2.538	6.413e-02	1.271e-01	0	0
Ab-LTMR.NSG2	Negative Regulation of NMDA Receptor-Mediated Neuronal Transmission	4	307	15	2922	2.538	6.413e-02	1.271e-01	0	0
Ab-LTMR.NSG2	Platelet Calcium Homeostasis	4	307	15	2922	2.538	6.413e-02	1.271e-01	0	0
Ab-LTMR.NSG2	p75NTR Signals via NF-kB	4	307	15	2922	2.538	6.413e-02	1.271e-01	0	0
Ab-LTMR.NSG2	Cell Surface Interactions at the Vascular Wall	9	307	49	2922	1.748	6.533e-02	1.292e-01	0	0
Ab-LTMR.NSG2	NOTCH1 Intracellular Domain Regulates Transcription	6	307	28	2922	2.040	6.608e-02	1.304e-01	0	0
Ab-LTMR.NSG2	COPI-dependent Golgi-to-ER Retrograde Traffic	8	307	42	2922	1.813	6.690e-02	1.318e-01	0	0
Ab-LTMR.NSG2	Platelet Homeostasis	7	307	35	2922	1.904	6.740e-02	1.322e-01	0	0
Ab-LTMR.NSG2	Stimuli-sensing Channels	7	307	35	2922	1.904	6.740e-02	1.322e-01	0	0
Ab-LTMR.NSG2	Programmed Cell Death	15	307	96	2922	1.487	7.300e-02	1.427e-01	0	0
Ab-LTMR.NSG2	FCERI Mediated MAPK Activation	5	307	22	2922	2.163	7.310e-02	1.427e-01	0	0
Ab-LTMR.NSG2	Transmission Across Chemical Synapses	22	307	153	2922	1.369	7.508e-02	1.463e-01	0	0
Ab-LTMR.NSG2	PTEN Regulation	12	307	73	2922	1.565	7.534e-02	1.464e-01	0	0
Ab-LTMR.NSG2	Toll Like Receptor 4 (TLR4) Cascade	14	307	89	2922	1.497	7.793e-02	1.488e-01	0	0
Ab-LTMR.NSG2	Intracellular Signaling by Second Messengers	23	307	162	2922	1.351	7.825e-02	1.488e-01	0	0
Ab-LTMR.NSG2	Toll-like Receptor Cascades	15	307	97	2922	1.472	7.849e-02	1.488e-01	0	0
Ab-LTMR.NSG2	Activated TAK1 Mediates P38 MAPK Activation	4	307	16	2922	2.379	7.871e-02	1.488e-01	0	0
Ab-LTMR.NSG2	Deactivation of the Beta-Catenin Transactivating Complex	4	307	16	2922	2.379	7.871e-02	1.488e-01	0	0
Ab-LTMR.NSG2	Detoxification of Reactive Oxygen Species	4	307	16	2922	2.379	7.871e-02	1.488e-01	0	0
Ab-LTMR.NSG2	NOTCH3 Activation and Transmission of Signal to the Nucleus	4	307	16	2922	2.379	7.871e-02	1.488e-01	0	0
Ab-LTMR.NSG2	Peroxisomal Protein Import	4	307	16	2922	2.379	7.871e-02	1.488e-01	0	0
Ab-LTMR.NSG2	Somitogenesis	4	307	16	2922	2.379	7.871e-02	1.488e-01	0	0
Ab-LTMR.NSG2	Translation of Structural Proteins 9683701	4	307	16	2922	2.379	7.871e-02	1.488e-01	0	0
Ab-LTMR.NSG2	Signaling by NTRK3 (TRKC)	3	307	10	2922	2.855	7.885e-02	1.488e-01	0	0
Ab-LTMR.NSG2	Striated Muscle Contraction	3	307	10	2922	2.855	7.885e-02	1.488e-01	0	0
Ab-LTMR.NSG2	mTORC1-mediated Signalling	3	307	10	2922	2.855	7.885e-02	1.488e-01	0	0
Ab-LTMR.NSG2	tRNA Processing in the Mitochondrion	3	307	10	2922	2.855	7.885e-02	1.488e-01	0	0
Ab-LTMR.NSG2	VEGFA-VEGFR2 Pathway	11	307	66	2922	1.586	7.981e-02	1.503e-01	0	0
Ab-LTMR.NSG2	SARS-CoV-1 Activates Modulates Innate Immune Responses	5	307	23	2922	2.069	8.574e-02	1.611e-01	0	0
Ab-LTMR.NSG2	SARS-CoV-2 Infection	20	307	139	2922	1.369	8.653e-02	1.623e-01	0	0
Ab-LTMR.NSG2	Signaling by VEGF	11	307	67	2922	1.563	8.697e-02	1.628e-01	0	0
Ab-LTMR.NSG2	PDH Complex Synthesizes acetyl-CoA From PYR	2	307	5	2922	3.807	8.882e-02	1.648e-01	0	0
Ab-LTMR.NSG2	PI3K Events in ERBB4 Signaling	2	307	5	2922	3.807	8.882e-02	1.648e-01	0	0
Ab-LTMR.NSG2	Scavenging by Class F Receptors	2	307	5	2922	3.807	8.882e-02	1.648e-01	0	0
Ab-LTMR.NSG2	Translocation of ZAP-70 to Immunological Synapse	2	307	5	2922	3.807	8.882e-02	1.648e-01	0	0
Ab-LTMR.NSG2	Cell Cycle	29	307	215	2922	1.284	8.899e-02	1.648e-01	0	0
Ab-LTMR.NSG2	TCF Dependent Signaling in Response to WNT	10	307	60	2922	1.586	9.226e-02	1.705e-01	0	0
Ab-LTMR.NSG2	FCERI Mediated Ca+2 Mobilization	4	307	17	2922	2.240	9.478e-02	1.738e-01	0	0
Ab-LTMR.NSG2	IKK Complex Recruitment Mediated by RIP1	4	307	17	2922	2.240	9.478e-02	1.738e-01	0	0
Ab-LTMR.NSG2	RND1 GTPase Cycle	4	307	17	2922	2.240	9.478e-02	1.738e-01	0	0
Ab-LTMR.NSG2	VEGFR2 Mediated Vascular Permeability	4	307	17	2922	2.240	9.478e-02	1.738e-01	0	0
Ab-LTMR.NSG2	HCMV Early Events	7	307	38	2922	1.753	9.674e-02	1.767e-01	0	0
Ab-LTMR.NSG2	Deubiquitination	14	307	92	2922	1.448	9.676e-02	1.767e-01	0	0
Ab-LTMR.NSG2	Amplification of Signal From Unattached Kinetochores via a MAD2 Inhibitory Signal	5	307	24	2922	1.983	9.945e-02	1.788e-01	0	0
Ab-LTMR.NSG2	Amplification of Signal From the Kinetochores	5	307	24	2922	1.983	9.945e-02	1.788e-01	0	0
Ab-LTMR.NSG2	TAK1-dependent IKK and NF-kappa-B Activation	5	307	24	2922	1.983	9.945e-02	1.788e-01	0	0
Ab-LTMR.NSG2	TNFR1-induced NF-kappa-B Signaling Pathway	5	307	24	2922	1.983	9.945e-02	1.788e-01	0	0
Ab-LTMR.NSG2	RAF MAP Kinase Cascade	18	307	125	2922	1.371	9.986e-02	1.788e-01	0	0
Ab-LTMR.NSG2	Complex III Assembly	3	307	11	2922	2.596	1.003e-01	1.788e-01	0	0
Ab-LTMR.NSG2	Downstream Signaling of Activated FGFR2	3	307	11	2922	2.596	1.003e-01	1.788e-01	0	0
Ab-LTMR.NSG2	Downstream Signaling of Activated FGFR3	3	307	11	2922	2.596	1.003e-01	1.788e-01	0	0
Ab-LTMR.NSG2	Downstream Signaling of Activated FGFR4	3	307	11	2922	2.596	1.003e-01	1.788e-01	0	0
Ab-LTMR.NSG2	Generation of Second Messenger Molecules	3	307	11	2922	2.596	1.003e-01	1.788e-01	0	0
Ab-LTMR.NSG2	Tie2 Signaling	3	307	11	2922	2.596	1.003e-01	1.788e-01	0	0
Ab-LTMR.NSG2	rRNA Processing in the Mitochondrion	3	307	11	2922	2.596	1.003e-01	1.788e-01	0	0
Ab-LTMR.NSG2	SLC-mediated Transmembrane Transport	10	307	61	2922	1.560	1.006e-01	1.790e-01	0	0
Ab-LTMR.NSG2	Transcriptional Regulation by TP53	20	307	142	2922	1.341	1.024e-01	1.818e-01	0	0
Ab-LTMR.NSG2	Signaling by MET	8	307	46	2922	1.655	1.029e-01	1.824e-01	0	0
Ab-LTMR.NSG2	PIP3 Activates AKT Signaling	19	307	134	2922	1.350	1.042e-01	1.842e-01	0	0
Ab-LTMR.NSG2	COPI-mediated Anterograde Transport	9	307	54	2922	1.586	1.069e-01	1.888e-01	0	0
Ab-LTMR.NSG2	Ion Channel Transport	10	307	62	2922	1.535	1.094e-01	1.928e-01	0	0
Ab-LTMR.NSG2	Regulation of TP53 Activity Through Phosphorylation	6	307	32	2922	1.785	1.120e-01	1.966e-01	0	0
Ab-LTMR.NSG2	SMAD2 SMAD3 SMAD4 Heterotrimer Regulates Transcription	4	307	18	2922	2.115	1.123e-01	1.966e-01	0	0
Ab-LTMR.NSG2	Signaling by NTRK2 (TRKB)	4	307	18	2922	2.115	1.123e-01	1.966e-01	0	0
Ab-LTMR.NSG2	Homology Directed Repair	5	307	25	2922	1.904	1.142e-01	1.996e-01	0	0
Ab-LTMR.NSG2	Asparagine N-linked Glycosylation	19	307	136	2922	1.330	1.162e-01	2.027e-01	0	0
Ab-LTMR.NSG2	MyD88 Cascade Initiated on Plasma Membrane	10	307	63	2922	1.511	1.186e-01	2.058e-01	0	0
Ab-LTMR.NSG2	Toll Like Receptor 10 (TLR10) Cascade	10	307	63	2922	1.511	1.186e-01	2.058e-01	0	0
Ab-LTMR.NSG2	Toll Like Receptor 5 (TLR5) Cascade	10	307	63	2922	1.511	1.186e-01	2.058e-01	0	0
Ab-LTMR.NSG2	TNF Signaling	7	307	40	2922	1.666	1.197e-01	2.058e-01	0	0
Ab-LTMR.NSG2	GAB1 Signalosome	3	307	12	2922	2.379	1.238e-01	2.058e-01	0	0
Ab-LTMR.NSG2	Role of LAT2 NTAL LAB on Calcium Mobilization	3	307	12	2922	2.379	1.238e-01	2.058e-01	0	0
Ab-LTMR.NSG2	TP53 Regulates Transcription of Cell Cycle Genes	3	307	12	2922	2.379	1.238e-01	2.058e-01	0	0
Ab-LTMR.NSG2	Activated NTRK3 Signals Through RAS	2	307	6	2922	3.173	1.242e-01	2.058e-01	0	0
Ab-LTMR.NSG2	Activation of RAC1 Downstream of NMDARs	2	307	6	2922	3.173	1.242e-01	2.058e-01	0	0
Ab-LTMR.NSG2	CLEC7A (Dectin-1) Induces NFAT Activation	2	307	6	2922	3.173	1.242e-01	2.058e-01	0	0
Ab-LTMR.NSG2	FRS-mediated FGFR2 Signaling	2	307	6	2922	3.173	1.242e-01	2.058e-01	0	0
Ab-LTMR.NSG2	FRS-mediated FGFR3 Signaling	2	307	6	2922	3.173	1.242e-01	2.058e-01	0	0
Ab-LTMR.NSG2	FRS-mediated FGFR4 Signaling	2	307	6	2922	3.173	1.242e-01	2.058e-01	0	0
Ab-LTMR.NSG2	MASTL Facilitates Mitotic Progression	2	307	6	2922	3.173	1.242e-01	2.058e-01	0	0
Ab-LTMR.NSG2	Maturation of TCA Enzymes and Regulation of TCA Cycle	2	307	6	2922	3.173	1.242e-01	2.058e-01	0	0
Ab-LTMR.NSG2	Metabolism of Cofactors	2	307	6	2922	3.173	1.242e-01	2.058e-01	0	0
Ab-LTMR.NSG2	Metabolism of Porphyrins	2	307	6	2922	3.173	1.242e-01	2.058e-01	0	0
Ab-LTMR.NSG2	PI-3K Cascade FGFR2	2	307	6	2922	3.173	1.242e-01	2.058e-01	0	0
Ab-LTMR.NSG2	PI-3K Cascade FGFR3	2	307	6	2922	3.173	1.242e-01	2.058e-01	0	0
Ab-LTMR.NSG2	PI-3K Cascade FGFR4	2	307	6	2922	3.173	1.242e-01	2.058e-01	0	0
Ab-LTMR.NSG2	Regulation of Glycolysis by Fructose 2.6-Bisphosphate Metabolism	2	307	6	2922	3.173	1.242e-01	2.058e-01	0	0
Ab-LTMR.NSG2	Transport of Nucleosides and Free Purine and Pyrimidine Bases Across the Plasma Membrane	2	307	6	2922	3.173	1.242e-01	2.058e-01	0	0
Ab-LTMR.NSG2	Uptake and Function of Anthrax Toxins	2	307	6	2922	3.173	1.242e-01	2.058e-01	0	0
Ab-LTMR.NSG2	eNOS Activation	2	307	6	2922	3.173	1.242e-01	2.058e-01	0	0
Ab-LTMR.NSG2	Interleukin-17 Signaling	8	307	48	2922	1.586	1.243e-01	2.058e-01	0	0
Ab-LTMR.NSG2	MAP Kinase Activation	8	307	48	2922	1.586	1.243e-01	2.058e-01	0	0
Ab-LTMR.NSG2	RAC2 GTPase Cycle	8	307	48	2922	1.586	1.243e-01	2.058e-01	0	0
Ab-LTMR.NSG2	SARS-CoV-2 Activates Modulates Innate and Adaptive Immune Responses	8	307	48	2922	1.586	1.243e-01	2.058e-01	0	0
Ab-LTMR.NSG2	Transcriptional Activity of SMAD2 SMAD3 SMAD4 Heterotrimer	5	307	26	2922	1.830	1.299e-01	2.146e-01	0	0
Ab-LTMR.NSG2	NOD1 2 Signaling Pathway	4	307	19	2922	2.004	1.311e-01	2.161e-01	0	0
Ab-LTMR.NSG2	Late Phase of HIV Life Cycle	6	307	34	2922	1.680	1.397e-01	2.300e-01	0	0
Ab-LTMR.NSG2	Signaling by NOTCH1	7	307	42	2922	1.586	1.451e-01	2.384e-01	0	0
Ab-LTMR.NSG2	ER to Golgi Anterograde Transport	11	307	74	2922	1.415	1.478e-01	2.408e-01	0	0
Ab-LTMR.NSG2	MyD88 Dependent Cascade Initiated on Endosome	10	307	66	2922	1.442	1.487e-01	2.408e-01	0	0
Ab-LTMR.NSG2	TRAF6 Mediated Induction of NFkB and MAP Kinases Upon TLR7 8 or 9 Activation	10	307	66	2922	1.442	1.487e-01	2.408e-01	0	0
Ab-LTMR.NSG2	Golgi-to-ER Retrograde Transport	9	307	58	2922	1.477	1.489e-01	2.408e-01	0	0
Ab-LTMR.NSG2	Complex IV Assembly	3	307	13	2922	2.196	1.490e-01	2.408e-01	0	0
Ab-LTMR.NSG2	Deregulated CDK5 Triggers Multiple Neurodegenerative Pathways in Alzheimer's Disease Models	3	307	13	2922	2.196	1.490e-01	2.408e-01	0	0
Ab-LTMR.NSG2	Downstream Signaling of Activated FGFR1	3	307	13	2922	2.196	1.490e-01	2.408e-01	0	0
Ab-LTMR.NSG2	Neurodegenerative Diseases	3	307	13	2922	2.196	1.490e-01	2.408e-01	0	0
Ab-LTMR.NSG2	Signaling by FLT3 Fusion Proteins	3	307	13	2922	2.196	1.490e-01	2.408e-01	0	0
Ab-LTMR.NSG2	EGFR Downregulation	4	307	20	2922	1.904	1.510e-01	2.433e-01	0	0
Ab-LTMR.NSG2	Nuclear Events Stimulated by ALK Signaling in Cancer	4	307	20	2922	1.904	1.510e-01	2.433e-01	0	0
Ab-LTMR.NSG2	Constitutive Signaling by NOTCH1 HD+PEST Domain Mutants	6	307	35	2922	1.632	1.547e-01	2.469e-01	0	0
Ab-LTMR.NSG2	Constitutive Signaling by NOTCH1 PEST Domain Mutants	6	307	35	2922	1.632	1.547e-01	2.469e-01	0	0
Ab-LTMR.NSG2	Signaling by NOTCH1 HD+PEST Domain Mutants in Cancer	6	307	35	2922	1.632	1.547e-01	2.469e-01	0	0
Ab-LTMR.NSG2	Signaling by NOTCH1 PEST Domain Mutants in Cancer	6	307	35	2922	1.632	1.547e-01	2.469e-01	0	0
Ab-LTMR.NSG2	Signaling by NOTCH1 in Cancer	6	307	35	2922	1.632	1.547e-01	2.469e-01	0	0
C-LTMR.CDH9	Receptor-type Tyrosine-Protein Phosphatases	5	257	7	2922	8.121	9.186e-05	4.428e-02	1	0
C-LTMR.CDH9	GABA Receptor Activation	9	257	26	2922	3.936	2.245e-04	5.411e-02	0	0
C-LTMR.CDH9	Signaling by Receptor Tyrosine Kinases	41	257	279	2922	1.671	4.421e-04	6.489e-02	0	0
C-LTMR.CDH9	Inhibition of Signaling by Overexpressed EGFR	3	257	3	2922	11.370	6.732e-04	6.489e-02	0	0
C-LTMR.CDH9	Signaling by Overexpressed Wild-Type EGFR in Cancer	3	257	3	2922	11.370	6.732e-04	6.489e-02	0	0
C-LTMR.CDH9	GAB1 Signalosome	5	257	12	2922	4.737	2.392e-03	1.469e-01	0	0
C-LTMR.CDH9	EGFR Interacts With Phospholipase C-gamma	3	257	4	2922	8.527	2.517e-03	1.469e-01	0	0
C-LTMR.CDH9	PTK6 Promotes HIF1A Stabilization	3	257	4	2922	8.527	2.517e-03	1.469e-01	0	0
C-LTMR.CDH9	Platelet Degranulation	12	257	56	2922	2.436	2.743e-03	1.469e-01	0	0
C-LTMR.CDH9	Response to Elevated Platelet Cytosolic Ca2+	12	257	59	2922	2.312	4.332e-03	2.088e-01	0	0
C-LTMR.CDH9	Transport of Small Molecules	33	257	242	2922	1.550	5.780e-03	2.209e-01	0	0
C-LTMR.CDH9	EGFR Downregulation	6	257	20	2922	3.411	5.878e-03	2.209e-01	0	0
C-LTMR.CDH9	Platelet Activation. Signaling and Aggregation	20	257	128	2922	1.777	7.098e-03	2.209e-01	0	0
C-LTMR.CDH9	NCAM1 Interactions	5	257	15	2922	3.790	7.276e-03	2.209e-01	0	0
C-LTMR.CDH9	Activation of GABAB Receptors	6	257	21	2922	3.248	7.635e-03	2.209e-01	0	0
C-LTMR.CDH9	GABA B Receptor Activation	6	257	21	2922	3.248	7.635e-03	2.209e-01	0	0
C-LTMR.CDH9	Muscle Contraction	14	257	79	2922	2.015	7.791e-03	2.209e-01	0	0
C-LTMR.CDH9	Collagen Formation	7	257	28	2922	2.842	8.857e-03	2.368e-01	0	0
C-LTMR.CDH9	Protein-protein Interactions at Synapses	9	257	43	2922	2.380	1.071e-02	2.368e-01	0	0
C-LTMR.CDH9	RUNX1 Regulates Transcription of Genes Involved in Differentiation of Myeloid Cells	3	257	6	2922	5.685	1.101e-02	2.368e-01	0	0
C-LTMR.CDH9	Signaling by EGFR	8	257	36	2922	2.527	1.102e-02	2.368e-01	0	0
C-LTMR.CDH9	TRP Channels	4	257	11	2922	4.134	1.174e-02	2.368e-01	0	0
C-LTMR.CDH9	RHOF GTPase Cycle	6	257	23	2922	2.966	1.223e-02	2.368e-01	0	0
C-LTMR.CDH9	Binding and Uptake of Ligands by Scavenger Receptors	5	257	17	2922	3.344	1.296e-02	2.368e-01	0	0
C-LTMR.CDH9	Neuronal System	27	257	201	2922	1.527	1.488e-02	2.368e-01	0	0
C-LTMR.CDH9	RHO GTPase Cycle	24	257	174	2922	1.568	1.568e-02	2.368e-01	0	0
C-LTMR.CDH9	Collagen Biosynthesis and Modifying Enzymes	5	257	18	2922	3.158	1.668e-02	2.368e-01	0	0
C-LTMR.CDH9	Adenylate Cyclase Activating Pathway	3	257	7	2922	4.873	1.802e-02	2.368e-01	0	0
C-LTMR.CDH9	Collagen Chain Trimerization	3	257	7	2922	4.873	1.802e-02	2.368e-01	0	0
C-LTMR.CDH9	GRB2 Events in EGFR Signaling	3	257	7	2922	4.873	1.802e-02	2.368e-01	0	0
C-LTMR.CDH9	Glycosphingolipid Biosynthesis	3	257	7	2922	4.873	1.802e-02	2.368e-01	0	0
C-LTMR.CDH9	Plasma Lipoprotein Remodeling	3	257	7	2922	4.873	1.802e-02	2.368e-01	0	0
C-LTMR.CDH9	Sensory Perception of Sweet. Bitter. and Umami (Glutamate) Taste	3	257	7	2922	4.873	1.802e-02	2.368e-01	0	0
C-LTMR.CDH9	Constitutive Signaling by Aberrant PI3K in Cancer	7	257	32	2922	2.487	1.859e-02	2.368e-01	0	0
C-LTMR.CDH9	Cardiac Conduction	10	257	55	2922	2.067	1.947e-02	2.368e-01	0	0
C-LTMR.CDH9	RHOBTB GTPase Cycle	5	257	19	2922	2.992	2.106e-02	2.368e-01	0	0
C-LTMR.CDH9	Acyl Chain Remodelling of PS	2	257	3	2922	7.580	2.178e-02	2.368e-01	0	0
C-LTMR.CDH9	Na+ Cl- Dependent Neurotransmitter Transporters	2	257	3	2922	7.580	2.178e-02	2.368e-01	0	0
C-LTMR.CDH9	Organic Cation Anion Zwitterion Transport	2	257	3	2922	7.580	2.178e-02	2.368e-01	0	0
C-LTMR.CDH9	Organic Cation Transport	2	257	3	2922	7.580	2.178e-02	2.368e-01	0	0
C-LTMR.CDH9	RUNX1 Regulates Estrogen Receptor Mediated Transcription	2	257	3	2922	7.580	2.178e-02	2.368e-01	0	0
C-LTMR.CDH9	RUNX1 Regulates Transcription of Genes Involved in BCR Signaling	2	257	3	2922	7.580	2.178e-02	2.368e-01	0	0
C-LTMR.CDH9	RUNX1 Regulates Transcription of Genes Involved in Interleukin Signaling	2	257	3	2922	7.580	2.178e-02	2.368e-01	0	0
C-LTMR.CDH9	RUNX1 Regulates Transcription of Genes Involved in WNT Signaling	2	257	3	2922	7.580	2.178e-02	2.368e-01	0	0
C-LTMR.CDH9	Collagen Degradation	4	257	13	2922	3.498	2.210e-02	2.368e-01	0	0
C-NP.MRGPRX1_GFRA2	G Alpha (Q) Signalling Events	21	273	69	2922	3.258	4.900e-07	3.504e-04	1	0
C-NP.MRGPRX1_GFRA2	Signaling by GPCR	36	273	187	2922	2.061	1.153e-05	4.022e-03	1	0
C-NP.MRGPRX1_GFRA2	GPCR Downstream Signalling	34	273	175	2922	2.079	1.687e-05	4.022e-03	0	0
C-NP.MRGPRX1_GFRA2	Signal Amplification	8	273	17	2922	5.037	6.033e-05	1.078e-02	1	0
C-NP.MRGPRX1_GFRA2	Presynaptic Depolarization and Calcium Channel Opening	6	273	10	2922	6.422	9.587e-05	1.371e-02	1	0
C-NP.MRGPRX1_GFRA2	Adrenaline.noradrenaline Inhibits Insulin Secretion	7	273	15	2922	4.995	1.921e-04	2.232e-02	1	0
C-NP.MRGPRX1_GFRA2	Platelet Activation. Signaling and Aggregation	25	273	128	2922	2.090	2.185e-04	2.232e-02	0	0
C-NP.MRGPRX1_GFRA2	Neuronal System	34	273	201	2922	1.811	3.142e-04	2.808e-02	0	0
C-NP.MRGPRX1_GFRA2	GPCR Ligand Binding	18	273	83	2922	2.321	4.606e-04	3.659e-02	0	0
C-NP.MRGPRX1_GFRA2	G Alpha (Z) Signalling Events	9	273	28	2922	3.440	6.659e-04	3.790e-02	0	0
C-NP.MRGPRX1_GFRA2	Transmission Across Chemical Synapses	27	273	153	2922	1.889	6.854e-04	3.790e-02	0	0
C-NP.MRGPRX1_GFRA2	RET Signaling	8	273	23	2922	3.723	7.378e-04	3.790e-02	0	0
C-NP.MRGPRX1_GFRA2	IGF1R Signaling Cascade	7	273	18	2922	4.162	7.420e-04	3.790e-02	0	0
C-NP.MRGPRX1_GFRA2	Signaling by Type 1 Insulin-like Growth Factor 1 Receptor (IGF1R)	7	273	18	2922	4.162	7.420e-04	3.790e-02	0	0
C-NP.MRGPRX1_GFRA2	SHC-related Events Triggered by IGF1R	4	273	6	2922	7.136	9.614e-04	4.583e-02	0	0
C-NP.MRGPRX1_GFRA2	ADP Signalling Through P2Y Purinoceptor 12	5	273	10	2922	5.352	1.167e-03	4.909e-02	0	0
C-NP.MRGPRX1_GFRA2	Thromboxane Signalling Through TP Receptor	5	273	10	2922	5.352	1.167e-03	4.909e-02	0	0
C-NP.MRGPRX1_GFRA2	G Alpha (I) Signalling Events	18	273	90	2922	2.141	1.274e-03	5.059e-02	0	0
C-NP.MRGPRX1_GFRA2	Extra-nuclear Estrogen Signaling	11	273	43	2922	2.738	1.465e-03	5.450e-02	0	0
C-NP.MRGPRX1_GFRA2	NCAM1 Interactions	6	273	15	2922	4.281	1.524e-03	5.450e-02	0	0
C-NP.MRGPRX1_GFRA2	Class A 1 (Rhodopsin-like Receptors)	13	273	57	2922	2.441	1.753e-03	5.717e-02	0	0
C-NP.MRGPRX1_GFRA2	Signaling by Insulin Receptor	9	273	32	2922	3.010	1.934e-03	5.717e-02	0	0
C-NP.MRGPRX1_GFRA2	ADP Signalling Through P2Y Purinoceptor 1	5	273	11	2922	4.865	1.978e-03	5.717e-02	0	0
C-NP.MRGPRX1_GFRA2	ESR-mediated Signaling	17	273	86	2922	2.116	1.980e-03	5.717e-02	0	0
C-NP.MRGPRX1_GFRA2	Activated NTRK2 Signals Through RAS	4	273	7	2922	6.116	2.079e-03	5.717e-02	0	0
C-NP.MRGPRX1_GFRA2	MET Activates RAS Signaling	4	273	7	2922	6.116	2.079e-03	5.717e-02	0	0
C-NP.MRGPRX1_GFRA2	Activation of Kainate Receptors Upon Glutamate Binding	6	273	16	2922	4.014	2.250e-03	5.959e-02	0	0
C-NP.MRGPRX1_GFRA2	Hemostasis	36	273	242	2922	1.592	2.475e-03	6.321e-02	0	0
C-NP.MRGPRX1_GFRA2	Signaling by MET	11	273	46	2922	2.559	2.636e-03	6.498e-02	0	0
C-NP.MRGPRX1_GFRA2	Regulation of Endogenous Retroelements by Piwi-interacting RNAs (piRNAs)	7	273	22	2922	3.406	2.866e-03	6.716e-02	0	0
C-NP.MRGPRX1_GFRA2	MET Activates PTPN11	3	273	4	2922	8.027	3.006e-03	6.716e-02	0	0
C-NP.MRGPRX1_GFRA2	Neurofascin Interactions	3	273	4	2922	8.027	3.006e-03	6.716e-02	0	0
C-NP.MRGPRX1_GFRA2	IRS-related Events Triggered by IGF1R	6	273	17	2922	3.778	3.209e-03	6.954e-02	0	0
C-NP.MRGPRX1_GFRA2	G Beta Gamma Signalling Through PLC Beta	4	273	8	2922	5.352	3.854e-03	7.593e-02	0	0
C-NP.MRGPRX1_GFRA2	Presynaptic Function of Kainate Receptors	4	273	8	2922	5.352	3.854e-03	7.593e-02	0	0
C-NP.MRGPRX1_GFRA2	Integration of Energy Metabolism	13	273	62	2922	2.244	3.882e-03	7.593e-02	0	0
C-NP.MRGPRX1_GFRA2	Regulation of Endogenous Retroelements	8	273	29	2922	2.953	3.929e-03	7.593e-02	0	0
C-NP.MRGPRX1_GFRA2	Phase 0 - Rapid Depolarisation	6	273	18	2922	3.568	4.443e-03	8.360e-02	0	0
C-NP.MRGPRX1_GFRA2	Constitutive Signaling by EGFRvIII	5	273	13	2922	4.117	4.709e-03	8.417e-02	0	0
C-NP.MRGPRX1_GFRA2	Signaling by EGFRvIII in Cancer	5	273	13	2922	4.117	4.709e-03	8.417e-02	0	0
C-NP.MRGPRX1_GFRA2	Peptide Ligand-Binding Receptors	8	273	30	2922	2.854	4.934e-03	8.604e-02	0	0
C-NP.MRGPRX1_GFRA2	Regulation of Insulin Secretion	10	273	43	2922	2.489	5.073e-03	8.637e-02	0	0
C-NP.MRGPRX1_GFRA2	Neurotransmitter Receptors and Postsynaptic Signal Transmission	20	273	118	2922	1.814	5.507e-03	9.156e-02	0	0
C-NP.MRGPRX1_GFRA2	Cell-Cell Communication	12	273	58	2922	2.214	6.117e-03	9.262e-02	0	0
C-NP.MRGPRX1_GFRA2	NCAM Signaling for Neurite Out-Growth	8	273	31	2922	2.762	6.124e-03	9.262e-02	0	0
C-NP.MRGPRX1_GFRA2	G-protein Activation	4	273	9	2922	4.757	6.432e-03	9.262e-02	0	0
C-NP.MRGPRX1_GFRA2	Miscellaneous Transport and Binding Events	4	273	9	2922	4.757	6.432e-03	9.262e-02	0	0
C-NP.MRGPRX1_GFRA2	G-protein Beta Gamma Signalling	5	273	14	2922	3.823	6.774e-03	9.262e-02	0	0
C-NP.MRGPRX1_GFRA2	Interaction Between L1 and Ankyrins	5	273	14	2922	3.823	6.774e-03	9.262e-02	0	0
C-NP.MRGPRX1_GFRA2	Listeria Monocytogenes Entry Into Host Cells	5	273	14	2922	3.823	6.774e-03	9.262e-02	0	0
C-NP.MRGPRX1_GFRA2	Negative Regulation of MET Activity	5	273	14	2922	3.823	6.774e-03	9.262e-02	0	0
C-NP.MRGPRX1_GFRA2	AMPK Inhibits chREBP Transcriptional Activation Activity	3	273	5	2922	6.422	6.995e-03	9.262e-02	0	0
C-NP.MRGPRX1_GFRA2	MET Activates PI3K AKT Signaling	3	273	5	2922	6.422	6.995e-03	9.262e-02	0	0
C-NP.MRGPRX1_GFRA2	Sema4D Mediated Inhibition of Cell Attachment and Migration	3	273	5	2922	6.422	6.995e-03	9.262e-02	0	0
C-NP.MRGPRX1_GFRA2	Regulation of MITF-M-dependent Genes Involved in Pigmentation	6	273	20	2922	3.211	7.905e-03	1.019e-01	0	0
C-NP.MRGPRX1_GFRA2	GABA Receptor Activation	7	273	26	2922	2.882	7.981e-03	1.019e-01	0	0
C-NP.MRGPRX1_GFRA2	SHC1 Events in ERBB2 Signaling	5	273	15	2922	3.568	9.399e-03	1.179e-01	0	0
C-NP.MRGPRX1_GFRA2	G Beta Gamma Signalling Through PI3Kgamma	4	273	10	2922	4.281	9.941e-03	1.179e-01	0	0
C-NP.MRGPRX1_GFRA2	InlB-mediated Entry of Listeria Monocytogenes Into Host Cell	4	273	10	2922	4.281	9.941e-03	1.179e-01	0	0
C-NP.MRGPRX1_GFRA2	Activation of GABAB Receptors	6	273	21	2922	3.058	1.022e-02	1.179e-01	0	0
C-NP.MRGPRX1_GFRA2	GABA B Receptor Activation	6	273	21	2922	3.058	1.022e-02	1.179e-01	0	0
C-NP.MRGPRX1_GFRA2	Insulin Receptor Signalling Cascade	6	273	21	2922	3.058	1.022e-02	1.179e-01	0	0
C-NP.MRGPRX1_GFRA2	IRS-mediated Signalling	5	273	16	2922	3.345	1.265e-02	1.312e-01	0	0
C-NP.MRGPRX1_GFRA2	Thrombin Signalling Through Proteinase Activated Receptors (PARs)	5	273	16	2922	3.345	1.265e-02	1.312e-01	0	0
C-NP.MRGPRX1_GFRA2	Activated NTRK2 Signals Through PI3K	3	273	6	2922	5.352	1.303e-02	1.312e-01	0	0
C-NP.MRGPRX1_GFRA2	Activated NTRK3 Signals Through RAS	3	273	6	2922	5.352	1.303e-02	1.312e-01	0	0
C-NP.MRGPRX1_GFRA2	G Beta Gamma Signalling Through BTK	3	273	6	2922	5.352	1.303e-02	1.312e-01	0	0
C-NP.MRGPRX1_GFRA2	MET Receptor Recycling	3	273	6	2922	5.352	1.303e-02	1.312e-01	0	0
C-NP.MRGPRX1_GFRA2	SHC-mediated Cascade FGFR2	3	273	6	2922	5.352	1.303e-02	1.312e-01	0	0
C-NP.MRGPRX1_GFRA2	SHC-mediated Cascade FGFR3	3	273	6	2922	5.352	1.303e-02	1.312e-01	0	0
C-NP.MRGPRX1_GFRA2	SHC-mediated Cascade FGFR4	3	273	6	2922	5.352	1.303e-02	1.312e-01	0	0
C-NP.MRGPRX1_GFRA2	Activation of G Protein Gated Potassium Channels	4	273	11	2922	3.892	1.449e-02	1.312e-01	0	0
C-NP.MRGPRX1_GFRA2	Downstream Signaling of Activated FGFR2	4	273	11	2922	3.892	1.449e-02	1.312e-01	0	0
C-NP.MRGPRX1_GFRA2	Downstream Signaling of Activated FGFR3	4	273	11	2922	3.892	1.449e-02	1.312e-01	0	0
C-NP.MRGPRX1_GFRA2	Downstream Signaling of Activated FGFR4	4	273	11	2922	3.892	1.449e-02	1.312e-01	0	0
C-NP.MRGPRX1_GFRA2	G Protein Gated Potassium Channels	4	273	11	2922	3.892	1.449e-02	1.312e-01	0	0
C-NP.MRGPRX1_GFRA2	Inhibition of Voltage Gated Ca2+ Channels via Gbeta Gamma Subunits	4	273	11	2922	3.892	1.449e-02	1.312e-01	0	0
C-NP.MRGPRX1_GFRA2	Inwardly Rectifying K+ Channels	4	273	11	2922	3.892	1.449e-02	1.312e-01	0	0
C-NP.MRGPRX1_GFRA2	Tie2 Signaling	4	273	11	2922	3.892	1.449e-02	1.312e-01	0	0
C-NP.MRGPRX1_GFRA2	RHOD GTPase Cycle	7	273	29	2922	2.584	1.485e-02	1.328e-01	0	0
C-NP.MRGPRX1_GFRA2	Cell Junction Organization	8	273	36	2922	2.379	1.559e-02	1.343e-01	0	0
C-NP.MRGPRX1_GFRA2	Signaling by ERBB2	8	273	36	2922	2.379	1.559e-02	1.343e-01	0	0
C-NP.MRGPRX1_GFRA2	MITF-M-dependent Gene Expression	9	273	43	2922	2.240	1.559e-02	1.343e-01	0	0
C-NP.MRGPRX1_GFRA2	MET Promotes Cell Motility	6	273	23	2922	2.792	1.622e-02	1.363e-01	0	0
C-NP.MRGPRX1_GFRA2	RHOF GTPase Cycle	6	273	23	2922	2.792	1.622e-02	1.363e-01	0	0
C-NP.MRGPRX1_GFRA2	Constitutive Signaling by Ligand-Responsive EGFR Cancer Variants	5	273	17	2922	3.148	1.658e-02	1.363e-01	0	0
C-NP.MRGPRX1_GFRA2	Signaling by Ligand-Responsive EGFR Variants in Cancer	5	273	17	2922	3.148	1.658e-02	1.363e-01	0	0
C-NP.MRGPRX1_GFRA2	Opioid Signalling	10	273	51	2922	2.099	1.733e-02	1.408e-01	0	0
C-NP.MRGPRX1_GFRA2	RHOU GTPase Cycle	6	273	24	2922	2.676	1.998e-02	1.566e-01	0	0
C-NP.MRGPRX1_GFRA2	Interleukin Receptor SHC Signaling	4	273	12	2922	3.568	2.017e-02	1.566e-01	0	0
C-NP.MRGPRX1_GFRA2	Role of LAT2 NTAL LAB on Calcium Mobilization	4	273	12	2922	3.568	2.017e-02	1.566e-01	0	0
C-NP.MRGPRX1_GFRA2	Signaling by FLT3 ITD and TKD Mutants	4	273	12	2922	3.568	2.017e-02	1.566e-01	0	0
C-NP.MRGPRX1_GFRA2	Activated NTRK2 Signals Through FRS2 and FRS3	3	273	7	2922	4.587	2.124e-02	1.566e-01	0	0
C-NP.MRGPRX1_GFRA2	SHC-mediated Cascade FGFR1	3	273	7	2922	4.587	2.124e-02	1.566e-01	0	0
C-NP.MRGPRX1_GFRA2	STAT5 Activation Downstream of FLT3 ITD Mutants	3	273	7	2922	4.587	2.124e-02	1.566e-01	0	0
C-NP.MRGPRX1_GFRA2	RHOH GTPase Cycle	5	273	18	2922	2.973	2.125e-02	1.566e-01	0	0
C-NP.MRGPRX1_GFRA2	Signaling by NTRK2 (TRKB)	5	273	18	2922	2.973	2.125e-02	1.566e-01	0	0
C-NP.MRGPRX1_GFRA2	Acyl Chain Remodelling of PS	2	273	3	2922	7.136	2.449e-02	1.751e-01	0	0
C-NP.MRGPRX1_GFRA2	Defective C1GALT1C1 Causes TNPS	2	273	3	2922	7.136	2.449e-02	1.751e-01	0	0
C-NP.MRGPRX1_GFRA2	Insulin-like Growth Factor-2 mRNA Binding Proteins (IGF2BPs IMPs VICKZs) Bind RNA	2	273	3	2922	7.136	2.449e-02	1.751e-01	0	0
C-NP.MRGPRX1_GFRA2	Signaling by EGFR in Cancer	5	273	19	2922	2.817	2.670e-02	1.824e-01	0	0
C-NP.MRGPRX1_GFRA2	Downstream Signaling of Activated FGFR1	4	273	13	2922	3.293	2.704e-02	1.824e-01	0	0
C-NP.MRGPRX1_GFRA2	PI3K Cascade	4	273	13	2922	3.293	2.704e-02	1.824e-01	0	0
C-NP.MRGPRX1_GFRA2	RMTs Methylate Histone Arginines	4	273	13	2922	3.293	2.704e-02	1.824e-01	0	0
C-NP.MRGPRX1_GFRA2	Signaling by ERBB2 ECD Mutants	4	273	13	2922	3.293	2.704e-02	1.824e-01	0	0
C-NP.MRGPRX1_GFRA2	Signaling by FLT3 Fusion Proteins	4	273	13	2922	3.293	2.704e-02	1.824e-01	0	0
C-NP.MRGPRX1_GFRA2	G Alpha (12 13) Signalling Events	6	273	26	2922	2.470	2.918e-02	1.919e-01	0	0
C-NP.MRGPRX1_GFRA2	GPER1 Signaling	6	273	26	2922	2.470	2.918e-02	1.919e-01	0	0
C-NP.MRGPRX1_GFRA2	Erythropoietin Activates RAS	3	273	8	2922	4.014	3.168e-02	1.919e-01	0	0
C-NP.MRGPRX1_GFRA2	G Beta Gamma Signalling Through CDC42	3	273	8	2922	4.014	3.168e-02	1.919e-01	0	0
C-NP.MRGPRX1_GFRA2	Interleukin-15 Signaling	3	273	8	2922	4.014	3.168e-02	1.919e-01	0	0
C-NP.MRGPRX1_GFRA2	MET Activates RAP1 and RAC1	3	273	8	2922	4.014	3.168e-02	1.919e-01	0	0
C-NP.MRGPRX1_GFRA2	Phase 2 - Plateau Phase	3	273	8	2922	4.014	3.168e-02	1.919e-01	0	0
C-NP.MRGPRX1_GFRA2	Prostacyclin Signalling Through Prostacyclin Receptor	3	273	8	2922	4.014	3.168e-02	1.919e-01	0	0
C-NP.MRGPRX1_GFRA2	SHC1 Events in EGFR Signaling	3	273	8	2922	4.014	3.168e-02	1.919e-01	0	0
C-NP.MRGPRX1_GFRA2	SHC1 Events in ERBB4 Signaling	3	273	8	2922	4.014	3.168e-02	1.919e-01	0	0
C-NP.MRGPRX1_GFRA2	Signaling by FGFR4 in Disease	3	273	8	2922	4.014	3.168e-02	1.919e-01	0	0
C-NP.MRGPRX1_GFRA2	Signaling by LTK	3	273	8	2922	4.014	3.168e-02	1.919e-01	0	0
C-NP.MRGPRX1_GFRA2	Axon Guidance	35	273	276	2922	1.357	3.279e-02	1.964e-01	0	0
C-NP.MRGPRX1_GFRA2	FLT3 Signaling in Disease	5	273	20	2922	2.676	3.296e-02	1.964e-01	0	0
C-NP.MRGPRX1_GFRA2	EPHA-mediated Growth Cone Collapse	4	273	14	2922	3.058	3.515e-02	2.060e-01	0	0
C-NP.MRGPRX1_GFRA2	Signaling by Erythropoietin	4	273	14	2922	3.058	3.515e-02	2.060e-01	0	0
C-NP.MRGPRX1_GFRA2	Epigenetic Regulation of Gene Expression	12	273	73	2922	1.759	3.563e-02	2.071e-01	0	0
C-NP.MRGPRX1_GFRA2	Signaling by Nuclear Receptors	17	273	116	2922	1.569	3.862e-02	2.227e-01	0	0
C-NP.MRGPRX1_GFRA2	Sphingolipid Metabolism	7	273	35	2922	2.141	3.953e-02	2.256e-01	0	0
C-NP.MRGPRX1_GFRA2	Signaling by CSF1 (M-CSF) in Myeloid Cells	5	273	21	2922	2.548	4.007e-02	2.256e-01	0	0
C-NP.MRGPRX1_GFRA2	Signaling by FGFR1 in Disease	5	273	21	2922	2.548	4.007e-02	2.256e-01	0	0
C-NP.MRGPRX1_GFRA2	Ca2+ Pathway	6	273	28	2922	2.294	4.080e-02	2.262e-01	0	0
C-NP.MRGPRX1_GFRA2	Interleukin-3. Interleukin-5 and GM-CSF Signaling	6	273	28	2922	2.294	4.080e-02	2.262e-01	0	0
C-NP.MRGPRX1_GFRA2	L1CAM Interactions	12	273	75	2922	1.713	4.283e-02	2.282e-01	0	0
C-NP.MRGPRX1_GFRA2	Constitutive Signaling by Overexpressed ERBB2	3	273	9	2922	3.568	4.430e-02	2.282e-01	0	0
C-NP.MRGPRX1_GFRA2	Signaling by FGFR3 in Disease	3	273	9	2922	3.568	4.430e-02	2.282e-01	0	0
C-NP.MRGPRX1_GFRA2	Nervous System Development	36	273	292	2922	1.320	4.440e-02	2.282e-01	0	0
C-NP.MRGPRX1_GFRA2	MET Activates PTK2 Signaling	4	273	15	2922	2.854	4.451e-02	2.282e-01	0	0
C-NP.MRGPRX1_GFRA2	Sema4D in Semaphorin Signaling	4	273	15	2922	2.854	4.451e-02	2.282e-01	0	0
C-NP.MRGPRX1_GFRA2	Axonal Growth Inhibition (RHOA Activation)	2	273	4	2922	5.352	4.596e-02	2.282e-01	0	0
C-NP.MRGPRX1_GFRA2	Defective RIPK1-mediated Regulated Necrosis	2	273	4	2922	5.352	4.596e-02	2.282e-01	0	0
C-NP.MRGPRX1_GFRA2	Fatty Acids Bound to GPR40 (FFAR1) Regulate Insulin Secretion	2	273	4	2922	5.352	4.596e-02	2.282e-01	0	0
C-NP.MRGPRX1_GFRA2	Heme Degradation	2	273	4	2922	5.352	4.596e-02	2.282e-01	0	0
C-NP.MRGPRX1_GFRA2	SIRT1 Negatively Regulates rRNA Expression	2	273	4	2922	5.352	4.596e-02	2.282e-01	0	0
C-NP.MRGPRX1_GFRA2	SOS-mediated Signalling	2	273	4	2922	5.352	4.596e-02	2.282e-01	0	0
C-NP.MRGPRX1_GFRA2	STAT5 Activation	2	273	4	2922	5.352	4.596e-02	2.282e-01	0	0
C-NP.MRGPRX1_GFRA2	Synthesis of 5-Eicosatetraenoic Acids	2	273	4	2922	5.352	4.596e-02	2.282e-01	0	0
C-NP.MRGPRX1_GFRA2	Type I Hemidesmosome Assembly	2	273	4	2922	5.352	4.596e-02	2.282e-01	0	0
C-NP.MRGPRX1_GFRA2	FCERI Mediated MAPK Activation	5	273	22	2922	2.433	4.804e-02	2.369e-01	0	0
C-NP.MRGPRX1_MRGPRX4	Platelet Activation. Signaling and Aggregation	34	319	128	2922	2.433	3.211e-07	1.622e-04	1	0
C-NP.MRGPRX1_MRGPRX4	Hemostasis	52	319	242	2922	1.968	4.134e-07	1.622e-04	0	0
C-NP.MRGPRX1_MRGPRX4	Signaling by GPCR	40	319	187	2922	1.959	1.203e-05	3.148e-03	1	0
C-NP.MRGPRX1_MRGPRX4	G Alpha (Q) Signalling Events	20	319	69	2922	2.655	2.453e-05	4.308e-03	1	0
C-NP.MRGPRX1_MRGPRX4	Response to Elevated Platelet Cytosolic Ca2+	18	319	59	2922	2.795	2.941e-05	4.308e-03	1	0
C-NP.MRGPRX1_MRGPRX4	GPCR Downstream Signalling	37	319	175	2922	1.937	3.468e-05	4.308e-03	0	0
C-NP.MRGPRX1_MRGPRX4	Extracellular Matrix Organization	23	319	88	2922	2.394	3.841e-05	4.308e-03	1	0
C-NP.MRGPRX1_MRGPRX4	Ca2+ Pathway	11	319	28	2922	3.599	8.581e-05	8.420e-03	0	0
C-NP.MRGPRX1_MRGPRX4	Platelet Degranulation	16	319	56	2922	2.617	1.956e-04	1.706e-02	0	0
C-NP.MRGPRX1_MRGPRX4	NCAM1 Interactions	7	319	15	2922	4.275	5.126e-04	4.024e-02	0	0
C-NP.MRGPRX1_MRGPRX4	Transcriptional Regulation by MECP2	12	319	40	2922	2.748	7.671e-04	5.474e-02	0	0
C-NP.MRGPRX1_MRGPRX4	Beta-catenin Independent WNT Signaling	16	319	63	2922	2.326	8.398e-04	5.494e-02	0	0
C-NP.MRGPRX1_MRGPRX4	NCAM Signaling for Neurite Out-Growth	10	319	31	2922	2.955	1.133e-03	5.958e-02	0	0
C-NP.MRGPRX1_MRGPRX4	Notch-HLH Transcription Pathway	7	319	17	2922	3.772	1.276e-03	5.958e-02	0	0
C-NP.MRGPRX1_MRGPRX4	TRAF6 Mediated NF-kB Activation	7	319	17	2922	3.772	1.276e-03	5.958e-02	0	0
C-NP.MRGPRX1_MRGPRX4	Defective LFNG Causes SCDO3	3	319	3	2922	9.160	1.290e-03	5.958e-02	0	0
C-NP.MRGPRX1_MRGPRX4	Insulin-like Growth Factor-2 mRNA Binding Proteins (IGF2BPs IMPs VICKZs) Bind RNA	3	319	3	2922	9.160	1.290e-03	5.958e-02	0	0
C-NP.MRGPRX1_MRGPRX4	G Alpha (Z) Signalling Events	9	319	28	2922	2.944	2.062e-03	8.992e-02	0	0
C-NP.MRGPRX1_MRGPRX4	Presynaptic Depolarization and Calcium Channel Opening	5	319	10	2922	4.580	2.381e-03	9.838e-02	0	0
C-NP.MRGPRX1_MRGPRX4	GPCR Ligand Binding	18	319	83	2922	1.986	2.877e-03	1.123e-01	0	0
C-NP.MRGPRX1_MRGPRX4	G Alpha (I) Signalling Events	19	319	90	2922	1.934	3.069e-03	1.123e-01	0	0
C-NP.MRGPRX1_MRGPRX4	Post-translational Protein Phosphorylation	10	319	35	2922	2.617	3.148e-03	1.123e-01	0	0
C-NP.MRGPRX1_MRGPRX4	MET Activates PTK2 Signaling	6	319	15	2922	3.664	3.432e-03	1.123e-01	0	0
C-NP.MRGPRX1_MRGPRX4	SHC1 Events in ERBB2 Signaling	6	319	15	2922	3.664	3.432e-03	1.123e-01	0	0
C-NP.MRGPRX1_MRGPRX4	Regulation of IGF Transport and Uptake by Insulin-like Growth Factor Binding Proteins (IGFBPs)	10	319	36	2922	2.544	3.947e-03	1.201e-01	0	0
C-NP.MRGPRX1_MRGPRX4	Effects of PIP2 Hydrolysis	5	319	11	2922	4.164	3.979e-03	1.201e-01	0	0
C-NP.MRGPRX1_MRGPRX4	G Alpha (S) Signalling Events	12	319	48	2922	2.290	4.272e-03	1.242e-01	0	0
C-NP.MRGPRX1_MRGPRX4	Non-integrin membrane-ECM Interactions	9	319	31	2922	2.659	4.477e-03	1.255e-01	0	0
C-NP.MRGPRX1_MRGPRX4	Pre-NOTCH Processing in the Endoplasmic Reticulum	3	319	4	2922	6.870	4.742e-03	1.255e-01	0	0
C-NP.MRGPRX1_MRGPRX4	Diseases Associated With O-glycosylation of Proteins	6	319	16	2922	3.435	4.995e-03	1.255e-01	0	0
C-NP.MRGPRX1_MRGPRX4	Regulation of Insulin Secretion	11	319	43	2922	2.343	5.092e-03	1.255e-01	0	0
C-NP.MRGPRX1_MRGPRX4	Cell Surface Interactions at the Vascular Wall	12	319	49	2922	2.243	5.117e-03	1.255e-01	0	0
C-NP.MRGPRX1_MRGPRX4	Signaling by Receptor Tyrosine Kinases	44	319	279	2922	1.445	5.746e-03	1.315e-01	0	0
C-NP.MRGPRX1_MRGPRX4	Neutrophil Degranulation	30	319	173	2922	1.588	5.747e-03	1.315e-01	0	0
C-NP.MRGPRX1_MRGPRX4	Innate Immune System	57	319	382	2922	1.367	5.865e-03	1.315e-01	0	0
C-NP.MRGPRX1_MRGPRX4	G Beta Gamma Signalling Through PLC Beta	4	319	8	2922	4.580	6.827e-03	1.414e-01	0	0
C-NP.MRGPRX1_MRGPRX4	Presynaptic Function of Kainate Receptors	4	319	8	2922	4.580	6.827e-03	1.414e-01	0	0
C-NP.MRGPRX1_MRGPRX4	Class B 2 (Secretin Family Receptors)	7	319	22	2922	2.915	6.908e-03	1.414e-01	0	0
C-NP.MRGPRX1_MRGPRX4	IRS-related Events Triggered by IGF1R	6	319	17	2922	3.233	7.024e-03	1.414e-01	0	0
C-NP.MRGPRX1_MRGPRX4	Signaling by MET	11	319	46	2922	2.190	8.757e-03	1.636e-01	0	0
C-NP.MRGPRX1_MRGPRX4	MET Promotes Cell Motility	7	319	23	2922	2.788	9.022e-03	1.636e-01	0	0
C-NP.MRGPRX1_MRGPRX4	RHOF GTPase Cycle	7	319	23	2922	2.788	9.022e-03	1.636e-01	0	0
C-NP.MRGPRX1_MRGPRX4	IGF1R Signaling Cascade	6	319	18	2922	3.053	9.588e-03	1.636e-01	0	0
C-NP.MRGPRX1_MRGPRX4	Phase 0 - Rapid Depolarisation	6	319	18	2922	3.053	9.588e-03	1.636e-01	0	0
C-NP.MRGPRX1_MRGPRX4	Signaling by Type 1 Insulin-like Growth Factor 1 Receptor (IGF1R)	6	319	18	2922	3.053	9.588e-03	1.636e-01	0	0
C-NP.MRGPRX1_MRGPRX4	Syndecan Interactions	6	319	18	2922	3.053	9.588e-03	1.636e-01	0	0
C-NP.MRGPRX1_MRGPRX4	RHOD GTPase Cycle	8	319	29	2922	2.527	1.013e-02	1.691e-01	0	0
C-NP.MRGPRX1_MRGPRX4	Degradation of the Extracellular Matrix	9	319	35	2922	2.355	1.059e-02	1.731e-01	0	0
C-NP.MRGPRX1_MRGPRX4	Signaling by WNT	20	319	108	2922	1.696	1.124e-02	1.731e-01	0	0
C-NP.MRGPRX1_MRGPRX4	G-protein Activation	4	319	9	2922	4.071	1.124e-02	1.731e-01	0	0
C-NP.MRGPRX1_MRGPRX4	Pre-NOTCH Processing in Golgi	4	319	9	2922	4.071	1.124e-02	1.731e-01	0	0
C-NP.MRGPRX1_MRGPRX4	Peptide Ligand-Binding Receptors	8	319	30	2922	2.443	1.253e-02	1.889e-01	0	0
C-NP.MRGPRX1_MRGPRX4	RND3 GTPase Cycle	6	319	19	2922	2.893	1.276e-02	1.889e-01	0	0
C-NP.MRGPRX1_MRGPRX4	Interaction Between L1 and Ankyrins	5	319	14	2922	3.271	1.308e-02	1.901e-01	0	0
C-NP.MRGPRX1_MRGPRX4	L1CAM Interactions	15	319	75	2922	1.832	1.353e-02	1.931e-01	0	0
C-NP.MRGPRX1_MRGPRX4	Integration of Energy Metabolism	13	319	62	2922	1.921	1.422e-02	1.994e-01	0	0
C-NP.MRGPRX1_MRGPRX4	Thromboxane Signalling Through TP Receptor	4	319	10	2922	3.664	1.715e-02	2.177e-01	0	0
C-NP.MRGPRX1_MRGPRX4	Diseases of Signal Transduction by Growth Factor Receptors and Second Messengers	36	319	234	2922	1.409	1.784e-02	2.177e-01	0	0
C-NP.MRGPRX1_MRGPRX4	Adrenaline.noradrenaline Inhibits Insulin Secretion	5	319	15	2922	3.053	1.790e-02	2.177e-01	0	0
C-NP.MRGPRX1_MRGPRX4	HDACs Deacetylate Histones	5	319	15	2922	3.053	1.790e-02	2.177e-01	0	0
C-NP.MRGPRX1_MRGPRX4	MECP2 Regulates Neuronal Receptors and Channels	5	319	15	2922	3.053	1.790e-02	2.177e-01	0	0
C-NP.MRGPRX1_MRGPRX4	Role of Phospholipids in Phagocytosis	5	319	15	2922	3.053	1.790e-02	2.177e-01	0	0
C-NP.MRGPRX1_MRGPRX4	VEGFR2 Mediated Cell Proliferation	5	319	15	2922	3.053	1.790e-02	2.177e-01	0	0
C-NP.MRGPRX1_MRGPRX4	Amyloid Fiber Formation	7	319	26	2922	2.466	1.818e-02	2.177e-01	0	0
C-NP.MRGPRX1_MRGPRX4	Signaling by Insulin Receptor	8	319	32	2922	2.290	1.856e-02	2.177e-01	0	0
C-NP.MRGPRX1_MRGPRX4	Opioid Signalling	11	319	51	2922	1.976	1.903e-02	2.177e-01	0	0
C-NP.MRGPRX1_MRGPRX4	Acetylcholine Regulates Insulin Secretion	3	319	6	2922	4.580	2.005e-02	2.177e-01	0	0
C-NP.MRGPRX1_MRGPRX4	Formation of the Ureteric Bud	3	319	6	2922	4.580	2.005e-02	2.177e-01	0	0
C-NP.MRGPRX1_MRGPRX4	G Beta Gamma Signalling Through BTK	3	319	6	2922	4.580	2.005e-02	2.177e-01	0	0
C-NP.MRGPRX1_MRGPRX4	MET Receptor Recycling	3	319	6	2922	4.580	2.005e-02	2.177e-01	0	0
C-NP.MRGPRX1_MRGPRX4	SHC-related Events Triggered by IGF1R	3	319	6	2922	4.580	2.005e-02	2.177e-01	0	0
C-NP.MRGPRX1_MRGPRX4	Glucagon-like Peptide-1 (GLP1) Regulates Insulin Secretion	6	319	21	2922	2.617	2.115e-02	2.177e-01	0	0
C-NP.MRGPRX1_MRGPRX4	Signaling by ALK	6	319	21	2922	2.617	2.115e-02	2.177e-01	0	0
C-NP.MRGPRX1_MRGPRX4	PLC Beta Mediated Events	8	319	33	2922	2.221	2.225e-02	2.177e-01	0	0
C-NP.MRGPRX1_MRGPRX4	Recycling Pathway of L1	8	319	33	2922	2.221	2.225e-02	2.177e-01	0	0
C-NP.MRGPRX1_MRGPRX4	ECM Proteoglycans	7	319	27	2922	2.375	2.231e-02	2.177e-01	0	0
C-NP.MRGPRX1_MRGPRX4	Cellular Responses to Mechanical Stimuli	12	319	59	2922	1.863	2.286e-02	2.177e-01	0	0
C-NP.MRGPRX1_MRGPRX4	Response of Endothelial Cells to Shear Stress	12	319	59	2922	1.863	2.286e-02	2.177e-01	0	0
C-NP.MRGPRX1_MRGPRX4	Transmission Across Chemical Synapses	25	319	153	2922	1.497	2.314e-02	2.177e-01	0	0
C-NP.MRGPRX1_MRGPRX4	Interleukin-4 and Interleukin-13 Signaling	10	319	46	2922	1.991	2.359e-02	2.177e-01	0	0
C-NP.MRGPRX1_MRGPRX4	Activation of Kainate Receptors Upon Glutamate Binding	5	319	16	2922	2.862	2.377e-02	2.177e-01	0	0
C-NP.MRGPRX1_MRGPRX4	Assembly of Collagen Fibrils and Other Multimeric Structures	5	319	16	2922	2.862	2.377e-02	2.177e-01	0	0
C-NP.MRGPRX1_MRGPRX4	IRS-mediated Signalling	5	319	16	2922	2.862	2.377e-02	2.177e-01	0	0
C-NP.MRGPRX1_MRGPRX4	Thrombin Signalling Through Proteinase Activated Receptors (PARs)	5	319	16	2922	2.862	2.377e-02	2.177e-01	0	0
C-NP.MRGPRX1_MRGPRX4	ADP Signalling Through P2Y Purinoceptor 1	4	319	11	2922	3.331	2.468e-02	2.177e-01	0	0
C-NP.MRGPRX1_MRGPRX4	Activation of G Protein Gated Potassium Channels	4	319	11	2922	3.331	2.468e-02	2.177e-01	0	0
C-NP.MRGPRX1_MRGPRX4	G Protein Gated Potassium Channels	4	319	11	2922	3.331	2.468e-02	2.177e-01	0	0
C-NP.MRGPRX1_MRGPRX4	Inhibition of Voltage Gated Ca2+ Channels via Gbeta Gamma Subunits	4	319	11	2922	3.331	2.468e-02	2.177e-01	0	0
C-NP.MRGPRX1_MRGPRX4	Inwardly Rectifying K+ Channels	4	319	11	2922	3.331	2.468e-02	2.177e-01	0	0
C-NP.MRGPRX1_MRGPRX4	Collagen Formation	7	319	28	2922	2.290	2.706e-02	2.360e-01	0	0
C-NP.MRGPRX1_MRGPRX4	Neurotransmitter Receptors and Postsynaptic Signal Transmission	20	319	118	2922	1.553	2.814e-02	2.377e-01	0	0
C-NP.MRGPRX1_MRGPRX4	Sensory Perception	13	319	68	2922	1.751	2.948e-02	2.377e-01	0	0
C-NP.MRGPRX1_MRGPRX4	Cytokine Signaling in Immune System	44	319	307	2922	1.313	2.975e-02	2.377e-01	0	0
C-NP.MRGPRX1_MRGPRX4	Binding and Uptake of Ligands by Scavenger Receptors	5	319	17	2922	2.694	3.075e-02	2.377e-01	0	0
C-NP.MRGPRX1_MRGPRX4	RND2 GTPase Cycle	5	319	17	2922	2.694	3.075e-02	2.377e-01	0	0
C-NP.MRGPRX1_MRGPRX4	Sensory Processing of Sound by Outer Hair Cells of the Cochlea	5	319	17	2922	2.694	3.075e-02	2.377e-01	0	0
C-NP.MRGPRX1_MRGPRX4	FRS-mediated FGFR1 Signaling	3	319	7	2922	3.926	3.228e-02	2.377e-01	0	0
C-NP.MRGPRX1_MRGPRX4	IkBA Variant Leads to EDA-ID	3	319	7	2922	3.926	3.228e-02	2.377e-01	0	0
C-NP.MRGPRX1_MRGPRX4	MET Activates RAS Signaling	3	319	7	2922	3.926	3.228e-02	2.377e-01	0	0
C-NP.MRGPRX1_MRGPRX4	Plasma Lipoprotein Remodeling	3	319	7	2922	3.926	3.228e-02	2.377e-01	0	0
C-NP.MRGPRX1_MRGPRX4	SHC-mediated Cascade FGFR1	3	319	7	2922	3.926	3.228e-02	2.377e-01	0	0
C-NP.MRGPRX1_MRGPRX4	STAT5 Activation Downstream of FLT3 ITD Mutants	3	319	7	2922	3.926	3.228e-02	2.377e-01	0	0
C-NP.MRGPRX1_MRGPRX4	Sensory Perception of Sweet. Bitter. and Umami (Glutamate) Taste	3	319	7	2922	3.926	3.228e-02	2.377e-01	0	0
C-NP.MRGPRX1_MRGPRX4	DAG and IP3 Signaling	7	319	29	2922	2.211	3.245e-02	2.377e-01	0	0
C-NP.MRGPRX1_MRGPRX4	Regulation of MECP2 Expression and Activity	6	319	23	2922	2.390	3.266e-02	2.377e-01	0	0
C-NP.MRGPRX1_MRGPRX4	Activation of NIMA Kinases NEK9. NEK6. NEK7	2	319	3	2922	6.107	3.308e-02	2.377e-01	0	0
C-NP.MRGPRX1_MRGPRX4	Defective Binding of VWF Variant to GPIb IX V	2	319	3	2922	6.107	3.308e-02	2.377e-01	0	0
C-NP.MRGPRX1_MRGPRX4	Disinhibition of SNARE Formation	2	319	3	2922	6.107	3.308e-02	2.377e-01	0	0
C-NP.MRGPRX1_MRGPRX4	Enhanced Binding of GP1BA Variant to VWF Multimer Collagen	2	319	3	2922	6.107	3.308e-02	2.377e-01	0	0
C-NP.MRGPRX1_MRGPRX4	Arachidonate Metabolism	4	319	12	2922	3.053	3.391e-02	2.377e-01	0	0
C-NP.MRGPRX1_MRGPRX4	RHO GTPases Activate NADPH Oxidases	4	319	12	2922	3.053	3.391e-02	2.377e-01	0	0
C-NP.MRGPRX1_MRGPRX4	Signaling by FLT3 ITD and TKD Mutants	4	319	12	2922	3.053	3.391e-02	2.377e-01	0	0
C-NP.SST	TNFR1-induced NF-kappa-B Signaling Pathway	12	402	24	2922	3.634	2.221e-05	1.733e-02	1	0
C-NP.SST	Signaling by TGF-beta Receptor Complex in Cancer	5	402	5	2922	7.269	4.824e-05	1.733e-02	1	0
C-NP.SST	Transcriptional Activity of SMAD2 SMAD3 SMAD4 Heterotrimer	12	402	26	2922	3.355	6.104e-05	1.733e-02	1	0
C-NP.SST	Gene Expression (Transcription)	86	402	431	2922	1.450	6.903e-05	1.733e-02	1	0
C-NP.SST	Transcriptional Regulation by RUNX1	22	402	70	2922	2.284	9.348e-05	1.877e-02	1	0
C-NP.SST	RNA Polymerase II Transcription	76	402	379	2922	1.458	1.711e-04	2.562e-02	0	0
C-NP.SST	Generic Transcription Pathway	72	402	355	2922	1.474	1.812e-04	2.562e-02	0	0
C-NP.SST	Signaling by TGF-beta Receptor Complex	17	402	50	2922	2.471	2.041e-04	2.562e-02	0	0
C-NP.SST	Loss of Function of SMAD2 3 in Cancer	4	402	4	2922	7.269	3.537e-04	3.476e-02	0	0
C-NP.SST	Loss of Function of TGFBR1 in Cancer	4	402	4	2922	7.269	3.537e-04	3.476e-02	0	0
C-NP.SST	RIP-mediated NFkB Activation via ZBP1	6	402	9	2922	4.846	3.808e-04	3.476e-02	0	0
C-NP.SST	TNF Signaling	14	402	40	2922	2.544	5.321e-04	4.026e-02	0	0
C-NP.SST	Transcriptional Regulation by MECP2	14	402	40	2922	2.544	5.321e-04	4.026e-02	0	0
C-NP.SST	TNFR1-induced Proapoptotic Signaling	8	402	16	2922	3.634	5.614e-04	4.026e-02	0	0
C-NP.SST	SUMOylation	22	402	79	2922	2.024	6.433e-04	4.306e-02	0	0
C-NP.SST	IkBA Variant Leads to EDA-ID	5	402	7	2922	5.192	7.966e-04	4.725e-02	0	0
C-NP.SST	Interleukin-4 and Interleukin-13 Signaling	15	402	46	2922	2.370	8.000e-04	4.725e-02	0	0
C-NP.SST	RUNX1 Interacts With Co-Factors Whose Precise Effect on RUNX1 Targets Is Not Known	8	402	17	2922	3.421	9.345e-04	4.938e-02	0	0
C-NP.SST	TRAF6 Mediated NF-kB Activation	8	402	17	2922	3.421	9.345e-04	4.938e-02	0	0
C-NP.SST	RUNX2 Regulates Bone Development	9	402	21	2922	3.115	1.027e-03	5.154e-02	0	0
C-NP.SST	SUMO E3 Ligases SUMOylate Target Proteins	21	402	77	2922	1.982	1.146e-03	5.481e-02	0	0
C-NP.SST	Regulation of TNFR1 Signaling	12	402	34	2922	2.565	1.221e-03	5.573e-02	0	0
C-NP.SST	Signaling by ERBB4	13	402	39	2922	2.423	1.415e-03	5.649e-02	0	0
C-NP.SST	Downregulation of SMAD2 3 SMAD4 Transcriptional Activity	8	402	18	2922	3.231	1.483e-03	5.649e-02	0	0
C-NP.SST	SMAD2 SMAD3 SMAD4 Heterotrimer Regulates Transcription	8	402	18	2922	3.231	1.483e-03	5.649e-02	0	0
C-NP.SST	CASP8 Activity Is Inhibited	4	402	5	2922	5.815	1.575e-03	5.649e-02	0	0
C-NP.SST	Dimerization of Procaspase-8	4	402	5	2922	5.815	1.575e-03	5.649e-02	0	0
C-NP.SST	Regulation by c-FLIP	4	402	5	2922	5.815	1.575e-03	5.649e-02	0	0
C-NP.SST	ZBP1(DAI) Mediated Induction of Type I IFNs	6	402	11	2922	3.965	1.639e-03	5.674e-02	0	0
C-NP.SST	C-type Lectin Receptors (CLRs)	17	402	59	2922	2.094	1.749e-03	5.854e-02	0	0
C-NP.SST	Regulation of MECP2 Expression and Activity	9	402	23	2922	2.844	2.213e-03	7.086e-02	0	0
C-NP.SST	EGR2 and SOX10-mediated Initiation of Schwann Cell Myelination	8	402	19	2922	3.060	2.258e-03	7.086e-02	0	0
C-NP.SST	SMAD2 3 Phosphorylation Motif Mutants in Cancer	3	402	3	2922	7.269	2.587e-03	7.640e-02	0	0
C-NP.SST	TGFBR1 KD Mutants in Cancer	3	402	3	2922	7.269	2.587e-03	7.640e-02	0	0
C-NP.SST	Extracellular Matrix Organization	22	402	88	2922	1.817	2.996e-03	8.182e-02	0	0
C-NP.SST	TAK1-dependent IKK and NF-kappa-B Activation	9	402	24	2922	2.726	3.119e-03	8.182e-02	0	0
C-NP.SST	Turbulent Flow Shear Stress Activates Signaling by PIEZO1 and Integrins in Endothelial Cells	9	402	24	2922	2.726	3.119e-03	8.182e-02	0	0
C-NP.SST	Intracellular Signaling by Second Messengers	35	402	162	2922	1.570	3.253e-03	8.182e-02	0	0
C-NP.SST	Nucleotide-binding Domain. Leucine Rich Repeat Containing Receptor (NLR) Signaling Pathways	11	402	33	2922	2.423	3.274e-03	8.182e-02	0	0
C-NP.SST	NGF-stimulated Transcription	8	402	20	2922	2.907	3.320e-03	8.182e-02	0	0
C-NP.SST	Signaling by TGFB Family Members	20	402	78	2922	1.864	3.341e-03	8.182e-02	0	0
C-NP.SST	STAT3 Nuclear Events Downstream of ALK Signaling	5	402	9	2922	4.038	3.765e-03	9.000e-02	0	0
C-NP.SST	Metabolism of Cofactors	4	402	6	2922	4.846	4.213e-03	9.836e-02	0	0
C-NP.SST	Signaling by ALK	8	402	21	2922	2.769	4.731e-03	1.064e-01	0	0
C-NP.SST	Regulation of RUNX1 Expression and Activity	6	402	13	2922	3.355	4.771e-03	1.064e-01	0	0
C-NP.SST	Signaling by Receptor Tyrosine Kinases	53	402	279	2922	1.381	6.317e-03	1.379e-01	0	0
C-NP.SST	Signaling by NOTCH	21	402	88	2922	1.735	6.628e-03	1.399e-01	0	0
C-NP.SST	Regulation of MITF-M-dependent Genes Involved in Apoptosis	5	402	10	2922	3.634	6.688e-03	1.399e-01	0	0
C-NP.SST	NR1H3 & NR1H2 Regulate Gene Expression Linked to Cholesterol Transport and Efflux	7	402	18	2922	2.827	7.184e-03	1.472e-01	0	0
C-NP.SST	Signaling by TGFBR3	9	402	27	2922	2.423	7.650e-03	1.536e-01	0	0
C-NP.SST	Plasma Lipoprotein Remodeling	4	402	7	2922	4.154	8.768e-03	1.567e-01	0	0
C-NP.SST	SUMOylation of DNA Methylation Proteins	4	402	7	2922	4.154	8.768e-03	1.567e-01	0	0
C-NP.SST	Assembly of Active LPL and LIPC Lipase Complexes	3	402	4	2922	5.451	9.288e-03	1.567e-01	0	0
C-NP.SST	Defective RIPK1-mediated Regulated Necrosis	3	402	4	2922	5.451	9.288e-03	1.567e-01	0	0
C-NP.SST	Germ Layer Formation at Gastrulation	3	402	4	2922	5.451	9.288e-03	1.567e-01	0	0
C-NP.SST	ROBO Receptors Bind AKAP5	3	402	4	2922	5.451	9.288e-03	1.567e-01	0	0
C-NP.SST	Diseases of Signal Transduction by Growth Factor Receptors and Second Messengers	45	402	234	2922	1.398	9.343e-03	1.567e-01	0	0
C-NP.SST	NOD1 2 Signaling Pathway	7	402	19	2922	2.678	1.006e-02	1.567e-01	0	0
C-NP.SST	Nuclear Envelope Breakdown	7	402	19	2922	2.678	1.006e-02	1.567e-01	0	0
C-NP.SST	Nuclear Signaling by ERBB4	7	402	19	2922	2.678	1.006e-02	1.567e-01	0	0
C-NP.SST	Death Receptor Signaling	19	402	80	2922	1.726	1.012e-02	1.567e-01	0	0
C-NP.SST	CLEC7A (Dectin-1) Signaling	13	402	48	2922	1.969	1.044e-02	1.567e-01	0	0
C-NP.SST	Estrogen-dependent Gene Expression	13	402	48	2922	1.969	1.044e-02	1.567e-01	0	0
C-NP.SST	Disorders of Developmental Biology	5	402	11	2922	3.304	1.090e-02	1.567e-01	0	0
C-NP.SST	Disorders of Nervous System Development	5	402	11	2922	3.304	1.090e-02	1.567e-01	0	0
C-NP.SST	Loss of Function of MECP2 in Rett Syndrome	5	402	11	2922	3.304	1.090e-02	1.567e-01	0	0
C-NP.SST	Pervasive Developmental Disorders	5	402	11	2922	3.304	1.090e-02	1.567e-01	0	0
C-NP.SST	MECP2 Regulates Neuronal Receptors and Channels	6	402	15	2922	2.907	1.092e-02	1.567e-01	0	0
C-NP.SST	RUNX1 Regulates Genes Involved in Megakaryocyte Differentiation and Platelet Function	6	402	15	2922	2.907	1.092e-02	1.567e-01	0	0
C-NP.SST	TGFBR3 Expression	6	402	15	2922	2.907	1.092e-02	1.567e-01	0	0
C-NP.SST	SUMOylation of DNA Damage Response and Repair Proteins	9	402	29	2922	2.256	1.271e-02	1.797e-01	0	0
C-NP.SST	Platelet Activation. Signaling and Aggregation	27	402	128	2922	1.533	1.289e-02	1.797e-01	0	0
C-NP.SST	Transcriptional Regulation by RUNX2	14	402	55	2922	1.850	1.410e-02	1.939e-01	0	0
C-NP.SST	Reproduction	8	402	25	2922	2.326	1.527e-02	1.989e-01	0	0
C-NP.SST	FGFR1 Mutant Receptor Activation	6	402	16	2922	2.726	1.549e-02	1.989e-01	0	0
C-NP.SST	Caspase Activation via Death Receptors in the Presence of Ligand	4	402	8	2922	3.634	1.565e-02	1.989e-01	0	0
C-NP.SST	GP1b-IX-V Activation Signalling	4	402	8	2922	3.634	1.565e-02	1.989e-01	0	0
C-NP.SST	NFE2L2 Regulating Tumorigenic Genes	4	402	8	2922	3.634	1.565e-02	1.989e-01	0	0
C-NP.SST	NOTCH4 Intracellular Domain Regulates Transcription	4	402	8	2922	3.634	1.565e-02	1.989e-01	0	0
C-NP.SST	FOXO-mediated Transcription	9	402	30	2922	2.181	1.601e-02	2.010e-01	0	0
C-NP.SST	NR1H2 and NR1H3-mediated Signaling	7	402	21	2922	2.423	1.816e-02	2.251e-01	0	0
C-NP.SST	Amyloid Fiber Formation	8	402	26	2922	2.237	1.948e-02	2.369e-01	0	0
C-NP.SST	Toll-like Receptor Cascades	21	402	97	2922	1.574	2.024e-02	2.369e-01	0	0
C-NP.SST	RUNX3 Regulates p14-ARF	3	402	5	2922	4.361	2.086e-02	2.369e-01	0	0
C-NP.SST	WNT Mediated Activation of DVL	3	402	5	2922	4.361	2.086e-02	2.369e-01	0	0
C-NP.SST	Binding and Uptake of Ligands by Scavenger Receptors	6	402	17	2922	2.565	2.123e-02	2.369e-01	0	0
C-NP.SST	Diseases Associated With the TLR Signaling Cascade	6	402	17	2922	2.565	2.123e-02	2.369e-01	0	0
C-NP.SST	Diseases of Immune System	6	402	17	2922	2.565	2.123e-02	2.369e-01	0	0
C-NP.SST	Notch-HLH Transcription Pathway	6	402	17	2922	2.565	2.123e-02	2.369e-01	0	0
C-NP.SST	RUNX2 Regulates Osteoblast Differentiation	6	402	17	2922	2.565	2.123e-02	2.369e-01	0	0
C-NP.SST	G Alpha (Q) Signalling Events	16	402	69	2922	1.685	2.191e-02	2.391e-01	0	0
C-NP.SST	Toll Like Receptor 3 (TLR3) Cascade	16	402	69	2922	1.685	2.191e-02	2.391e-01	0	0
C-NP.SST	Signaling by NOTCH1	11	402	42	2922	1.904	2.291e-02	2.459e-01	0	0
C-NP.SST	PIP3 Activates AKT Signaling	27	402	134	2922	1.465	2.304e-02	2.459e-01	0	0
C-NP.SST	FCGR3A-mediated IL10 Synthesis	7	402	22	2922	2.313	2.358e-02	2.459e-01	0	0
C-NP.SST	Meiosis	7	402	22	2922	2.313	2.358e-02	2.459e-01	0	0
C-NP.SST	Antigen Activates B Cell Receptor (BCR) Leading to Generation of Second Messengers	5	402	13	2922	2.796	2.400e-02	2.459e-01	0	0
C-NP.SST	TICAM1. RIP1-mediated IKK Complex Recruitment	5	402	13	2922	2.796	2.400e-02	2.459e-01	0	0
C-NP.SST	Cytosolic Sensors of Pathogen-Associated DNA	8	402	27	2922	2.154	2.447e-02	2.481e-01	0	0
C-PEP.ADORA2B	Gene Expression (Transcription)	94	389	431	2922	1.638	7.925e-08	7.338e-05	1	0
C-PEP.ADORA2B	RNA Polymerase II Transcription	83	389	379	2922	1.645	4.830e-07	2.149e-04	0	0
C-PEP.ADORA2B	ESR-mediated Signaling	29	389	86	2922	2.533	6.961e-07	2.149e-04	1	0
C-PEP.ADORA2B	Generic Transcription Pathway	77	389	355	2922	1.629	2.113e-06	4.891e-04	0	0
C-PEP.ADORA2B	Heme Signaling	13	389	25	2922	3.906	3.894e-06	5.796e-04	1	0
C-PEP.ADORA2B	SUMOylation	26	389	79	2922	2.472	4.510e-06	5.796e-04	1	0
C-PEP.ADORA2B	NFE2L2 Regulating Tumorigenic Genes	7	389	8	2922	6.573	5.008e-06	5.796e-04	1	0
C-PEP.ADORA2B	Regulation of NFE2L2 Gene Expression	7	389	8	2922	6.573	5.008e-06	5.796e-04	0	0
C-PEP.ADORA2B	SUMO E3 Ligases SUMOylate Target Proteins	25	389	77	2922	2.439	9.108e-06	9.371e-04	0	0
C-PEP.ADORA2B	Oncogenic MAPK Signaling	18	389	49	2922	2.759	2.602e-05	2.410e-03	0	0
C-PEP.ADORA2B	NFE2L2 Regulating ER-stress Associated Genes	5	389	5	2922	7.512	4.089e-05	3.369e-03	0	0
C-PEP.ADORA2B	HATs Acetylate Histones	12	389	26	2922	3.467	4.366e-05	3.369e-03	0	0
C-PEP.ADORA2B	Regulation of MECP2 Expression and Activity	11	389	23	2922	3.592	6.115e-05	4.204e-03	0	0
C-PEP.ADORA2B	Signaling by Nuclear Receptors	31	389	116	2922	2.007	6.356e-05	4.204e-03	0	0
C-PEP.ADORA2B	CREB1 Phosphorylation Through NMDA Receptor-Mediated Activation of RAS Signaling	10	389	21	2922	3.577	1.404e-04	8.668e-03	0	0
C-PEP.ADORA2B	Chromatin Modifying Enzymes	20	389	66	2922	2.276	2.147e-04	1.128e-02	0	0
C-PEP.ADORA2B	Chromatin Organization	20	389	66	2922	2.276	2.147e-04	1.128e-02	0	0
C-PEP.ADORA2B	Signaling by NTRK1 (TRKA)	22	389	76	2922	2.174	2.192e-04	1.128e-02	0	0
C-PEP.ADORA2B	Extra-nuclear Estrogen Signaling	15	389	43	2922	2.620	2.428e-04	1.183e-02	0	0
C-PEP.ADORA2B	CD209 (DC-SIGN) Signaling	7	389	12	2922	4.382	3.053e-04	1.349e-02	0	0
C-PEP.ADORA2B	NFE2L2 Regulating Inflammation Associated Genes	4	389	4	2922	7.512	3.099e-04	1.349e-02	0	0
C-PEP.ADORA2B	MyD88-independent TLR4 Cascade	21	389	73	2922	2.161	3.351e-04	1.349e-02	0	0
C-PEP.ADORA2B	TRIF (TICAM1)-mediated TLR4 Signaling	21	389	73	2922	2.161	3.351e-04	1.349e-02	0	0
C-PEP.ADORA2B	Signaling by NTRKs	23	389	85	2922	2.033	4.705e-04	1.816e-02	0	0
C-PEP.ADORA2B	TNFR1-induced NF-kappa-B Signaling Pathway	10	389	24	2922	3.130	5.375e-04	1.991e-02	0	0
C-PEP.ADORA2B	Signaling by Receptor Tyrosine Kinases	56	389	279	2922	1.508	5.898e-04	2.086e-02	0	0
C-PEP.ADORA2B	MyD88 Dependent Cascade Initiated on Endosome	19	389	66	2922	2.162	6.353e-04	2.086e-02	0	0
C-PEP.ADORA2B	TRAF6 Mediated Induction of NFkB and MAP Kinases Upon TLR7 8 or 9 Activation	19	389	66	2922	2.162	6.353e-04	2.086e-02	0	0
C-PEP.ADORA2B	RAF MAP Kinase Cascade	30	389	125	2922	1.803	6.533e-04	2.086e-02	0	0
C-PEP.ADORA2B	Formation of WDR5-containing Histone-Modifying Complexes	5	389	7	2922	5.365	6.809e-04	2.102e-02	0	0
C-PEP.ADORA2B	SUMOylation of Ubiquitinylation Proteins	8	389	17	2922	3.535	7.459e-04	2.188e-02	0	0
C-PEP.ADORA2B	Toll Like Receptor 7 8 (TLR7 8) Cascade	19	389	67	2922	2.130	7.802e-04	2.188e-02	0	0
C-PEP.ADORA2B	Toll Like Receptor 9 (TLR9) Cascade	19	389	67	2922	2.130	7.802e-04	2.188e-02	0	0
C-PEP.ADORA2B	Signaling by ALK	9	389	21	2922	3.219	8.035e-04	2.188e-02	0	0
C-PEP.ADORA2B	Epigenetic Regulation of Gene Expression	20	389	73	2922	2.058	9.246e-04	2.239e-02	0	0
C-PEP.ADORA2B	Estrogen-dependent Gene Expression	15	389	48	2922	2.347	9.282e-04	2.239e-02	0	0
C-PEP.ADORA2B	Interleukin-17 Signaling	15	389	48	2922	2.347	9.282e-04	2.239e-02	0	0
C-PEP.ADORA2B	MAP Kinase Activation	15	389	48	2922	2.347	9.282e-04	2.239e-02	0	0
C-PEP.ADORA2B	MAPK Family Signaling Cascades	33	389	145	2922	1.710	9.716e-04	2.239e-02	0	0
C-PEP.ADORA2B	MAPK1 MAPK3 Signaling	30	389	128	2922	1.761	9.952e-04	2.239e-02	0	0
C-PEP.ADORA2B	Epigenetic Regulation by WDR5-containing Histone Modifying Complexes	11	389	30	2922	2.754	1.029e-03	2.239e-02	0	0
C-PEP.ADORA2B	Circadian Clock	13	389	39	2922	2.504	1.034e-03	2.239e-02	0	0
C-PEP.ADORA2B	Ras Activation Upon Ca2+ Influx Through NMDA Receptor	7	389	14	2922	3.756	1.040e-03	2.239e-02	0	0
C-PEP.ADORA2B	Toll Like Receptor 3 (TLR3) Cascade	19	389	69	2922	2.068	1.157e-03	2.292e-02	0	0
C-PEP.ADORA2B	Long-term Potentiation	8	389	18	2922	3.338	1.189e-03	2.292e-02	0	0
C-PEP.ADORA2B	Disorders of Developmental Biology	6	389	11	2922	4.097	1.373e-03	2.292e-02	0	0
C-PEP.ADORA2B	Disorders of Nervous System Development	6	389	11	2922	4.097	1.373e-03	2.292e-02	0	0
C-PEP.ADORA2B	Loss of Function of MECP2 in Rett Syndrome	6	389	11	2922	4.097	1.373e-03	2.292e-02	0	0
C-PEP.ADORA2B	Pervasive Developmental Disorders	6	389	11	2922	4.097	1.373e-03	2.292e-02	0	0
C-PEP.ADORA2B	ZBP1(DAI) Mediated Induction of Type I IFNs	6	389	11	2922	4.097	1.373e-03	2.292e-02	0	0
C-PEP.ADORA2B	Cohesin Loading Onto Chromatin	4	389	5	2922	6.009	1.386e-03	2.292e-02	0	0
C-PEP.ADORA2B	Establishment of Sister Chromatid Cohesion	4	389	5	2922	6.009	1.386e-03	2.292e-02	0	0
C-PEP.ADORA2B	Mitotic Telophase Cytokinesis	4	389	5	2922	6.009	1.386e-03	2.292e-02	0	0
C-PEP.ADORA2B	NFE2L2 Regulating MDR Associated Enzymes	4	389	5	2922	6.009	1.386e-03	2.292e-02	0	0
C-PEP.ADORA2B	RAS Signaling Downstream of NF1 Loss-Of-Function Variants	4	389	5	2922	6.009	1.386e-03	2.292e-02	0	0
C-PEP.ADORA2B	RUNX3 Regulates p14-ARF	4	389	5	2922	6.009	1.386e-03	2.292e-02	0	0
C-PEP.ADORA2B	Caspase Activation via Death Receptors in the Presence of Ligand	5	389	8	2922	4.695	1.618e-03	2.548e-02	0	0
C-PEP.ADORA2B	MyD88 MAL(TIRAP) Cascade Initiated on Plasma Membrane	19	389	71	2922	2.010	1.679e-03	2.548e-02	0	0
C-PEP.ADORA2B	Toll Like Receptor 2 (TLR2) Cascade	19	389	71	2922	2.010	1.679e-03	2.548e-02	0	0
C-PEP.ADORA2B	Toll Like Receptor TLR1 TLR2 Cascade	19	389	71	2922	2.010	1.679e-03	2.548e-02	0	0
C-PEP.ADORA2B	Toll Like Receptor TLR6 TLR2 Cascade	19	389	71	2922	2.010	1.679e-03	2.548e-02	0	0
C-PEP.ADORA2B	Negative Regulation of NMDA Receptor-Mediated Neuronal Transmission	7	389	15	2922	3.505	1.729e-03	2.582e-02	0	0
C-PEP.ADORA2B	Nuclear Events (Kinase and Transcription Factor Activation)	12	389	37	2922	2.436	2.101e-03	3.089e-02	0	0
C-PEP.ADORA2B	NOTCH1 Intracellular Domain Regulates Transcription	10	389	28	2922	2.683	2.191e-03	3.171e-02	0	0
C-PEP.ADORA2B	Signaling by NOTCH1	13	389	42	2922	2.325	2.227e-03	3.173e-02	0	0
C-PEP.ADORA2B	Activation of the TFAP2 (AP-2) Family of Transcription Factors	3	389	3	2922	7.512	2.344e-03	3.288e-02	0	0
C-PEP.ADORA2B	Nucleotide-binding Domain. Leucine Rich Repeat Containing Receptor (NLR) Signaling Pathways	11	389	33	2922	2.504	2.509e-03	3.467e-02	0	0
C-PEP.ADORA2B	MyD88 Cascade Initiated on Plasma Membrane	17	389	63	2922	2.027	2.645e-03	3.499e-02	0	0
C-PEP.ADORA2B	Toll Like Receptor 10 (TLR10) Cascade	17	389	63	2922	2.027	2.645e-03	3.499e-02	0	0
C-PEP.ADORA2B	Toll Like Receptor 5 (TLR5) Cascade	17	389	63	2922	2.027	2.645e-03	3.499e-02	0	0
C-PEP.ADORA2B	Metabolism of Steroids	12	389	38	2922	2.372	2.710e-03	3.535e-02	0	0
C-PEP.ADORA2B	SUMOylation of DNA Damage Response and Repair Proteins	10	389	29	2922	2.590	2.956e-03	3.750e-02	0	0
C-PEP.ADORA2B	Signaling by FGFR1	10	389	29	2922	2.590	2.956e-03	3.750e-02	0	0
C-PEP.ADORA2B	RIP-mediated NFkB Activation via ZBP1	5	389	9	2922	4.173	3.245e-03	4.060e-02	0	0
C-PEP.ADORA2B	MAPK Targets Nuclear Events Mediated by MAP Kinases	9	389	25	2922	2.704	3.419e-03	4.221e-02	0	0
C-PEP.ADORA2B	DDX58 IFIH1-mediated Induction of Interferon-Alpha Beta	13	389	44	2922	2.219	3.526e-03	4.296e-02	0	0
C-PEP.ADORA2B	Nucleotide-like (Purinergic) Receptors	4	389	6	2922	5.008	3.721e-03	4.475e-02	0	0
C-PEP.ADORA2B	Transcriptional Regulation by NPAS4	8	389	21	2922	2.862	3.841e-03	4.538e-02	0	0
C-PEP.ADORA2B	FOXO-mediated Transcription	10	389	30	2922	2.504	3.920e-03	4.538e-02	0	0
C-PEP.ADORA2B	ISG15 Antiviral Mechanism	10	389	30	2922	2.504	3.920e-03	4.538e-02	0	0
C-PEP.ADORA2B	Notch-HLH Transcription Pathway	7	389	17	2922	3.093	4.113e-03	4.645e-02	0	0
C-PEP.ADORA2B	Unblocking of NMDA Receptors. Glutamate Binding and Activation	7	389	17	2922	3.093	4.113e-03	4.645e-02	0	0
C-PEP.ADORA2B	Signaling by BRAF and RAF1 Fusions	12	389	40	2922	2.253	4.358e-03	4.804e-02	0	0
C-PEP.ADORA2B	Transcriptional Regulation by MECP2	12	389	40	2922	2.253	4.358e-03	4.804e-02	0	0
C-PEP.ADORA2B	VEGFA-VEGFR2 Pathway	17	389	66	2922	1.935	4.488e-03	4.889e-02	0	0
C-PEP.ADORA2B	Diseases of Signal Transduction by Growth Factor Receptors and Second Messengers	45	389	234	2922	1.445	5.051e-03	5.438e-02	0	0
C-PEP.ADORA2B	Toll Like Receptor 4 (TLR4) Cascade	21	389	89	2922	1.772	5.174e-03	5.507e-02	0	0
C-PEP.ADORA2B	Signaling by VEGF	17	389	67	2922	1.906	5.298e-03	5.565e-02	0	0
C-PEP.ADORA2B	RAF Activation	8	389	22	2922	2.731	5.349e-03	5.565e-02	0	0
C-PEP.ADORA2B	Adipogenesis	12	389	41	2922	2.199	5.439e-03	5.596e-02	0	0
C-PEP.ADORA2B	TP53 Regulates Transcription of Cell Death Genes	6	389	14	2922	3.219	6.272e-03	6.383e-02	0	0
C-PEP.ADORA2B	Regulation of Lipid Metabolism by PPARalpha	11	389	37	2922	2.233	6.750e-03	6.720e-02	0	0
C-PEP.ADORA2B	Signaling by FGFR	11	389	37	2922	2.233	6.750e-03	6.720e-02	0	0
C-PEP.ADORA2B	Toll-like Receptor Cascades	22	389	97	2922	1.704	7.025e-03	6.920e-02	0	0
C-PEP.ADORA2B	Death Receptor Signaling	19	389	80	2922	1.784	7.124e-03	6.944e-02	0	0
C-PEP.ADORA2B	IkBA Variant Leads to EDA-ID	4	389	7	2922	4.292	7.775e-03	7.422e-02	0	0
C-PEP.ADORA2B	Repression of WNT Target Genes	4	389	7	2922	4.292	7.775e-03	7.422e-02	0	0
C-PEP.ADORA2B	Transcriptional Regulation of White Adipocyte Differentiation	9	389	28	2922	2.414	8.017e-03	7.575e-02	0	0
C-PEP.ADORA2B	NOD1 2 Signaling Pathway	7	389	19	2922	2.767	8.398e-03	7.761e-02	0	0
C-PEP.ADORA2B	LRR FLII-interacting Protein 1 (LRRFIP1) Activates Type I IFN Production	3	389	4	2922	5.634	8.445e-03	7.761e-02	0	0
C-PEP.ADORA2B	Cellular Senescence	17	389	70	2922	1.824	8.465e-03	7.761e-02	0	0
C-PEP.ADORA2B	Estrogen-dependent Nuclear Events Downstream of ESR-membrane Signaling	6	389	15	2922	3.005	9.301e-03	8.192e-02	0	0
C-PEP.ADORA2B	RHO GTPases Activate ROCKs	6	389	15	2922	3.005	9.301e-03	8.192e-02	0	0
C-PEP.ADORA2B	RUNX1 Regulates Genes Involved in Megakaryocyte Differentiation and Platelet Function	6	389	15	2922	3.005	9.301e-03	8.192e-02	0	0
C-PEP.ADORA2B	TGFBR3 Expression	6	389	15	2922	3.005	9.301e-03	8.192e-02	0	0
C-PEP.ADORA2B	Cytokine Signaling in Immune System	55	389	307	2922	1.346	9.415e-03	8.192e-02	0	0
C-PEP.ADORA2B	SUMOylation of Transcription Factors	5	389	11	2922	3.414	9.466e-03	8.192e-02	0	0
C-PEP.ADORA2B	TAK1-dependent IKK and NF-kappa-B Activation	8	389	24	2922	2.504	9.668e-03	8.290e-02	0	0
C-PEP.ADORA2B	Negative Regulation of MAPK Pathway	9	389	29	2922	2.331	1.029e-02	8.745e-02	0	0
C-PEP.ADORA2B	Post NMDA Receptor Activation Events	14	389	55	2922	1.912	1.066e-02	8.977e-02	0	0
C-PEP.ADORA2B	NGF-stimulated Transcription	7	389	20	2922	2.629	1.148e-02	9.573e-02	0	0
C-PEP.ADORA2B	Cellular Response to Heat Stress	15	389	61	2922	1.847	1.160e-02	9.594e-02	0	0
C-PEP.ADORA2B	TNF Signaling	11	389	40	2922	2.066	1.260e-02	9.980e-02	0	0
C-PEP.ADORA2B	Epigenetic Regulation of Adipogenesis Genes by MLL3 and MLL4 Complexes	8	389	25	2922	2.404	1.261e-02	9.980e-02	0	0
C-PEP.ADORA2B	Epigenetic Regulation of Gene Expression by MLL3 and MLL4 Complexes	8	389	25	2922	2.404	1.261e-02	9.980e-02	0	0
C-PEP.ADORA2B	MLL4 and MLL3 Complexes Regulate Expression of PPARG Targets in Adipogenesis and Hepatic Steatosis	8	389	25	2922	2.404	1.261e-02	9.980e-02	0	0
C-PEP.ADORA2B	SUMOylation of Chromatin Organization Proteins	8	389	25	2922	2.404	1.261e-02	9.980e-02	0	0
C-PEP.ADORA2B	Interferon Signaling	23	389	108	2922	1.600	1.292e-02	1.014e-01	0	0
C-PEP.ADORA2B	Signaling by RAF1 Mutants	9	389	30	2922	2.253	1.303e-02	1.014e-01	0	0
C-PEP.ADORA2B	Gastrin-CREB Signalling Pathway via PKC and MAPK	6	389	16	2922	2.817	1.325e-02	1.022e-01	0	0
C-PEP.ADORA2B	FOXO-mediated Transcription of Cell Death Genes	4	389	8	2922	3.756	1.393e-02	1.066e-01	0	0
C-PEP.ADORA2B	Nuclear Events Mediated by NFE2L2	12	389	46	2922	1.960	1.440e-02	1.073e-01	0	0
C-PEP.ADORA2B	Formation of the Beta-Catenin TCF Transactivating Complex	5	389	12	2922	3.130	1.448e-02	1.073e-01	0	0
C-PEP.ADORA2B	IRAK2 Mediated Activation of TAK1 Complex Upon TLR7 8 or 9 Stimulation	5	389	12	2922	3.130	1.448e-02	1.073e-01	0	0
C-PEP.ADORA2B	NFE2L2 Regulating Anti-Oxidant Detoxification Enzymes	5	389	12	2922	3.130	1.448e-02	1.073e-01	0	0
C-PEP.ADORA2B	Insulin Receptor Signalling Cascade	7	389	21	2922	2.504	1.529e-02	1.115e-01	0	0
C-PEP.ADORA2B	RUNX2 Regulates Bone Development	7	389	21	2922	2.504	1.529e-02	1.115e-01	0	0
C-PEP.ADORA2B	PPARA Activates Gene Expression	10	389	36	2922	2.087	1.589e-02	1.115e-01	0	0
C-PEP.ADORA2B	Glutamate Binding. Activation of AMPA Receptors and Synaptic Plasticity	8	389	26	2922	2.311	1.616e-02	1.115e-01	0	0
C-PEP.ADORA2B	Trafficking of AMPA Receptors	8	389	26	2922	2.311	1.616e-02	1.115e-01	0	0
C-PEP.ADORA2B	Transcriptional Activity of SMAD2 SMAD3 SMAD4 Heterotrimer	8	389	26	2922	2.311	1.616e-02	1.115e-01	0	0
C-PEP.ADORA2B	Paradoxical Activation of RAF Signaling by Kinase Inactive BRAF	9	389	31	2922	2.181	1.626e-02	1.115e-01	0	0
C-PEP.ADORA2B	Signaling Downstream of RAS Mutants	9	389	31	2922	2.181	1.626e-02	1.115e-01	0	0
C-PEP.ADORA2B	Signaling by Moderate Kinase Activity BRAF Mutants	9	389	31	2922	2.181	1.626e-02	1.115e-01	0	0
C-PEP.ADORA2B	Signaling by RAS Mutants	9	389	31	2922	2.181	1.626e-02	1.115e-01	0	0
C-PEP.ADORA2B	Diseases Associated With the TLR Signaling Cascade	6	389	17	2922	2.651	1.823e-02	1.167e-01	0	0
C-PEP.ADORA2B	Diseases of Immune System	6	389	17	2922	2.651	1.823e-02	1.167e-01	0	0
C-PEP.ADORA2B	ERK MAPK Targets	6	389	17	2922	2.651	1.823e-02	1.167e-01	0	0
C-PEP.ADORA2B	IRS-related Events Triggered by IGF1R	6	389	17	2922	2.651	1.823e-02	1.167e-01	0	0
C-PEP.ADORA2B	RND2 GTPase Cycle	6	389	17	2922	2.651	1.823e-02	1.167e-01	0	0
C-PEP.ADORA2B	Transcriptional Regulation by RUNX1	16	389	70	2922	1.717	1.873e-02	1.167e-01	0	0
C-PEP.ADORA2B	BH3-only Proteins Associate With and Inactivate Anti-Apoptotic BCL-2 Members	3	389	5	2922	4.507	1.903e-02	1.167e-01	0	0
C-PEP.ADORA2B	CASP8 Activity Is Inhibited	3	389	5	2922	4.507	1.903e-02	1.167e-01	0	0
C-PEP.ADORA2B	Dimerization of Procaspase-8	3	389	5	2922	4.507	1.903e-02	1.167e-01	0	0
C-PEP.ADORA2B	Loss of MECP2 Binding Ability to the NCoR SMRT Complex	3	389	5	2922	4.507	1.903e-02	1.167e-01	0	0
C-PEP.ADORA2B	MECP2 Regulates Transcription of Neuronal Ligands	3	389	5	2922	4.507	1.903e-02	1.167e-01	0	0
C-PEP.ADORA2B	NFE2L2 Regulates Pentose Phosphate Pathway Genes	3	389	5	2922	4.507	1.903e-02	1.167e-01	0	0
C-PEP.ADORA2B	Regulation by c-FLIP	3	389	5	2922	4.507	1.903e-02	1.167e-01	0	0
C-PEP.ADORA2B	Regulation of Gene Expression by Hypoxia-inducible Factor	3	389	5	2922	4.507	1.903e-02	1.167e-01	0	0
C-PEP.ADORA2B	Signaling by MAPK Mutants	3	389	5	2922	4.507	1.903e-02	1.167e-01	0	0
C-PEP.ADORA2B	TRIF-mediated Programmed Cell Death	3	389	5	2922	4.507	1.903e-02	1.167e-01	0	0
C-PEP.ADORA2B	Regulation of Cholesterol Biosynthesis by SREBP (SREBF)	7	389	22	2922	2.390	1.993e-02	1.214e-01	0	0
C-PEP.ADORA2B	Cytosolic Sensors of Pathogen-Associated DNA	8	389	27	2922	2.226	2.037e-02	1.233e-01	0	0
C-PEP.ADORA2B	GPCR Downstream Signalling	33	389	175	2922	1.416	2.064e-02	1.240e-01	0	0
C-PEP.ADORA2B	Caspase Activation via Extrinsic Apoptotic Signalling Pathway	5	389	13	2922	2.889	2.102e-02	1.240e-01	0	0
C-PEP.ADORA2B	NPAS4 Regulates Expression of Target Genes	5	389	13	2922	2.889	2.102e-02	1.240e-01	0	0
C-PEP.ADORA2B	TRAF6-mediated Induction of TAK1 Complex Within TLR4 Complex	5	389	13	2922	2.889	2.102e-02	1.240e-01	0	0
C-PEP.ADORA2B	CaMK IV-mediated Phosphorylation of CREB	4	389	9	2922	3.338	2.248e-02	1.277e-01	0	0
C-PEP.ADORA2B	Cholesterol Biosynthesis	4	389	9	2922	3.338	2.248e-02	1.277e-01	0	0
C-PEP.ADORA2B	FOXO-mediated Transcription of Oxidative Stress. Metabolic and Neuronal Genes	4	389	9	2922	3.338	2.248e-02	1.277e-01	0	0
C-PEP.ADORA2B	RORA Activates Gene Expression	4	389	9	2922	3.338	2.248e-02	1.277e-01	0	0
C-PEP.ADORA2B	Transport of Mature mRNA Derived From an Intronless Transcript	4	389	9	2922	3.338	2.248e-02	1.277e-01	0	0
C-PEP.ADORA2B	Transport of Mature mRNAs Derived From Intronless Transcripts	4	389	9	2922	3.338	2.248e-02	1.277e-01	0	0
C-PEP.ADORA2B	KEAP1-NFE2L2 Pathway	14	389	60	2922	1.753	2.276e-02	1.285e-01	0	0
C-PEP.ADORA2B	Fc Epsilon Receptor (FCERI) Signaling	16	389	72	2922	1.669	2.418e-02	1.327e-01	0	0
C-PEP.ADORA2B	Activation of Gene Expression by SREBF (SREBP)	6	389	18	2922	2.504	2.436e-02	1.327e-01	0	0
C-PEP.ADORA2B	IGF1R Signaling Cascade	6	389	18	2922	2.504	2.436e-02	1.327e-01	0	0
C-PEP.ADORA2B	Phase 0 - Rapid Depolarisation	6	389	18	2922	2.504	2.436e-02	1.327e-01	0	0
C-PEP.ADORA2B	SMAD2 SMAD3 SMAD4 Heterotrimer Regulates Transcription	6	389	18	2922	2.504	2.436e-02	1.327e-01	0	0
C-PEP.ADORA2B	Signaling by Type 1 Insulin-like Growth Factor 1 Receptor (IGF1R)	6	389	18	2922	2.504	2.436e-02	1.327e-01	0	0
C-PEP.ADORA2B	RET Signaling	7	389	23	2922	2.286	2.547e-02	1.371e-01	0	0
C-PEP.ADORA2B	SUMOylation of Transcription Cofactors	7	389	23	2922	2.286	2.547e-02	1.371e-01	0	0
C-PEP.ADORA2B	Interferon Gamma Signaling	10	389	39	2922	1.926	2.758e-02	1.477e-01	0	0
C-PEP.ADORA2B	Activation of NMDA Receptors and Postsynaptic Events	14	389	62	2922	1.696	2.975e-02	1.583e-01	0	0
C-PEP.ADORA2B	RND3 GTPase Cycle	6	389	19	2922	2.372	3.172e-02	1.653e-01	0	0
C-PEP.ADORA2B	Regulation of TP53 Activity Through Acetylation	6	389	19	2922	2.372	3.172e-02	1.653e-01	0	0
C-PEP.ADORA2B	Signaling by FGFR3	7	389	24	2922	2.191	3.198e-02	1.653e-01	0	0
C-PEP.ADORA2B	Signaling by FGFR4	7	389	24	2922	2.191	3.198e-02	1.653e-01	0	0
C-PEP.ADORA2B	Turbulent Flow Shear Stress Activates Signaling by PIEZO1 and Integrins in Endothelial Cells	7	389	24	2922	2.191	3.198e-02	1.653e-01	0	0
C-PEP.ADORA2B	Activation of the AP-1 Family of Transcription Factors	4	389	10	2922	3.005	3.361e-02	1.653e-01	0	0
C-PEP.ADORA2B	NEP NS2 Interacts With the Cellular Export Machinery	4	389	10	2922	3.005	3.361e-02	1.653e-01	0	0
C-PEP.ADORA2B	Regulation of MITF-M-dependent Genes Involved in Apoptosis	4	389	10	2922	3.005	3.361e-02	1.653e-01	0	0
C-PEP.ADORA2B	Rev-mediated Nuclear Export of HIV RNA	4	389	10	2922	3.005	3.361e-02	1.653e-01	0	0
C-PEP.ADORA2B	Signaling by NTRK3 (TRKC)	4	389	10	2922	3.005	3.361e-02	1.653e-01	0	0
C-PEP.ADORA2B	HuR (ELAVL1) Binds and Stabilizes mRNA	3	389	6	2922	3.756	3.435e-02	1.653e-01	0	0
C-PEP.ADORA2B	Negative Feedback Regulation of MAPK Pathway	3	389	6	2922	3.756	3.435e-02	1.653e-01	0	0
C-PEP.ADORA2B	RSK Activation	3	389	6	2922	3.756	3.435e-02	1.653e-01	0	0
C-PEP.ADORA2B	RUNX1 Regulates Transcription of Genes Involved in Differentiation of Myeloid Cells	3	389	6	2922	3.756	3.435e-02	1.653e-01	0	0
C-PEP.ADORA2B	Regulation of FOXO Transcriptional Activity by Acetylation	3	389	6	2922	3.756	3.435e-02	1.653e-01	0	0
C-PEP.ADORA2B	Signaling by LTK in Cancer	3	389	6	2922	3.756	3.435e-02	1.653e-01	0	0
C-PEP.ADORA2B	TP53 Regulates Transcription of Genes Involved in Cytochrome C Release	3	389	6	2922	3.756	3.435e-02	1.653e-01	0	0
C-PEP.ADORA2B	Transcription of E2F Targets Under Negative Control by DREAM Complex	3	389	6	2922	3.756	3.435e-02	1.653e-01	0	0
C-PEP.ADORA2B	Constitutive Signaling by NOTCH1 HD+PEST Domain Mutants	9	389	35	2922	1.932	3.517e-02	1.653e-01	0	0
C-PEP.ADORA2B	Constitutive Signaling by NOTCH1 PEST Domain Mutants	9	389	35	2922	1.932	3.517e-02	1.653e-01	0	0
C-PEP.ADORA2B	Signaling by NOTCH1 HD+PEST Domain Mutants in Cancer	9	389	35	2922	1.932	3.517e-02	1.653e-01	0	0
C-PEP.ADORA2B	Signaling by NOTCH1 PEST Domain Mutants in Cancer	9	389	35	2922	1.932	3.517e-02	1.653e-01	0	0
C-PEP.ADORA2B	Signaling by NOTCH1 in Cancer	9	389	35	2922	1.932	3.517e-02	1.653e-01	0	0
C-PEP.ADORA2B	Senescence-Associated Secretory Phenotype (SASP)	8	389	30	2922	2.003	3.759e-02	1.758e-01	0	0
C-PEP.ADORA2B	Transcriptional Regulation by RUNX3	10	389	41	2922	1.832	3.817e-02	1.776e-01	0	0
C-PEP.ADORA2B	Antiviral Mechanism by IFN-stimulated Genes	15	389	70	2922	1.610	3.852e-02	1.783e-01	0	0
C-PEP.ADORA2B	Transcriptional Activation of Mitochondrial Biogenesis	7	389	25	2922	2.103	3.951e-02	1.820e-01	0	0
C-PEP.ADORA2B	C-type Lectin Receptors (CLRs)	13	389	59	2922	1.655	4.257e-02	1.951e-01	0	0
C-PEP.ADORA2B	SARS-CoV Infections	36	389	206	2922	1.313	4.643e-02	2.103e-01	0	0
C-PEP.ADORA2B	BMAL1 CLOCK.NPAS2 Activates Circadian Gene Expression	4	389	11	2922	2.731	4.741e-02	2.103e-01	0	0
C-PEP.ADORA2B	Export of Viral Ribonucleoproteins From Nucleus	4	389	11	2922	2.731	4.741e-02	2.103e-01	0	0
C-PEP.ADORA2B	FGFRL1 Modulation of FGFR1 Signaling	2	389	3	2922	5.008	4.836e-02	2.103e-01	0	0
C-PEP.ADORA2B	Interleukin-1 Processing	2	389	3	2922	5.008	4.836e-02	2.103e-01	0	0
C-PEP.ADORA2B	Organic Cation Anion Zwitterion Transport	2	389	3	2922	5.008	4.836e-02	2.103e-01	0	0
C-PEP.ADORA2B	Organic Cation Transport	2	389	3	2922	5.008	4.836e-02	2.103e-01	0	0
C-PEP.ADORA2B	RUNX1 Regulates Transcription of Genes Involved in BCR Signaling	2	389	3	2922	5.008	4.836e-02	2.103e-01	0	0
C-PEP.ADORA2B	RUNX2 Regulates Chondrocyte Maturation	2	389	3	2922	5.008	4.836e-02	2.103e-01	0	0
C-PEP.ADORA2B	RUNX3 Regulates BCL2L11 (BIM) Transcription	2	389	3	2922	5.008	4.836e-02	2.103e-01	0	0
C-PEP.ADORA2B	Regulation of NPAS4 Gene Transcription	2	389	3	2922	5.008	4.836e-02	2.103e-01	0	0
C-PEP.ADORA2B	Signaling by GPCR	33	389	187	2922	1.326	4.902e-02	2.121e-01	0	0
C-PEP.ADORA2B	IRS-mediated Signalling	5	389	16	2922	2.347	5.095e-02	2.144e-01	0	0
C-PEP.ADORA2B	JNK (c-Jun Kinases) Phosphorylation and Activation Mediated by Activated Human TAK1	5	389	16	2922	2.347	5.095e-02	2.144e-01	0	0
C-PEP.ADORA2B	RAF-independent MAPK1 3 Activation	5	389	16	2922	2.347	5.095e-02	2.144e-01	0	0
C-PEP.ADORA2B	Signaling by KIT in Disease	5	389	16	2922	2.347	5.095e-02	2.144e-01	0	0
C-PEP.ADORA2B	Signaling by Phosphorylated Juxtamembrane. Extracellular and Kinase Domain KIT Mutants	5	389	16	2922	2.347	5.095e-02	2.144e-01	0	0
C-PEP.ADORA2B	Transport of Mature Transcript to Cytoplasm	5	389	16	2922	2.347	5.095e-02	2.144e-01	0	0
C-PEP.ADORA2B	Protein-protein Interactions at Synapses	10	389	43	2922	1.747	5.128e-02	2.149e-01	0	0
C-PEP.ADORA2B	Signaling by FGFR2	8	389	32	2922	1.878	5.332e-02	2.224e-01	0	0
C-PEP.ADORA2B	Cytochrome P450 - Arranged by Substrate Type	3	389	7	2922	3.219	5.427e-02	2.224e-01	0	0
C-PEP.ADORA2B	G0 and Early G1	3	389	7	2922	3.219	5.427e-02	2.224e-01	0	0
C-PEP.ADORA2B	IFNG Signaling Activates MAPKs	3	389	7	2922	3.219	5.427e-02	2.224e-01	0	0
C-PEP.ADORA2B	p38MAPK Events	3	389	7	2922	3.219	5.427e-02	2.224e-01	0	0
C-PEP.ADORA2B	Signaling by TGFBR3	7	389	27	2922	1.947	5.783e-02	2.359e-01	0	0
C-PEP.ADORA2B	Cellular Response to Chemical Stress	19	389	99	2922	1.442	5.961e-02	2.421e-01	0	0
C-PEP.ADORA2B	FCERI Mediated MAPK Activation	6	389	22	2922	2.049	6.188e-02	2.492e-01	0	0
C-PEP.ADORA2B	Interactions of Rev With Host Cellular Proteins	4	389	12	2922	2.504	6.387e-02	2.492e-01	0	0
C-PEP.ADORA2B	Interleukin Receptor SHC Signaling	4	389	12	2922	2.504	6.387e-02	2.492e-01	0	0
C-PEP.ADORA2B	Metabolism of Non-Coding RNA	4	389	12	2922	2.504	6.387e-02	2.492e-01	0	0
C-PEP.ADORA2B	Sema4D Induced Cell Migration and Growth-Cone Collapse	4	389	12	2922	2.504	6.387e-02	2.492e-01	0	0
C-PEP.ADORA2B	Signaling by FLT3 ITD and TKD Mutants	4	389	12	2922	2.504	6.387e-02	2.492e-01	0	0
C-PEP.ADORA2B	TRAF6 Mediated IRF7 Activation	4	389	12	2922	2.504	6.387e-02	2.492e-01	0	0
C-PEP.ADORA2B	snRNP Assembly	4	389	12	2922	2.504	6.387e-02	2.492e-01	0	0
C-PEP.ADORA2B	IKK Complex Recruitment Mediated by RIP1	5	389	17	2922	2.209	6.458e-02	2.492e-01	0	0
C-PEP.ADORA2B	RUNX1 Interacts With Co-Factors Whose Precise Effect on RUNX1 Targets Is Not Known	5	389	17	2922	2.209	6.458e-02	2.492e-01	0	0
C-PEP.ADORA2B	TRAF6 Mediated NF-kB Activation	5	389	17	2922	2.209	6.458e-02	2.492e-01	0	0
C-PEP.ADORA2B	Transcriptional Regulation of Granulopoiesis	5	389	17	2922	2.209	6.458e-02	2.492e-01	0	0
C-PEP.TAC1_CACNG5	Protein Folding	18	366	47	2922	3.058	5.527e-06	4.654e-03	1	0
C-PEP.TAC1_CACNG5	Chaperonin-mediated Protein Folding	17	366	45	2922	3.016	1.258e-05	5.297e-03	0	0
C-PEP.TAC1_CACNG5	Thrombin Signalling Through Proteinase Activated Receptors (PARs)	8	366	16	2922	3.992	2.903e-04	8.148e-02	0	0
C-PEP.TAC1_CACNG5	Cooperation of PDCL (PhLP1) and TRiC CCT in G-protein Beta Folding	9	366	21	2922	3.422	5.074e-04	1.068e-01	0	0
C-PEP.TAC1_CACNG5	Interleukin-21 Signaling	4	366	5	2922	6.387	1.093e-03	1.281e-01	0	0
C-PEP.TAC1_CACNG5	Formation of Tubulin Folding Intermediates by CCT TriC	8	366	19	2922	3.362	1.211e-03	1.281e-01	0	0
C-PEP.TAC1_CACNG5	Prefoldin Mediated Transfer of Substrate to CCT TriC	8	366	19	2922	3.362	1.211e-03	1.281e-01	0	0
C-PEP.TAC1_CACNG5	Interleukin-35 Signalling	5	366	8	2922	4.990	1.217e-03	1.281e-01	0	0
C-PEP.TAC1_CACNG5	Hemostasis	46	366	242	2922	1.518	1.673e-03	1.378e-01	0	0
C-PEP.TAC1_CACNG5	Prolonged ERK Activation Events	6	366	12	2922	3.992	1.766e-03	1.378e-01	0	0
C-PEP.TAC1_CACNG5	Cooperation of Prefoldin and TriC CCT in Actin and Tubulin Folding	8	366	20	2922	3.193	1.801e-03	1.378e-01	0	0
C-PEP.TAC1_CACNG5	G-protein Activation	5	366	9	2922	4.435	2.459e-03	1.593e-01	0	0
C-PEP.TAC1_CACNG5	Interleukin-27 Signaling	5	366	9	2922	4.435	2.459e-03	1.593e-01	0	0
C-PEP.TAC1_CACNG5	Signal Amplification	7	366	17	2922	3.287	2.887e-03	1.736e-01	0	0
C-PEP.TAC1_CACNG5	Association of TriC CCT With Target Proteins During Biosynthesis	8	366	22	2922	2.903	3.643e-03	1.750e-01	0	0
C-PEP.TAC1_CACNG5	Vasopressin Regulates Renal Water Homeostasis via Aquaporins	8	366	22	2922	2.903	3.643e-03	1.750e-01	0	0
C-PEP.TAC1_CACNG5	Signal Transduction by L1	7	366	18	2922	3.105	4.224e-03	1.750e-01	0	0
C-PEP.TAC1_CACNG5	Frs2-mediated Activation	5	366	10	2922	3.992	4.417e-03	1.750e-01	0	0
C-PEP.TAC1_CACNG5	Thromboxane Signalling Through TP Receptor	5	366	10	2922	3.992	4.417e-03	1.750e-01	0	0
C-PEP.TAC1_CACNG5	G Alpha (S) Signalling Events	13	366	48	2922	2.162	4.710e-03	1.750e-01	0	0
C-PEP.TAC1_CACNG5	Aquaporin-mediated Transport	8	366	23	2922	2.777	4.988e-03	1.750e-01	0	0
C-PEP.TAC1_CACNG5	PKR-mediated Signaling	12	366	43	2922	2.228	5.026e-03	1.750e-01	0	0
C-PEP.TAC1_CACNG5	MAPK3 (ERK1) Activation	4	366	7	2922	4.562	6.215e-03	1.750e-01	0	0
C-PEP.TAC1_CACNG5	Interferon Signaling	23	366	108	2922	1.700	6.234e-03	1.750e-01	0	0
C-PEP.TAC1_CACNG5	Factors Involved in Megakaryocyte Development and Platelet Production	14	366	55	2922	2.032	6.240e-03	1.750e-01	0	0
C-PEP.TAC1_CACNG5	Post NMDA Receptor Activation Events	14	366	55	2922	2.032	6.240e-03	1.750e-01	0	0
C-PEP.TAC1_CACNG5	G Alpha (I) Signalling Events	20	366	90	2922	1.774	6.417e-03	1.750e-01	0	0
C-PEP.TAC1_CACNG5	Interferon Gamma Signaling	11	366	39	2922	2.252	6.543e-03	1.750e-01	0	0
C-PEP.TAC1_CACNG5	RHOU GTPase Cycle	8	366	24	2922	2.661	6.683e-03	1.750e-01	0	0
C-PEP.TAC1_CACNG5	Acyl Chain Remodeling of CL	3	366	4	2922	5.988	7.077e-03	1.750e-01	0	0
C-PEP.TAC1_CACNG5	Interleukin-9 Signaling	3	366	4	2922	5.988	7.077e-03	1.750e-01	0	0
C-PEP.TAC1_CACNG5	Maturation of Spike Protein 9683686	3	366	4	2922	5.988	7.077e-03	1.750e-01	0	0
C-PEP.TAC1_CACNG5	TNFs Bind Their Physiological Receptors	3	366	4	2922	5.988	7.077e-03	1.750e-01	0	0
C-PEP.TAC1_CACNG5	ADP Signalling Through P2Y Purinoceptor 1	5	366	11	2922	3.629	7.276e-03	1.750e-01	0	0
C-PEP.TAC1_CACNG5	Endosomal Sorting Complex Required For Transport (ESCRT)	5	366	11	2922	3.629	7.276e-03	1.750e-01	0	0
C-PEP.TAC1_CACNG5	Maturation of Spike Protein 9694548	7	366	21	2922	2.661	1.105e-02	2.169e-01	0	0
C-PEP.TAC1_CACNG5	Interleukin-6 Family Signaling	5	366	12	2922	3.327	1.121e-02	2.169e-01	0	0
C-PEP.TAC1_CACNG5	Post-chaperonin Tubulin Folding Pathway	5	366	12	2922	3.327	1.121e-02	2.169e-01	0	0
C-PEP.TAC1_CACNG5	Sealing of the Nuclear Envelope (NE) by ESCRT-III	5	366	12	2922	3.327	1.121e-02	2.169e-01	0	0
C-PEP.TAC1_CACNG5	G Beta Gamma Signalling Through CDC42	4	366	8	2922	3.992	1.121e-02	2.169e-01	0	0
C-PEP.TAC1_CACNG5	Prostacyclin Signalling Through Prostacyclin Receptor	4	366	8	2922	3.992	1.121e-02	2.169e-01	0	0
C-PEP.TAC1_CACNG5	Regulation of NFE2L2 Gene Expression	4	366	8	2922	3.992	1.121e-02	2.169e-01	0	0
C-PEP.TAC1_CACNG5	G Alpha (12 13) Signalling Events	8	366	26	2922	2.456	1.133e-02	2.169e-01	0	0
C-PEP.TAC1_CACNG5	GPER1 Signaling	8	366	26	2922	2.456	1.133e-02	2.169e-01	0	0
C-PEP.TAC1_CHRNA3	Signal Transduction by L1	10	354	18	2922	4.586	1.076e-05	9.250e-03	1	0
C-PEP.TAC1_CHRNA3	Interleukin-21 Signaling	5	354	5	2922	8.254	2.546e-05	1.095e-02	1	0
C-PEP.TAC1_CHRNA3	Interleukin-9 Signaling	4	354	4	2922	8.254	2.122e-04	6.084e-02	0	0
C-PEP.TAC1_CHRNA3	RAB Geranylgeranylation	8	354	18	2922	3.669	6.247e-04	1.343e-01	0	0
C-PEP.TAC1_CHRNA3	Cytosolic tRNA Aminoacylation	5	354	8	2922	5.159	1.041e-03	1.551e-01	0	0
C-PEP.TAC1_CHRNA3	L1CAM Interactions	19	354	75	2922	2.091	1.082e-03	1.551e-01	0	0
C-PEP.TAC1_CHRNA3	Neutrophil Degranulation	34	354	173	2922	1.622	2.237e-03	2.496e-01	0	0
C-PEP.TAC1_CHRNA3	Interleukin-4 and Interleukin-13 Signaling	13	354	46	2922	2.333	2.322e-03	2.496e-01	0	0
C-Thermo.RXFP1	TGFBR3 Expression	11	377	15	2922	5.684	1.214e-07	1.136e-04	1	0
C-Thermo.RXFP1	Signaling by ALK	12	377	21	2922	4.429	1.775e-06	8.308e-04	1	0
C-Thermo.RXFP1	Regulation of MECP2 Expression and Activity	12	377	23	2922	4.044	6.393e-06	1.914e-03	1	0
C-Thermo.RXFP1	Signaling by TGFBR3	13	377	27	2922	3.732	8.180e-06	1.914e-03	0	0
C-Thermo.RXFP1	Transcriptional Regulation by MECP2	16	377	40	2922	3.100	1.424e-05	2.667e-03	0	0
C-Thermo.RXFP1	Glutamate Binding. Activation of AMPA Receptors and Synaptic Plasticity	12	377	26	2922	3.577	3.165e-05	4.232e-03	1	0
C-Thermo.RXFP1	Trafficking of AMPA Receptors	12	377	26	2922	3.577	3.165e-05	4.232e-03	0	0
C-Thermo.RXFP1	Protein-protein Interactions at Synapses	16	377	43	2922	2.884	4.148e-05	4.854e-03	1	0
C-Thermo.RXFP1	Regulation of RUNX1 Expression and Activity	8	377	13	2922	4.770	5.105e-05	5.309e-03	0	0
C-Thermo.RXFP1	Activation of Ca-permeable Kainate Receptor	6	377	8	2922	5.813	9.904e-05	6.906e-03	0	0
C-Thermo.RXFP1	Ionotropic Activity of Kainate Receptors	6	377	8	2922	5.813	9.904e-05	6.906e-03	0	0
C-Thermo.RXFP1	Small Interfering RNA (siRNA) Biogenesis	6	377	8	2922	5.813	9.904e-05	6.906e-03	0	0
C-Thermo.RXFP1	Gene Expression (Transcription)	81	377	431	2922	1.457	1.008e-04	6.906e-03	0	0
C-Thermo.RXFP1	RNA Polymerase II Transcription	73	377	379	2922	1.493	1.060e-04	6.906e-03	0	0
C-Thermo.RXFP1	Transcriptional Regulation by RUNX1	21	377	70	2922	2.325	1.107e-04	6.906e-03	0	0
C-Thermo.RXFP1	Generic Transcription Pathway	69	377	355	2922	1.506	1.272e-04	7.441e-03	0	0
C-Thermo.RXFP1	NR1H3 & NR1H2 Regulate Gene Expression Linked to Cholesterol Transport and Efflux	9	377	18	2922	3.875	1.502e-04	8.270e-03	0	0
C-Thermo.RXFP1	RUNX1 Regulates Genes Involved in Megakaryocyte Differentiation and Platelet Function	8	377	15	2922	4.134	2.014e-04	1.047e-02	0	0
C-Thermo.RXFP1	Intra-Golgi Traffic	10	377	23	2922	3.370	2.730e-04	1.345e-02	0	0
C-Thermo.RXFP1	Neurexins and Neuroligins	11	377	29	2922	2.940	5.614e-04	2.628e-02	0	0
C-Thermo.RXFP1	Regulation of MITF-M-dependent Genes Involved in Apoptosis	6	377	10	2922	4.650	5.905e-04	2.632e-02	0	0
C-Thermo.RXFP1	NR1H2 and NR1H3-mediated Signaling	9	377	21	2922	3.322	6.349e-04	2.698e-02	0	0
C-Thermo.RXFP1	Estrogen-dependent Gene Expression	15	377	48	2922	2.422	6.629e-04	2.698e-02	0	0
C-Thermo.RXFP1	PI5P. PP2A and IER3 Regulate PI3K AKT Signaling	15	377	49	2922	2.373	8.451e-04	3.296e-02	0	0
C-Thermo.RXFP1	Long-term Potentiation	8	377	18	2922	3.445	9.613e-04	3.599e-02	0	0
C-Thermo.RXFP1	Nitric Oxide Stimulates Guanylate Cyclase	4	377	5	2922	6.201	1.227e-03	3.959e-02	0	0
C-Thermo.RXFP1	Post-transcriptional Silencing by Small RNAs	4	377	5	2922	6.201	1.227e-03	3.959e-02	0	0
C-Thermo.RXFP1	Regulation of CDH11 mRNA Translation by microRNAs	4	377	5	2922	6.201	1.227e-03	3.959e-02	0	0
C-Thermo.RXFP1	Regulation of NPAS4 mRNA Translation	4	377	5	2922	6.201	1.227e-03	3.959e-02	0	0
C-Thermo.RXFP1	NCAM1 Interactions	7	377	15	2922	3.617	1.431e-03	4.465e-02	0	0
C-Thermo.RXFP1	Cargo Trafficking to the Periciliary Membrane	10	377	28	2922	2.768	1.720e-03	5.192e-02	0	0
C-Thermo.RXFP1	Formation of the Beta-Catenin TCF Transactivating Complex	6	377	12	2922	3.875	2.068e-03	5.254e-02	0	0
C-Thermo.RXFP1	Intracellular Signaling by Second Messengers	34	377	162	2922	1.627	2.073e-03	5.254e-02	0	0
C-Thermo.RXFP1	Activation of the TFAP2 (AP-2) Family of Transcription Factors	3	377	3	2922	7.751	2.133e-03	5.254e-02	0	0
C-Thermo.RXFP1	RUNX1 Regulates Estrogen Receptor Mediated Transcription	3	377	3	2922	7.751	2.133e-03	5.254e-02	0	0
C-Thermo.RXFP1	RUNX1 Regulates Transcription of Genes Involved in BCR Signaling	3	377	3	2922	7.751	2.133e-03	5.254e-02	0	0
C-Thermo.RXFP1	RUNX1 Regulates Transcription of Genes Involved in WNT Signaling	3	377	3	2922	7.751	2.133e-03	5.254e-02	0	0
C-Thermo.RXFP1	cGMP Effects	3	377	3	2922	7.751	2.133e-03	5.254e-02	0	0
C-Thermo.RXFP1	ESR-mediated Signaling	21	377	86	2922	1.893	2.269e-03	5.445e-02	0	0
C-Thermo.RXFP1	Neuronal System	40	377	201	2922	1.542	2.455e-03	5.745e-02	0	0
C-Thermo.RXFP1	Negative Regulation of the PI3K AKT Network	15	377	54	2922	2.153	2.517e-03	5.747e-02	0	0
C-Thermo.RXFP1	STAT3 Nuclear Events Downstream of ALK Signaling	5	377	9	2922	4.306	2.814e-03	6.272e-02	0	0
C-Thermo.RXFP1	RUNX2 Regulates Bone Development	8	377	21	2922	2.953	3.143e-03	6.554e-02	0	0
C-Thermo.RXFP1	Transcriptional Regulation by NPAS4	8	377	21	2922	2.953	3.143e-03	6.554e-02	0	0
C-Thermo.RXFP1	Activation of TRKA Receptors	4	377	6	2922	5.167	3.305e-03	6.554e-02	0	0
C-Thermo.RXFP1	Competing Endogenous RNAs (ceRNAs) Regulate PTEN Translation	4	377	6	2922	5.167	3.305e-03	6.554e-02	0	0
C-Thermo.RXFP1	MicroRNA (miRNA) Biogenesis	6	377	13	2922	3.577	3.427e-03	6.554e-02	0	0
C-Thermo.RXFP1	RUNX1 Interacts With Co-Factors Whose Precise Effect on RUNX1 Targets Is Not Known	7	377	17	2922	3.191	3.431e-03	6.554e-02	0	0
C-Thermo.RXFP1	Unblocking of NMDA Receptors. Glutamate Binding and Activation	7	377	17	2922	3.191	3.431e-03	6.554e-02	0	0
C-Thermo.RXFP1	Signaling by Receptor Tyrosine Kinases	51	377	279	2922	1.417	4.368e-03	8.177e-02	0	0
C-Thermo.RXFP1	Pre-NOTCH Transcription and Translation	7	377	18	2922	3.014	5.003e-03	9.069e-02	0	0
C-Thermo.RXFP1	Signaling by NTRK3 (TRKC)	5	377	10	2922	3.875	5.038e-03	9.069e-02	0	0
C-Thermo.RXFP1	Signaling by Nuclear Receptors	25	377	116	2922	1.670	5.561e-03	9.820e-02	0	0
C-Thermo.RXFP1	Transmission Across Chemical Synapses	31	377	153	2922	1.570	5.670e-03	9.827e-02	0	0
C-Thermo.RXFP1	MITF-M-dependent Gene Expression	12	377	43	2922	2.163	6.403e-03	1.090e-01	0	0
C-Thermo.RXFP1	Regulation of PTEN mRNA Translation	4	377	7	2922	4.429	6.931e-03	1.139e-01	0	0
C-Thermo.RXFP1	NOD1 2 Signaling Pathway	7	377	19	2922	2.856	7.060e-03	1.139e-01	0	0
C-Thermo.RXFP1	Transcriptional Regulation by VENTX	7	377	19	2922	2.856	7.060e-03	1.139e-01	0	0
C-Thermo.RXFP1	Activated NTRK3 Signals Through PI3K	3	377	4	2922	5.813	7.712e-03	1.203e-01	0	0
C-Thermo.RXFP1	ROBO Receptors Bind AKAP5	3	377	4	2922	5.813	7.712e-03	1.203e-01	0	0
C-Thermo.RXFP1	TAK1-dependent IKK and NF-kappa-B Activation	8	377	24	2922	2.584	8.005e-03	1.228e-01	0	0
C-Thermo.RXFP1	MITF-M-regulated Melanocyte Development	15	377	61	2922	1.906	8.743e-03	1.320e-01	0	0
C-Thermo.RXFP1	NGF-stimulated Transcription	7	377	20	2922	2.713	9.683e-03	1.439e-01	0	0
C-Thermo.RXFP1	PIP3 Activates AKT Signaling	27	377	134	2922	1.562	1.033e-02	1.509e-01	0	0
C-Thermo.RXFP1	Pre-NOTCH Expression and Processing	8	377	25	2922	2.480	1.048e-02	1.509e-01	0	0
C-Thermo.RXFP1	Activation of Kainate Receptors Upon Glutamate Binding	6	377	16	2922	2.906	1.139e-02	1.616e-01	0	0
C-Thermo.RXFP1	Regulation of NPAS4 Gene Expression	4	377	8	2922	3.875	1.246e-02	1.687e-01	0	0
C-Thermo.RXFP1	CD209 (DC-SIGN) Signaling	5	377	12	2922	3.229	1.270e-02	1.687e-01	0	0
C-Thermo.RXFP1	Interleukin Receptor SHC Signaling	5	377	12	2922	3.229	1.270e-02	1.687e-01	0	0
C-Thermo.RXFP1	TRAF6 Mediated IRF7 Activation	5	377	12	2922	3.229	1.270e-02	1.687e-01	0	0
C-Thermo.RXFP1	Cilium Assembly	18	377	81	2922	1.722	1.280e-02	1.687e-01	0	0
C-Thermo.RXFP1	Signaling by NTRK1 (TRKA)	17	377	76	2922	1.734	1.439e-02	1.870e-01	0	0
C-Thermo.RXFP1	RUNX2 Regulates Osteoblast Differentiation	6	377	17	2922	2.736	1.574e-02	1.991e-01	0	0
C-Thermo.RXFP1	TRAF6 Mediated NF-kB Activation	6	377	17	2922	2.736	1.574e-02	1.991e-01	0	0
C-Thermo.RXFP1	Constitutive Signaling by Aberrant PI3K in Cancer	9	377	32	2922	2.180	1.654e-02	2.065e-01	0	0
C-Thermo.RXFP1	NGF-independant TRKA Activation	3	377	5	2922	4.650	1.744e-02	2.066e-01	0	0
C-Thermo.RXFP1	NrCAM Interactions	3	377	5	2922	4.650	1.744e-02	2.066e-01	0	0
C-Thermo.RXFP1	RUNX3 Regulates p14-ARF	3	377	5	2922	4.650	1.744e-02	2.066e-01	0	0
C-Thermo.RXFP1	p75NTR Negatively Regulates Cell Cycle via SC1	3	377	5	2922	4.650	1.744e-02	2.066e-01	0	0
C-Thermo.RXFP1	Synaptic Adhesion-Like Molecules	5	377	13	2922	2.981	1.850e-02	2.165e-01	0	0
C-Thermo.RXFP1	TRAF6 Mediated IRF7 Activation in TLR7 8 or 9 Signaling	4	377	9	2922	3.445	2.018e-02	2.212e-01	0	0
C-Thermo.RXFP1	Nucleotide-binding Domain. Leucine Rich Repeat Containing Receptor (NLR) Signaling Pathways	9	377	33	2922	2.114	2.024e-02	2.212e-01	0	0
C-Thermo.RXFP1	Signaling by PDGF	9	377	33	2922	2.114	2.024e-02	2.212e-01	0	0
C-Thermo.RXFP1	DDX58 IFIH1-mediated Induction of Interferon-Alpha Beta	11	377	44	2922	1.938	2.066e-02	2.212e-01	0	0
C-Thermo.RXFP1	Signaling by NTRKs	18	377	85	2922	1.641	2.074e-02	2.212e-01	0	0
C-Thermo.RXFP1	Phase 0 - Rapid Depolarisation	6	377	18	2922	2.584	2.110e-02	2.212e-01	0	0
C-Thermo.RXFP1	SMAD2 SMAD3 SMAD4 Heterotrimer Regulates Transcription	6	377	18	2922	2.584	2.110e-02	2.212e-01	0	0
C-Thermo.RXFP1	Signaling by NTRK2 (TRKB)	6	377	18	2922	2.584	2.110e-02	2.212e-01	0	0
C-Thermo.RXFP1	Ca2+ Pathway	8	377	28	2922	2.214	2.128e-02	2.212e-01	0	0
C-Thermo.RXFP1	Nuclear Receptor Transcription Pathway	7	377	23	2922	2.359	2.174e-02	2.212e-01	0	0
C-Thermo.RXFP1	RET Signaling	7	377	23	2922	2.359	2.174e-02	2.212e-01	0	0
C-Thermo.RXFP1	SARS-CoV-1 Activates Modulates Innate Immune Responses	7	377	23	2922	2.359	2.174e-02	2.212e-01	0	0
C-Thermo.RXFP1	Signaling by ERBB4	10	377	39	2922	1.987	2.260e-02	2.275e-01	0	0
C-Thermo.RXFP1	Neurotransmitter Receptors and Postsynaptic Signal Transmission	23	377	118	2922	1.511	2.509e-02	2.490e-01	0	0
C-Thermo.RXFP1	BBSome-mediated Cargo-Targeting to Cilium	5	377	14	2922	2.768	2.580e-02	2.490e-01	0	0
C-Thermo.RXFP1	Ras Activation Upon Ca2+ Influx Through NMDA Receptor	5	377	14	2922	2.768	2.580e-02	2.490e-01	0	0
C-Thermo.RXFP1	TP53 Regulates Transcription of Cell Death Genes	5	377	14	2922	2.768	2.580e-02	2.490e-01	0	0
C-Thermo.TRPM8	Activation of Gene Expression by SREBF (SREBP)	11	355	18	2922	5.030	1.059e-06	5.036e-04	1	0
C-Thermo.TRPM8	Regulation of Cholesterol Biosynthesis by SREBP (SREBF)	12	355	22	2922	4.490	1.796e-06	5.036e-04	0	0
C-Thermo.TRPM8	Regulation of Lipid Metabolism by PPARalpha	16	355	37	2922	3.559	1.872e-06	5.036e-04	1	0
C-Thermo.TRPM8	Metabolism of Steroids	16	355	38	2922	3.466	2.880e-06	5.811e-04	1	0
C-Thermo.TRPM8	Circadian Clock	16	355	39	2922	3.377	4.350e-06	7.020e-04	1	0
C-Thermo.TRPM8	SUMO E3 Ligases SUMOylate Target Proteins	24	355	77	2922	2.566	6.069e-06	8.021e-04	1	0
C-Thermo.TRPM8	PPARA Activates Gene Expression	15	355	36	2922	3.430	6.957e-06	8.021e-04	0	0
C-Thermo.TRPM8	SUMOylation	24	355	79	2922	2.501	9.973e-06	9.183e-04	0	0
C-Thermo.TRPM8	Heme Signaling	12	355	25	2922	3.951	1.024e-05	9.183e-04	0	0
C-Thermo.TRPM8	RORA Activates Gene Expression	6	355	9	2922	5.487	1.882e-04	1.443e-02	0	0
C-Thermo.TRPM8	Class C 3 (Metabotropic Glutamate Pheromone Receptors)	4	355	4	2922	8.231	2.146e-04	1.443e-02	0	0
C-Thermo.TRPM8	NFE2L2 Regulating Inflammation Associated Genes	4	355	4	2922	8.231	2.146e-04	1.443e-02	0	0
C-Thermo.TRPM8	Epigenetic Regulation of Adipogenesis Genes by MLL3 and MLL4 Complexes	10	355	25	2922	3.292	3.740e-04	2.012e-02	0	0
C-Thermo.TRPM8	Epigenetic Regulation of Gene Expression by MLL3 and MLL4 Complexes	10	355	25	2922	3.292	3.740e-04	2.012e-02	0	0
C-Thermo.TRPM8	MLL4 and MLL3 Complexes Regulate Expression of PPARG Targets in Adipogenesis and Hepatic Steatosis	10	355	25	2922	3.292	3.740e-04	2.012e-02	0	0
C-Thermo.TRPM8	NR1H2 and NR1H3-mediated Signaling	9	355	21	2922	3.528	4.021e-04	2.028e-02	0	0
C-Thermo.TRPM8	Epigenetic Regulation by WDR5-containing Histone Modifying Complexes	11	355	30	2922	3.018	4.648e-04	2.206e-02	0	0
C-Thermo.TRPM8	NR1H3 & NR1H2 Regulate Gene Expression Linked to Cholesterol Transport and Efflux	8	355	18	2922	3.658	6.370e-04	2.791e-02	0	0
C-Thermo.TRPM8	Adipogenesis	13	355	41	2922	2.610	7.288e-04	2.791e-02	0	0
C-Thermo.TRPM8	BMAL1 CLOCK.NPAS2 Activates Circadian Gene Expression	6	355	11	2922	4.490	8.351e-04	2.791e-02	0	0
C-Thermo.TRPM8	Metabolism of Lipids	41	355	209	2922	1.615	8.684e-04	2.791e-02	0	0
C-Thermo.TRPM8	Cohesin Loading Onto Chromatin	4	355	5	2922	6.585	9.699e-04	2.791e-02	0	0
C-Thermo.TRPM8	Establishment of Sister Chromatid Cohesion	4	355	5	2922	6.585	9.699e-04	2.791e-02	0	0
C-Thermo.TRPM8	Mitotic Telophase Cytokinesis	4	355	5	2922	6.585	9.699e-04	2.791e-02	0	0
C-Thermo.TRPM8	NFE2L2 Regulating ER-stress Associated Genes	4	355	5	2922	6.585	9.699e-04	2.791e-02	0	0
C-Thermo.TRPM8	NFE2L2 Regulating MDR Associated Enzymes	4	355	5	2922	6.585	9.699e-04	2.791e-02	0	0
C-Thermo.TRPM8	Nitric Oxide Stimulates Guanylate Cyclase	4	355	5	2922	6.585	9.699e-04	2.791e-02	0	0
C-Thermo.TRPM8	TGFBR3 Expression	7	355	15	2922	3.841	9.923e-04	2.791e-02	0	0
C-Thermo.TRPM8	FOXO-mediated Transcription of Cell Death Genes	5	355	8	2922	5.144	1.055e-03	2.791e-02	0	0
C-Thermo.TRPM8	NFE2L2 Regulating Tumorigenic Genes	5	355	8	2922	5.144	1.055e-03	2.791e-02	0	0
C-Thermo.TRPM8	Transcriptional Regulation of White Adipocyte Differentiation	10	355	28	2922	2.940	1.072e-03	2.791e-02	0	0
C-Thermo.TRPM8	Cytoprotection by HMOX1	11	355	33	2922	2.744	1.173e-03	2.959e-02	0	0
C-Thermo.TRPM8	SUMOylation of DNA Damage Response and Repair Proteins	10	355	29	2922	2.838	1.463e-03	3.577e-02	0	0
C-Thermo.TRPM8	Activation of the TFAP2 (AP-2) Family of Transcription Factors	3	355	3	2922	8.231	1.780e-03	4.225e-02	0	0
C-Thermo.TRPM8	Transcriptional Regulation by MECP2	12	355	40	2922	2.469	1.994e-03	4.598e-02	0	0
C-Thermo.TRPM8	STAT3 Nuclear Events Downstream of ALK Signaling	5	355	9	2922	4.573	2.139e-03	4.794e-02	0	0
C-Thermo.TRPM8	SLC Transporter Disorders	7	355	17	2922	3.389	2.413e-03	5.264e-02	0	0
C-Thermo.TRPM8	Gene Expression (Transcription)	70	355	431	2922	1.337	3.941e-03	8.369e-02	0	0
C-Thermo.TRPM8	Regulation of MECP2 Expression and Activity	8	355	23	2922	2.863	4.119e-03	8.523e-02	0	0
C-Thermo.TRPM8	Epigenetic Regulation of Gene Expression	17	355	73	2922	1.917	5.237e-03	1.057e-01	0	0
C-Thermo.TRPM8	Cytochrome P450 - Arranged by Substrate Type	4	355	7	2922	4.703	5.553e-03	1.093e-01	0	0
C-Thermo.TRPM8	Maternal to Zygotic Transition (MZT)	6	355	15	2922	3.292	5.907e-03	1.135e-01	0	0
C-Thermo.TRPM8	PERK Regulates Gene Expression	5	355	11	2922	3.741	6.371e-03	1.196e-01	0	0
C-Thermo.TRPM8	FOXO-mediated Transcription	9	355	30	2922	2.469	7.210e-03	1.281e-01	0	0
C-Thermo.TRPM8	Transport of Inorganic Cations Anions and Amino Acids Oligopeptides	9	355	30	2922	2.469	7.210e-03	1.281e-01	0	0
C-Thermo.TRPM8	Reproduction	8	355	25	2922	2.634	7.302e-03	1.281e-01	0	0
C-Thermo.TRPM8	Signaling by ALK	7	355	21	2922	2.744	9.370e-03	1.475e-01	0	0
C-Thermo.TRPM8	Metabolism of Non-Coding RNA	5	355	12	2922	3.430	9.850e-03	1.475e-01	0	0
C-Thermo.TRPM8	NFE2L2 Regulating Anti-Oxidant Detoxification Enzymes	5	355	12	2922	3.430	9.850e-03	1.475e-01	0	0
C-Thermo.TRPM8	snRNP Assembly	5	355	12	2922	3.430	9.850e-03	1.475e-01	0	0
C-Thermo.TRPM8	ATF4 Activates Genes in Response to Endoplasmic Reticulum Stress	4	355	8	2922	4.115	1.005e-02	1.475e-01	0	0
C-Thermo.TRPM8	M-decay Degradation of Maternal mRNAs by Maternally Stored Factors	4	355	8	2922	4.115	1.005e-02	1.475e-01	0	0
C-Thermo.TRPM8	NOTCH4 Intracellular Domain Regulates Transcription	4	355	8	2922	4.115	1.005e-02	1.475e-01	0	0
C-Thermo.TRPM8	Regulation of NFE2L2 Gene Expression	4	355	8	2922	4.115	1.005e-02	1.475e-01	0	0
C-Thermo.TRPM8	Small Interfering RNA (siRNA) Biogenesis	4	355	8	2922	4.115	1.005e-02	1.475e-01	0	0
C-Thermo.TRPM8	SUMOylation of Ubiquitinylation Proteins	6	355	17	2922	2.905	1.182e-02	1.688e-01	0	0
C-Thermo.TRPM8	Signaling by TGFBR3	8	355	27	2922	2.439	1.205e-02	1.688e-01	0	0
C-Thermo.TRPM8	Meiosis	7	355	22	2922	2.619	1.234e-02	1.688e-01	0	0
C-Thermo.TRPM8	Synthesis of PIPs at the Plasma Membrane	7	355	22	2922	2.619	1.234e-02	1.688e-01	0	0
C-Thermo.TRPM8	Loss of MECP2 Binding Ability to the NCoR SMRT Complex	3	355	5	2922	4.939	1.473e-02	1.887e-01	0	0
C-Thermo.TRPM8	NFE2L2 Regulates Pentose Phosphate Pathway Genes	3	355	5	2922	4.939	1.473e-02	1.887e-01	0	0
C-Thermo.TRPM8	Regulation of Gene Expression by Hypoxia-inducible Factor	3	355	5	2922	4.939	1.473e-02	1.887e-01	0	0
C-Thermo.TRPM8	Regulation of HMOX1 Expression and Activity	3	355	5	2922	4.939	1.473e-02	1.887e-01	0	0
C-Thermo.TRPM8	Gene Silencing by RNA	8	355	28	2922	2.352	1.514e-02	1.889e-01	0	0
C-Thermo.TRPM8	SUMOylation of Transcription Cofactors	7	355	23	2922	2.505	1.594e-02	1.889e-01	0	0
C-Thermo.TRPM8	Pre-NOTCH Transcription and Translation	6	355	18	2922	2.744	1.596e-02	1.889e-01	0	0
C-Thermo.TRPM8	Transcriptional Regulation of Brown and Beige Adipocyte Differentiation	6	355	18	2922	2.744	1.596e-02	1.889e-01	0	0
C-Thermo.TRPM8	Transcriptional Regulation of Brown and Beige Adipocyte Differentiation by EBF2	6	355	18	2922	2.744	1.596e-02	1.889e-01	0	0
C-Thermo.TRPM8	Aberrant Regulation of Mitotic Exit in Cancer Due to RB1 Defects	4	355	9	2922	3.658	1.638e-02	1.889e-01	0	0
C-Thermo.TRPM8	Cholesterol Biosynthesis	4	355	9	2922	3.658	1.638e-02	1.889e-01	0	0
C-Thermo.TRPM8	NOD1 2 Signaling Pathway	6	355	19	2922	2.599	2.100e-02	2.387e-01	0	0
